Local Date/Time,Remote Date/Time,Unix time,Unix milliseconds,Uptime (s),Counter,Time integer seconds (s),Time nanoseconds (ns),MAG0 calibrated vector X component (uT),MAG0 calibrated vector Y component (uT),MAG0 calibrated vector Z component (uT),MAG1 calibrated vector X component (uT),MAG1 calibrated vector Y component (uT),MAG1 calibrated vector Z component (uT),MAG0 valid flag,MAG1 valid flag,MAG0 best for estimators flag,MAG1 best for estimators flag,Time integer seconds (s),Time nanoseconds (ns),MAG0 raw vector X component (uT),MAG0 raw vector Y component (uT),MAG0 raw vector Z component (uT),MAG1 raw vector X component (uT),MAG1 raw vector Y component (uT),MAG1 raw vector Z component (uT),MAG0 valid flag,MAG1 valid flag,Time integer seconds (s),Time nanoseconds (ns),CSS0 raw measurement,CSS1 raw measurement,CSS2 raw measurement,CSS3 raw measurement,CSS4 raw measurement,CSS5 raw measurement,CSS6 raw measurement,CSS7 raw measurement,CSS8 raw measurement,CSS9 raw measurement,CSS valid flag,Time integer seconds (s),Time nanoseconds (ns),Estimated ORC quaternion Q0,Estimated ORC quaternion Q1,Estimated ORC quaternion Q2,Estimated ORC quaternion Q3,Estimated body rate (ORC) X component (degps),Estimated body rate (ORC) Y component (degps),Estimated body rate (ORC) Z component (degps),
2026/5/4 下午 03:35:46.079,2026/4/22 上午 04:24:32.851,1776831872,851,419035540,2353913,1776831872,800000000,-37.410000000000004,-20.48,3.33,0,0,0,True,False,True,False,1776831872,800000000,20.48,-37.410000000000004,3.33,0,0,0,True,False,1776831872,800000000,3,3,8,3,15,3,3,3,8,126,True,1776831872,800000000,-0.39967465,0.5240666,0.007104322,0.74172044,-0.023350606,0.03682717,-0.008716372,
2026/5/4 下午 03:35:46.079,2026/4/22 上午 04:24:42.851,1776831882,851,419045540,2353923,1776831882,800000000,-37.42,-20.39,3.0300000000000002,0,0,0,True,False,True,False,1776831882,800000000,20.39,-37.42,3.0300000000000002,0,0,0,True,False,1776831882,800000000,4,4,8,3,15,3,3,3,8,126,True,1776831882,800000000,-0.40191054,0.5263671,0.007025527,0.7388788,-0.02212238,0.031583678,0.0036127833,
2026/5/4 下午 03:35:46.079,2026/4/22 上午 04:24:52.852,1776831892,852,419055541,2353933,1776831892,800000000,-37.38,-20.19,2.65,0,0,0,True,False,True,False,1776831892,800000000,20.19,-37.38,2.65,0,0,0,True,False,1776831892,800000000,4,4,8,3,14,3,3,3,9,126,True,1776831892,800000000,-0.4035278,0.528829,0.0067032385,0.7362362,-0.015591598,0.038892463,-0.0015626058,
2026/5/4 下午 03:35:46.079,2026/4/22 上午 04:25:02.851,1776831902,851,419065540,2353943,1776831902,800000000,-37.45,-20.02,2.13,0,0,0,True,False,True,False,1776831902,800000000,20.02,-37.45,2.13,0,0,0,True,False,1776831902,800000000,4,4,8,3,14,3,3,4,9,126,True,1776831902,800000000,-0.4050257,0.5313099,0.00632387,0.7336261,-0.016387897,0.046179708,0.00820844,
2026/5/4 下午 03:35:46.079,2026/4/22 上午 04:25:12.851,1776831912,851,419075540,2353953,1776831912,800000000,-37.49,-19.71,1.6600000000000001,0,0,0,True,False,True,False,1776831912,800000000,19.71,-37.49,1.6600000000000001,0,0,0,True,False,1776831912,800000000,3,3,8,3,13,3,3,3,8,126,True,1776831912,800000000,-0.4064892,0.53382856,0.0060345023,0.73098576,-0.022033129,0.043463066,-0.0019583732,
2026/5/4 下午 03:35:46.079,2026/4/22 上午 04:25:22.852,1776831922,852,419085542,2353963,1776831922,800000000,-37.54,-19.400000000000002,1.1,0,0,0,True,False,True,False,1776831922,800000000,19.400000000000002,-37.54,1.1,0,0,0,True,False,1776831922,800000000,3,3,8,3,13,3,3,3,8,125,True,1776831922,800000000,-0.40761715,0.53638726,0.0057984632,0.728483,-0.017560134,0.04330917,0.0030032054,
2026/5/4 下午 03:35:46.079,2026/4/22 上午 04:25:32.852,1776831932,852,419095541,2353973,1776831932,800000000,-37.53,-19.16,0.5,0,0,0,True,False,True,False,1776831932,800000000,19.16,-37.53,0.5,0,0,0,True,False,1776831932,800000000,4,4,8,3,13,3,3,3,9,125,True,1776831932,800000000,-0.4091348,0.539038,0.005815368,0.72566956,-0.020532502,0.038119134,0.0005314007,
2026/5/4 下午 03:35:46.079,2026/4/22 上午 04:25:42.852,1776831942,852,419105542,2353983,1776831942,800000000,-37.52,-18.87,-0.09,0,0,0,True,False,True,False,1776831942,800000000,18.87,-37.52,-0.09,0,0,0,True,False,1776831942,800000000,3,3,8,3,12,3,3,3,8,125,True,1776831942,800000000,-0.41067964,0.54170054,0.0056792274,0.72280985,-0.015968211,0.03547139,0.000577848,
2026/5/4 下午 03:35:46.079,2026/4/22 上午 04:25:52.852,1776831952,852,419115541,2353993,1776831952,800000000,-37.550000000000004,-18.7,-0.52,0,0,0,True,False,True,False,1776831952,800000000,18.7,-37.550000000000004,-0.52,0,0,0,True,False,1776831952,800000000,3,3,8,3,12,3,3,3,8,124,True,1776831952,800000000,-0.4121534,0.54429984,0.0055630025,0.72001266,-0.021337993,0.03536044,-0.004382807,
2026/5/4 下午 03:35:46.079,2026/4/22 上午 04:26:02.851,1776831962,851,419125541,2354003,1776831962,800000000,-37.46,-18.48,-1.16,0,0,0,True,False,True,False,1776831962,800000000,18.48,-37.46,-1.16,0,0,0,True,False,1776831962,800000000,3,3,8,3,11,3,3,3,9,124,True,1776831962,800000000,-0.41374308,0.5468447,0.005437706,0.717167,-0.016682032,0.037738364,0.003172256,
2026/5/4 下午 03:35:46.079,2026/4/22 上午 04:26:12.851,1776831972,851,419135541,2354013,1776831972,800000000,-37.46,-18.17,-1.51,0,0,0,True,False,True,False,1776831972,800000000,18.17,-37.46,-1.51,0,0,0,True,False,1776831972,800000000,3,3,8,3,11,3,3,3,9,124,True,1776831972,800000000,-0.41519707,0.5493003,0.0053228606,0.71444637,-0.014471203,0.035086486,-0.0042707357,
2026/5/4 下午 03:35:46.079,2026/4/22 上午 04:26:22.852,1776831982,852,419145542,2354023,1776831982,800000000,-37.47,-17.990000000000002,-1.93,0,0,0,True,False,True,False,1776831982,800000000,17.990000000000002,-37.47,-1.93,0,0,0,True,False,1776831982,800000000,3,3,8,3,11,3,3,3,9,124,True,1776831982,800000000,-0.41673735,0.5517409,0.005168652,0.711665,-0.022219893,0.03495961,-0.009208953,
2026/5/4 下午 03:35:46.079,2026/4/22 上午 04:26:32.852,1776831992,852,419155542,2354033,1776831992,800000000,-37.36,-17.75,-2.5,0,0,0,True,False,True,False,1776831992,800000000,17.75,-37.36,-2.5,0,0,0,True,False,1776831992,800000000,3,3,8,3,11,3,3,3,9,123,True,1776831992,800000000,-0.41842934,0.5541379,0.005075238,0.70880467,-0.02747826,0.03978873,-0.009140564,
2026/5/4 下午 03:35:46.079,2026/4/22 上午 04:26:42.851,1776832002,851,419165541,2354043,1776832002,800000000,-37.32,-17.47,-2.9,0,0,0,True,False,True,False,1776832002,800000000,17.47,-37.32,-2.9,0,0,0,True,False,1776832002,800000000,3,3,7,3,11,3,3,3,9,123,True,1776832002,800000000,-0.420144,0.5565598,0.00502998,0.7058875,-0.022745801,0.032112557,-0.004073374,
2026/5/4 下午 03:35:46.079,2026/4/22 上午 04:26:52.852,1776832012,852,419175542,2354053,1776832012,800000000,-37.300000000000004,-17.29,-3.41,0,0,0,True,False,True,False,1776832012,800000000,17.29,-37.300000000000004,-3.41,0,0,0,True,False,1776832012,800000000,3,3,8,3,10,3,3,3,9,123,True,1776832012,800000000,-0.4219644,0.55890846,0.004962199,0.70294124,-0.02802664,0.039418794,-0.0065065087,
2026/5/4 下午 03:35:46.079,2026/4/22 上午 04:27:02.852,1776832022,852,419185542,2354063,1776832022,800000000,-37.13,-17.01,-3.96,0,0,0,True,False,True,False,1776832022,800000000,17.01,-37.13,-3.96,0,0,0,True,False,1776832022,800000000,3,3,8,3,10,3,3,3,9,122,True,1776832022,800000000,-0.42372754,0.5612135,0.0049395333,0.7000399,-0.018306253,0.036719937,-0.0039492003,
2026/5/4 下午 03:35:46.079,2026/4/22 上午 04:27:12.852,1776832032,852,419195542,2354073,1776832032,800000000,-37.07,-16.740000000000002,-4.36,0,0,0,True,False,True,False,1776832032,800000000,16.740000000000002,-37.07,-4.36,0,0,0,True,False,1776832032,800000000,3,3,8,3,10,3,3,3,9,122,True,1776832032,800000000,-0.4255949,0.56346554,0.004973349,0.6970937,-0.031100733,0.03150009,-0.00139617,
2026/5/4 下午 03:35:46.079,2026/4/22 上午 04:27:22.852,1776832042,852,419205542,2354083,1776832042,800000000,-37.11,-16.59,-4.88,0,0,0,True,False,True,False,1776832042,800000000,16.59,-37.11,-4.88,0,0,0,True,False,1776832042,800000000,3,3,8,3,10,3,3,3,9,122,True,1776832042,800000000,-0.42753237,0.56573594,0.0048515396,0.69406617,-0.023910305,0.048771784,-0.0013832934,
2026/5/4 下午 03:35:46.079,2026/4/22 上午 04:27:32.852,1776832052,852,419215542,2354093,1776832052,800000000,-36.84,-16.4,-5.23,0,0,0,True,False,True,False,1776832052,800000000,16.4,-36.84,-5.23,0,0,0,True,False,1776832052,800000000,3,3,8,3,10,3,3,3,9,122,True,1776832052,800000000,-0.42933074,0.56797045,0.004751886,0.6911268,-0.024207361,0.036053296,-0.0038712332,
2026/5/4 下午 03:35:46.079,2026/4/22 上午 04:27:42.852,1776832062,852,419225542,2354103,1776832062,800000000,-36.75,-16.12,-5.73,0,0,0,True,False,True,False,1776832062,800000000,16.12,-36.75,-5.73,0,0,0,True,False,1776832062,800000000,3,3,8,3,9,3,3,3,9,121,True,1776832062,800000000,-0.43127015,0.5701092,0.0047287033,0.68815184,-0.037006043,0.043290105,-0.006377049,
2026/5/4 下午 03:35:46.079,2026/4/22 上午 04:27:52.852,1776832072,852,419235543,2354113,1776832072,800000000,-36.6,-15.84,-6.13,0,0,0,True,False,True,False,1776832072,800000000,15.84,-36.6,-6.13,0,0,0,True,False,1776832072,800000000,3,3,8,3,9,3,3,3,9,121,True,1776832072,800000000,-0.43323243,0.5723261,0.004683913,0.68507296,-0.027326643,0.038036067,-0.006386494,
2026/5/4 下午 03:35:46.079,2026/4/22 上午 04:28:02.852,1776832082,852,419245542,2354123,1776832082,800000000,-36.550000000000004,-15.58,-6.640000000000001,0,0,0,True,False,True,False,1776832082,800000000,15.58,-36.550000000000004,-6.640000000000001,0,0,0,True,False,1776832082,800000000,4,4,8,3,9,3,3,3,9,121,True,1776832082,800000000,-0.4352129,0.5744685,0.0047479426,0.6820175,-0.02513684,0.035263374,-0.0038633824,
2026/5/4 下午 03:35:46.079,2026/4/22 上午 04:28:12.851,1776832092,851,419255542,2354133,1776832092,800000000,-36.56,-15.200000000000001,-7.23,0,0,0,True,False,True,False,1776832092,800000000,15.200000000000001,-36.56,-7.23,0,0,0,True,False,1776832092,800000000,3,3,8,3,9,3,3,3,9,120,True,1776832092,800000000,-0.43705752,0.5766704,0.0048251017,0.6789729,-0.022934312,0.040003195,-0.0038238321,
2026/5/4 下午 03:35:46.079,2026/4/22 上午 04:28:22.851,1776832102,851,419265542,2354143,1776832102,800000000,-36.42,-14.88,-7.71,0,0,0,True,False,True,False,1776832102,800000000,14.88,-36.42,-7.71,0,0,0,True,False,1776832102,800000000,3,3,7,3,9,3,3,3,9,120,True,1776832102,800000000,-0.4390233,0.5787617,0.0047621774,0.6759192,-0.03073765,0.042222526,-0.006297801,
2026/5/4 下午 03:35:46.079,2026/4/22 上午 04:28:32.852,1776832112,852,419275542,2354153,1776832112,800000000,-36.28,-14.6,-8.23,0,0,0,True,False,True,False,1776832112,800000000,14.6,-36.28,-8.23,0,0,0,True,False,1776832112,800000000,4,4,7,3,9,4,3,3,10,120,True,1776832112,800000000,-0.44089976,0.5808393,0.0048909266,0.6729088,-0.026015647,0.041948676,-0.0037258582,
2026/5/4 下午 03:35:46.079,2026/4/22 上午 04:28:42.851,1776832122,851,419285542,2354163,1776832122,800000000,-36.08,-14.31,-8.71,0,0,0,True,False,True,False,1776832122,800000000,14.31,-36.08,-8.71,0,0,0,True,False,1776832122,800000000,3,3,7,3,9,3,3,3,9,119,True,1776832122,800000000,-0.44295648,0.5828595,0.0047736065,0.66980547,-0.028827006,0.039154906,-0.0036918907,
2026/5/4 下午 03:35:46.079,2026/4/22 上午 04:28:52.851,1776832132,851,419295542,2354173,1776832132,800000000,-35.97,-13.98,-9.08,0,0,0,True,False,True,False,1776832132,800000000,13.98,-35.97,-9.08,0,0,0,True,False,1776832132,800000000,4,4,8,3,9,4,3,3,10,119,True,1776832132,800000000,-0.44507158,0.58489645,0.004822242,0.66661996,-0.031639386,0.041359775,-0.0036376994,
2026/5/4 下午 03:35:46.079,2026/4/22 上午 04:29:02.852,1776832142,852,419305542,2354183,1776832142,800000000,-35.75,-13.77,-9.47,0,0,0,True,False,True,False,1776832142,800000000,13.77,-35.75,-9.47,0,0,0,True,False,1776832142,800000000,3,3,8,3,8,3,3,3,9,119,True,1776832142,800000000,-0.4471178,0.5868271,0.0048005665,0.6635475,-0.026946066,0.038568124,-0.008591798,
2026/5/4 下午 03:35:46.079,2026/4/22 上午 04:29:12.852,1776832152,852,419315543,2354193,1776832152,800000000,-35.550000000000004,-13.44,-9.86,0,0,0,True,False,True,False,1776832152,800000000,13.44,-35.550000000000004,-9.86,0,0,0,True,False,1776832152,800000000,3,3,8,3,8,3,3,3,10,119,True,1776832152,800000000,-0.44918874,0.58880275,0.0048386846,0.66039157,-0.032252252,0.030767294,0.0039575743,
2026/5/4 下午 03:35:46.079,2026/4/22 上午 04:29:22.853,1776832162,853,419325543,2354203,1776832162,800000000,-35.38,-13.14,-10.31,0,0,0,True,False,True,False,1776832162,800000000,13.14,-35.38,-10.31,0,0,0,True,False,1776832162,800000000,3,3,8,3,8,3,3,3,9,118,True,1776832162,800000000,-0.451305,0.59065044,0.0048136376,0.6572934,-0.03755824,0.037949048,-0.0034887292,
2026/5/4 下午 03:35:46.079,2026/4/22 上午 04:29:32.852,1776832172,852,419335542,2354213,1776832172,800000000,-35.230000000000004,-12.83,-10.8,0,0,0,True,False,True,False,1776832172,800000000,12.83,-35.230000000000004,-10.8,0,0,0,True,False,1776832172,800000000,4,4,8,3,9,3,3,3,10,118,True,1776832172,800000000,-0.45351723,0.5925267,0.004826427,0.6540749,-0.030375555,0.037633203,-0.008423521,
2026/5/4 下午 03:35:46.079,2026/4/22 上午 04:29:42.852,1776832182,852,419345542,2354223,1776832182,800000000,-35.11,-12.49,-11.28,0,0,0,True,False,True,False,1776832182,800000000,12.49,-35.11,-11.28,0,0,0,True,False,1776832182,800000000,3,3,8,3,8,3,3,3,10,118,True,1776832182,800000000,-0.4556905,0.59432,0.004855561,0.650929,-0.033190254,0.032316484,0.00413673,
2026/5/4 下午 03:35:46.079,2026/4/22 上午 04:29:52.851,1776832192,851,419355542,2354233,1776832192,800000000,-34.92,-12.07,-11.78,0,0,0,True,False,True,False,1776832192,800000000,12.07,-34.92,-11.78,0,0,0,True,False,1776832192,800000000,4,4,8,3,9,3,3,3,10,118,True,1776832192,800000000,-0.4579411,0.59611684,0.004850222,0.64769924,-0.036007803,0.03450619,-0.013298851,
2026/5/4 下午 03:35:46.079,2026/4/22 上午 04:30:02.851,1776832202,851,419365542,2354243,1776832202,800000000,-34.69,-11.69,-12.24,0,0,0,True,False,True,False,1776832202,800000000,11.69,-34.69,-12.24,0,0,0,True,False,1776832202,800000000,3,3,7,3,8,3,3,3,10,117,True,1776832202,800000000,-0.4601416,0.5979411,0.0048178188,0.64445186,-0.03132033,0.034221746,-0.0057381494,
2026/5/4 下午 03:35:46.079,2026/4/22 上午 04:30:12.851,1776832212,851,419375542,2354253,1776832212,800000000,-34.4,-11.42,-12.55,0,0,0,True,False,True,False,1776832212,800000000,11.42,-34.4,-12.55,0,0,0,True,False,1776832212,800000000,3,3,8,3,8,3,3,3,10,117,True,1776832212,800000000,-0.46239603,0.59969485,0.0048234193,0.64120084,-0.031616904,0.041437026,-0.010663536,
2026/5/4 下午 03:35:46.079,2026/4/22 上午 04:30:22.852,1776832222,852,419385542,2354263,1776832222,800000000,-34.2,-10.98,-13.1,0,0,0,True,False,True,False,1776832222,800000000,10.98,-34.2,-13.1,0,0,0,True,False,1776832222,800000000,3,3,8,3,8,3,3,3,10,117,True,1776832222,800000000,-0.46459323,0.60144854,0.004715008,0.63796264,-0.03438529,0.036210027,-0.015596324,
2026/5/4 下午 03:35:46.079,2026/4/22 上午 04:30:32.852,1776832232,852,419395542,2354273,1776832232,800000000,-34.11,-10.64,-13.47,0,0,0,True,False,True,False,1776832232,800000000,10.64,-34.11,-13.47,0,0,0,True,False,1776832232,800000000,4,4,7,3,8,3,3,3,11,117,True,1776832232,800000000,-0.4669096,0.6030432,0.004698768,0.6347585,-0.034654215,0.03344752,-0.0080123525,
2026/5/4 下午 03:35:46.079,2026/4/22 上午 04:30:42.852,1776832242,852,419405543,2354283,1776832242,800000000,-33.79,-10.25,-13.91,0,0,0,True,False,True,False,1776832242,800000000,10.25,-33.79,-13.91,0,0,0,True,False,1776832242,800000000,4,4,8,3,8,3,3,3,11,116,True,1776832242,800000000,-0.4691941,0.60463524,0.004804368,0.6315502,-0.044918854,0.028171029,-0.012911442,
2026/5/4 下午 03:35:46.079,2026/4/22 上午 04:30:52.851,1776832252,851,419415542,2354293,1776832252,800000000,-33.52,-9.92,-14.3,0,0,0,True,False,True,False,1776832252,800000000,9.92,-33.52,-14.3,0,0,0,True,False,1776832252,800000000,4,4,8,3,8,3,3,3,11,116,True,1776832252,800000000,-0.4716429,0.60611475,0.004780852,0.6282997,-0.037713736,0.027875783,-0.0078104245,
2026/5/4 下午 03:35:46.079,2026/4/22 上午 04:31:02.851,1776832262,851,419425542,2354303,1776832262,800000000,-33.24,-9.61,-14.55,0,0,0,True,False,True,False,1776832262,800000000,9.61,-33.24,-14.55,0,0,0,True,False,1776832262,800000000,4,4,8,3,8,3,3,3,10,116,True,1776832262,800000000,-0.47416866,0.60754263,0.004913606,0.6250111,-0.03303113,0.03752948,-0.010195532,
2026/5/4 下午 03:35:46.079,2026/4/22 上午 04:31:12.851,1776832272,851,419435542,2354313,1776832272,800000000,-32.95,-9.23,-14.91,0,0,0,True,False,True,False,1776832272,800000000,9.23,-32.95,-14.91,0,0,0,True,False,1776832272,800000000,3,3,7,3,8,3,3,3,10,116,True,1776832272,800000000,-0.47670797,0.60889775,0.0049522896,0.6217529,-0.038355954,0.032178767,-0.012621036,
2026/5/4 下午 03:35:46.079,2026/4/22 上午 04:31:22.852,1776832282,852,419445543,2354323,1776832282,800000000,-32.81,-8.82,-15.31,0,0,0,True,False,True,False,1776832282,800000000,8.82,-32.81,-15.31,0,0,0,True,False,1776832282,800000000,3,3,7,3,8,3,3,3,10,116,True,1776832282,800000000,-0.47925922,0.61017746,0.0049740835,0.61852896,-0.0336837,0.03682274,-0.012549459,
2026/5/4 下午 03:35:46.079,2026/4/22 上午 04:31:32.852,1776832292,852,419455543,2354333,1776832292,800000000,-32.39,-8.56,-15.66,0,0,0,True,False,True,False,1776832292,800000000,8.56,-32.39,-15.66,0,0,0,True,False,1776832292,800000000,3,3,7,3,8,3,3,3,10,116,True,1776832292,800000000,-0.48184344,0.6115112,0.004942185,0.61519545,-0.029013142,0.028972888,-0.007503753,
2026/5/4 下午 03:35:46.079,2026/4/22 上午 04:31:42.851,1776832302,851,419465543,2354343,1776832302,800000000,-32.13,-8.1,-15.950000000000001,0,0,0,True,False,True,False,1776832302,800000000,8.1,-32.13,-15.950000000000001,0,0,0,True,False,1776832302,800000000,4,4,8,3,8,4,3,3,11,116,True,1776832302,800000000,-0.48436552,0.61278886,0.004818253,0.6119363,-0.03430623,0.04364725,-0.017449679,
2026/5/4 下午 03:35:46.079,2026/4/22 上午 04:31:52.851,1776832312,851,419475542,2354353,1776832312,800000000,-31.970000000000002,-7.6000000000000005,-16.3,0,0,0,True,False,True,False,1776832312,800000000,7.6000000000000005,-31.970000000000002,-16.3,0,0,0,True,False,1776832312,800000000,4,4,7,3,8,3,3,3,11,116,True,1776832312,800000000,-0.4868818,0.6140952,0.0048562963,0.60861963,-0.042100508,0.03582396,-0.009874149,
2026/5/4 下午 03:35:46.079,2026/4/22 上午 04:32:02.851,1776832322,851,419485542,2354363,1776832322,800000000,-31.650000000000002,-7.32,-16.68,0,0,0,True,False,True,False,1776832322,800000000,7.32,-31.650000000000002,-16.68,0,0,0,True,False,1776832322,800000000,4,4,8,3,8,4,3,3,11,116,True,1776832322,800000000,-0.48950744,0.6152505,0.004845895,0.605339,-0.037400626,0.04049037,-0.01478837,
2026/5/4 下午 03:35:46.079,2026/4/22 上午 04:32:12.851,1776832332,851,419495542,2354373,1776832332,800000000,-31.26,-6.88,-16.91,0,0,0,True,False,True,False,1776832332,800000000,6.88,-31.26,-16.91,0,0,0,True,False,1776832332,800000000,4,4,8,3,8,3,3,3,11,115,True,1776832332,800000000,-0.49219558,0.6164024,0.004841763,0.6019791,-0.035209607,0.030156545,-0.017209942,
2026/5/4 下午 03:35:46.079,2026/4/22 上午 04:32:22.853,1776832342,853,419505544,2354383,1776832342,800000000,-31.04,-6.41,-17.25,0,0,0,True,False,True,False,1776832342,800000000,6.41,-31.04,-17.25,0,0,0,True,False,1776832342,800000000,3,3,8,3,8,3,3,3,10,115,True,1776832342,800000000,-0.49492395,0.61747295,0.0048320494,0.5986364,-0.038009025,0.027317574,-0.019632924,
2026/5/4 下午 03:35:46.079,2026/4/22 上午 04:32:32.852,1776832352,852,419515543,2354393,1776832352,800000000,-30.59,-6.11,-17.55,0,0,0,True,False,True,False,1776832352,800000000,6.11,-30.59,-17.55,0,0,0,True,False,1776832352,800000000,3,3,7,3,8,3,3,3,10,115,True,1776832352,800000000,-0.49763024,0.6184754,0.004743151,0.5953513,-0.030799264,0.036988895,-0.019566728,
2026/5/4 下午 03:35:46.079,2026/4/22 上午 04:32:42.851,1776832362,851,419525543,2354403,1776832362,800000000,-30.330000000000002,-5.64,-17.77,0,0,0,True,False,True,False,1776832362,800000000,5.64,-30.330000000000002,-17.77,0,0,0,True,False,1776832362,800000000,4,4,8,3,8,4,3,3,11,115,True,1776832362,800000000,-0.50036746,0.619486,0.0047789565,0.59199834,-0.03609547,0.031669945,-0.019493466,
2026/5/4 下午 03:35:46.079,2026/4/22 上午 04:32:52.851,1776832372,851,419535543,2354413,1776832372,800000000,-30.080000000000002,-5.14,-18.11,0,0,0,True,False,True,False,1776832372,800000000,5.14,-30.080000000000002,-18.11,0,0,0,True,False,1776832372,800000000,3,3,8,3,8,3,3,3,10,115,True,1776832372,800000000,-0.50325406,0.62045187,0.004756323,0.5885316,-0.038916983,0.028869431,-0.0169216,
2026/5/4 下午 03:35:46.079,2026/4/22 上午 04:33:02.852,1776832382,852,419545543,2354423,1776832382,800000000,-29.66,-4.82,-18.37,0,0,0,True,False,True,False,1776832382,800000000,4.82,-29.66,-18.37,0,0,0,True,False,1776832382,800000000,3,3,7,3,8,3,3,3,10,115,True,1776832382,800000000,-0.50610316,0.62138146,0.0047281235,0.58509904,-0.031735983,0.031079022,-0.016851705,
2026/5/4 下午 03:35:46.079,2026/4/22 上午 04:33:12.851,1776832392,851,419555543,2354433,1776832392,800000000,-29.330000000000002,-4.33,-18.54,0,0,0,True,False,True,False,1776832392,800000000,4.33,-29.330000000000002,-18.54,0,0,0,True,False,1776832392,800000000,3,3,8,3,8,3,3,3,10,114,True,1776832392,800000000,-0.5089338,0.62221366,0.0048530116,0.58174825,-0.03953542,0.030774835,-0.014250723,
2026/5/4 下午 03:35:46.079,2026/4/22 上午 04:33:22.851,1776832402,851,419565543,2354443,1776832402,800000000,-29.1,-3.81,-18.87,0,0,0,True,False,True,False,1776832402,800000000,3.81,-29.1,-18.87,0,0,0,True,False,1776832402,800000000,3,3,8,3,8,3,3,3,10,114,True,1776832402,800000000,-0.5118294,0.6229309,0.0049264883,0.5784299,-0.037333567,0.030437898,-0.019162182,
2026/5/4 下午 03:35:46.079,2026/4/22 上午 04:33:32.851,1776832412,851,419575542,2354453,1776832412,800000000,-28.650000000000002,-3.5100000000000002,-19.03,0,0,0,True,False,True,False,1776832412,800000000,3.5100000000000002,-28.650000000000002,-19.03,0,0,0,True,False,1776832412,800000000,3,3,7,3,8,3,3,3,10,114,True,1776832412,800000000,-0.51479715,0.62349,0.0049375794,0.57518464,-0.040130615,0.02757177,-0.024072561,
2026/5/4 下午 03:35:46.079,2026/4/22 上午 04:33:42.851,1776832422,851,419585543,2354463,1776832422,800000000,-28.36,-3.06,-19.14,0,0,0,True,False,True,False,1776832422,800000000,3.06,-28.36,-19.14,0,0,0,True,False,1776832422,800000000,3,3,7,3,8,3,3,3,10,114,True,1776832422,800000000,-0.51787084,0.62406427,0.0049538994,0.5717934,-0.040442195,0.027192893,-0.01899463,
2026/5/4 下午 03:35:46.079,2026/4/22 上午 04:33:52.851,1776832432,851,419595543,2354473,1776832432,800000000,-28.1,-2.54,-19.34,0,0,0,True,False,True,False,1776832432,800000000,2.54,-28.1,-19.34,0,0,0,True,False,1776832432,800000000,3,3,7,3,8,3,3,3,10,114,True,1776832432,800000000,-0.52086926,0.624603,0.004919555,0.5684734,-0.038242284,0.024337169,-0.023922514,
2026/5/4 下午 03:35:46.079,2026/4/22 上午 04:34:02.851,1776832442,851,419605543,2354483,1776832442,800000000,-27.61,-2.19,-19.55,0,0,0,True,False,True,False,1776832442,800000000,2.19,-27.61,-19.55,0,0,0,True,False,1776832442,800000000,3,3,8,3,8,3,3,3,10,114,True,1776832442,800000000,-0.5239386,0.62516433,0.0048835864,0.56502455,-0.03855621,0.033984255,-0.01885886,
2026/5/4 下午 03:35:46.079,2026/4/22 上午 04:34:12.852,1776832452,852,419615543,2354493,1776832452,800000000,-27.400000000000002,-1.71,-19.68,0,0,0,True,False,True,False,1776832452,800000000,1.71,-27.400000000000002,-19.68,0,0,0,True,False,1776832452,800000000,3,3,8,3,8,3,3,3,10,114,True,1776832452,800000000,-0.5270966,0.625625,0.004853945,0.56156623,-0.038888484,0.026143255,-0.021299094,
2026/5/4 下午 03:35:46.079,2026/4/22 上午 04:34:22.852,1776832462,852,419625543,2354503,1776832462,800000000,-27.060000000000002,-1.1300000000000001,-19.79,0,0,0,True,False,True,False,1776832462,800000000,1.1300000000000001,-27.060000000000002,-19.79,0,0,0,True,False,1776832462,800000000,3,3,8,3,8,3,3,3,9,114,True,1776832462,800000000,-0.53034574,0.625861,0.005060718,0.5582338,-0.04173173,0.028226,-0.031216802,
2026/5/4 下午 03:35:46.079,2026/4/22 上午 04:34:32.851,1776832472,851,419635543,2354513,1776832472,800000000,-26.53,-0.79,-19.900000000000002,0,0,0,True,False,True,False,1776832472,800000000,0.79,-26.53,-19.900000000000002,0,0,0,True,False,1776832472,800000000,3,3,7,3,8,3,3,3,9,114,True,1776832472,800000000,-0.53358644,0.6261061,0.0051628426,0.5548609,-0.03709245,0.015307888,-0.018650295,
2026/5/4 下午 03:35:46.079,2026/4/22 上午 04:34:42.851,1776832482,851,419645543,2354523,1776832482,800000000,-26.25,-0.36,-19.96,0,0,0,True,False,True,False,1776832482,800000000,0.36,-26.25,-19.96,0,0,0,True,False,1776832482,800000000,3,3,7,3,8,3,3,3,9,114,True,1776832482,800000000,-0.53681225,0.6263407,0.0051557934,0.5514761,-0.04495137,0.024900671,-0.01609968,
2026/5/4 下午 03:35:46.079,2026/4/22 上午 04:34:52.851,1776832492,851,419655543,2354533,1776832492,800000000,-26.02,0.2,-20.11,0,0,0,True,False,True,False,1776832492,800000000,-0.2,-26.02,-20.11,0,0,0,True,False,1776832492,800000000,3,3,7,3,8,3,3,3,9,113,True,1776832492,800000000,-0.5401531,0.62644804,0.0051757,0.5480834,-0.035310913,0.021973645,-0.026048794,
2026/5/4 下午 03:35:46.079,2026/4/22 上午 04:35:02.851,1776832502,851,419665543,2354543,1776832502,800000000,-25.53,0.55,-20.19,0,0,0,True,False,True,False,1776832502,800000000,-0.55,-25.53,-20.19,0,0,0,True,False,1776832502,800000000,3,3,7,3,7,3,3,3,8,99,True,1776832502,800000000,-0.54347694,0.62650317,0.005169081,0.54472536,-0.040663406,0.021558983,-0.02850053,
2026/5/4 下午 03:35:46.079,2026/4/22 上午 04:35:12.850,1776832512,850,419675542,2354553,1776832512,800000000,-25.28,1.05,-20.11,0,0,0,True,False,True,False,1776832512,800000000,-1.05,-25.28,-20.11,0,0,0,True,False,1776832512,800000000,3,3,4,3,4,3,3,3,4,35,False,1776832512,800000000,-0.54613,0.62544817,0.005162798,0.5432832,0.48402467,-0.6237811,-0.05092266,
2026/5/4 下午 03:35:46.079,2026/4/22 上午 04:35:22.850,1776832522,850,419685542,2354563,1776832522,800000000,-31.68,-4.26,-3.3000000000000003,0,0,0,True,False,True,False,1776832522,800000000,4.26,-31.68,-3.3000000000000003,0,0,0,True,False,1776832522,800000000,3,3,3,3,5,3,3,3,3,7,False,1776832522,800000000,-0.38916114,0.4447563,0.0015150196,0.7970977,3.2188864,-3.5776603,-0.044799328,
2026/5/4 下午 03:35:46.079,2026/4/22 上午 04:35:32.849,1776832532,849,419695541,2354573,1776832532,800000000,-28.810000000000002,-1.25,13.450000000000001,0,0,0,True,False,True,False,1776832532,800000000,1.25,-28.810000000000002,13.450000000000001,0,0,0,True,False,1776832532,800000000,3,3,3,3,3,3,3,3,3,3,False,1776832532,800000000,-0.2006298,0.23277615,0.0010970642,0.94349414,1.8752748,-2.119001,0.017417328,
2026/5/4 下午 03:35:46.079,2026/4/22 上午 04:35:42.850,1776832542,850,419705542,2354583,1776832542,800000000,-24.26,3.09,19.93,0,0,0,True,False,True,False,1776832542,800000000,-3.09,-24.26,19.93,0,0,0,True,False,1776832542,800000000,3,3,3,3,3,3,3,3,3,3,False,1776832542,800000000,-0.08910016,0.10578429,0.0016585093,0.98259246,0.87264663,-1.0300791,0.0023026224,
2026/5/4 下午 03:35:46.079,2026/4/22 上午 04:35:52.850,1776832552,850,419715542,2354593,1776832552,800000000,-21.72,5.47,21.88,0,0,0,True,False,True,False,1776832552,800000000,-5.47,-21.72,21.88,0,0,0,True,False,1776832552,800000000,3,3,3,3,3,3,3,3,3,3,False,1776832552,800000000,-0.03740886,0.04536461,0.0012908392,0.9905351,0.36867636,-0.45454577,-0.008808154,
2026/5/4 下午 03:35:46.079,2026/4/22 上午 04:36:02.849,1776832562,849,419725541,2354603,1776832562,800000000,-20.57,6.640000000000001,22.03,0,0,0,True,False,True,False,1776832562,800000000,-6.640000000000001,-20.57,22.03,0,0,0,True,False,1776832562,800000000,3,3,3,3,3,3,3,3,3,3,False,1776832562,800000000,-0.015093636,0.019142946,0.0013808646,0.9919792,0.14401865,-0.19226347,-0.011224143,
2026/5/4 下午 03:35:46.079,2026/4/22 上午 04:36:12.850,1776832572,850,419735542,2354613,1776832572,800000000,-20.21,6.82,22.19,0,0,0,True,False,True,False,1776832572,800000000,-6.82,-20.21,22.19,0,0,0,True,False,1776832572,800000000,3,3,4,3,3,3,3,3,3,3,False,1776832572,800000000,-0.005293312,0.007895597,0.0013371245,0.9922335,0.04424622,-0.07514563,-0.00706083,
2026/5/4 下午 03:35:46.079,2026/4/22 上午 04:36:22.850,1776832582,850,419745542,2354623,1776832582,800000000,-20.11,6.8500000000000005,21.69,0,0,0,True,False,True,False,1776832582,800000000,-6.8500000000000005,-20.11,21.69,0,0,0,True,False,1776832582,800000000,3,3,3,3,3,3,3,3,3,3,False,1776832582,800000000,-0.001158406,0.0029296402,0.0013178791,0.99227446,0.019475503,-0.02305643,-0.01219493,
2026/5/4 下午 03:35:46.079,2026/4/22 上午 04:36:32.849,1776832592,849,419755542,2354633,1776832592,800000000,-20.25,6.91,21.400000000000002,0,0,0,True,False,True,False,1776832592,800000000,-6.91,-20.25,21.400000000000002,0,0,0,True,False,1776832592,800000000,3,3,3,3,3,3,3,3,3,3,False,1776832592,800000000,0.00065282494,0.0008489033,0.0012965654,0.9922793,0.004716872,-0.0034705566,-0.009518674,
2026/5/4 下午 03:35:46.079,2026/4/22 上午 04:36:42.850,1776832602,850,419765542,2354643,1776832602,800000000,-20.43,6.91,20.85,0,0,0,True,False,True,False,1776832602,800000000,-6.91,-20.43,20.85,0,0,0,True,False,1776832602,800000000,3,3,3,3,3,3,3,3,3,3,False,1776832602,800000000,0.001380357,-0.00020059131,0.0013369359,0.99227905,-0.010027927,0.0036144308,-0.009196701,
2026/5/4 下午 03:35:46.079,2026/4/22 上午 04:36:52.851,1776832612,851,419775543,2354653,1776832612,800000000,-20.62,6.93,20.25,0,0,0,True,False,True,False,1776832612,800000000,-6.93,-20.62,20.25,0,0,0,True,False,1776832612,800000000,3,3,3,3,3,3,3,3,3,3,False,1776832612,800000000,0.0015679474,-0.00060770765,0.0013330019,0.99227905,-0.004793297,0.010724844,-0.013818839,
2026/5/4 下午 03:35:46.079,2026/4/22 上午 04:37:02.850,1776832622,850,419785542,2354663,1776832622,800000000,-20.77,6.69,19.85,0,0,0,True,False,True,False,1776832622,800000000,-6.69,-20.77,19.85,0,0,0,True,False,1776832622,800000000,3,3,3,3,3,3,3,3,3,3,False,1776832622,800000000,0.0015375025,-0.00084997754,0.0012969584,0.99227935,-0.014591719,0.005355442,-0.008448467,
2026/5/4 下午 03:35:46.079,2026/4/22 上午 04:37:12.849,1776832632,849,419795541,2354673,1776832632,800000000,-21.05,6.83,19.150000000000002,0,0,0,True,False,True,False,1776832632,800000000,-6.83,-21.05,19.150000000000002,0,0,0,True,False,1776832632,800000000,3,3,3,3,3,3,3,3,3,3,False,1776832632,800000000,0.001403346,-0.0008226942,0.0012558573,0.9922794,-0.014423719,0.0125343045,-0.01060093,
2026/5/4 下午 03:35:46.079,2026/4/22 上午 04:37:22.850,1776832642,850,419805542,2354683,1776832642,800000000,-20.97,6.62,18.580000000000002,0,0,0,True,False,True,False,1776832642,800000000,-6.62,-20.97,18.580000000000002,0,0,0,True,False,1776832642,800000000,3,3,3,3,3,3,3,3,3,3,False,1776832642,800000000,0.0012045383,-0.0008341641,0.0011906486,0.9922791,-0.0067915907,0.0072378526,-0.0077804658,
2026/5/4 下午 03:35:46.079,2026/4/22 上午 04:37:32.850,1776832652,850,419815542,2354693,1776832652,800000000,-21.3,6.69,18.13,0,0,0,True,False,True,False,1776832652,800000000,-6.69,-21.3,18.13,0,0,0,True,False,1776832652,800000000,3,3,3,3,3,3,3,3,3,3,False,1776832652,800000000,0.0010312592,-0.00080084486,0.0010332239,0.9922791,-0.009202838,0.00448532,-0.012508332,
2026/5/4 下午 03:35:46.079,2026/4/22 上午 04:37:42.849,1776832662,849,419825542,2354703,1776832662,800000000,-21.45,6.65,17.490000000000002,0,0,0,True,False,True,False,1776832662,800000000,-6.65,-21.45,17.490000000000002,0,0,0,True,False,1776832662,800000000,3,3,3,3,3,3,3,3,3,3,False,1776832662,800000000,0.00079997425,-0.0007161172,0.00091877085,0.99228054,0.003361102,0.009271909,-0.014767681,
2026/5/4 下午 03:35:46.079,2026/4/22 上午 04:37:52.850,1776832672,850,419835542,2354713,1776832672,800000000,-21.490000000000002,6.54,16.87,0,0,0,True,False,True,False,1776832672,800000000,-6.54,-21.490000000000002,16.87,0,0,0,True,False,1776832672,800000000,3,3,3,3,3,3,3,3,3,3,False,1776832672,800000000,0.00068271765,-0.0004896157,0.00084165845,0.99228126,-0.009085203,0.011611115,-0.0020727958,
2026/5/4 下午 03:35:46.079,2026/4/22 上午 04:38:02.850,1776832682,850,419845542,2354723,1776832682,800000000,-21.7,6.46,16.4,0,0,0,True,False,True,False,1776832682,800000000,-6.46,-21.7,16.4,0,0,0,True,False,1776832682,800000000,3,3,3,3,3,3,3,3,3,3,False,1776832682,800000000,0.00048658877,-0.0003856158,0.0006839846,0.9922815,-0.0015726264,-0.0010357008,-0.0069144256,
2026/5/4 下午 03:35:46.079,2026/4/22 上午 04:38:12.850,1776832692,850,419855542,2354733,1776832692,800000000,-21.86,6.45,15.89,0,0,0,True,False,True,False,1776832692,800000000,-6.45,-21.86,15.89,0,0,0,True,False,1776832692,800000000,3,3,3,3,3,3,3,3,3,3,False,1776832692,800000000,0.00021688492,-0.0003763517,0.00045191206,0.9922816,-0.0016135703,0.0013367428,0.005681263,
2026/5/4 下午 03:35:46.079,2026/4/22 上午 04:38:22.850,1776832702,850,419865542,2354743,1776832702,800000000,-21.97,6.55,15.1,0,0,0,True,False,True,False,1776832702,800000000,-6.55,-21.97,15.1,0,0,0,True,False,1776832702,800000000,3,3,3,3,3,3,3,3,3,3,False,1776832702,800000000,0.00012288759,-0.00025681368,0.00029552533,0.9922816,-0.0016521311,0.0012390857,0.00072375964,
2026/5/4 下午 03:35:46.079,2026/4/22 上午 04:38:32.850,1776832712,850,419875542,2354753,1776832712,800000000,-22.01,6.48,14.66,0,0,0,True,False,True,False,1776832712,800000000,-6.48,-22.01,14.66,0,0,0,True,False,1776832712,800000000,3,3,3,3,3,3,3,3,3,3,False,1776832712,800000000,6.2249375E-05,-0.00012416621,9.794146E-05,0.9922816,0.0058042523,0.008697139,0.0007237368,
2026/5/4 下午 03:35:46.079,2026/4/22 上午 04:38:42.850,1776832722,850,419885542,2354763,1776832722,800000000,-22.1,6.45,14.11,0,0,0,True,False,True,False,1776832722,800000000,-6.45,-22.1,14.11,0,0,0,True,False,1776832722,800000000,3,3,4,3,3,3,3,3,3,3,False,1776832722,800000000,-7.7307144E-05,-1.771325E-05,-0.00012731904,0.9922816,0.0032386177,0.011150531,0.0031921966,
2026/5/4 下午 03:35:46.079,2026/4/22 上午 04:38:52.850,1776832732,850,419895542,2354773,1776832732,800000000,-22.13,6.73,13.34,0,0,0,True,False,True,False,1776832732,800000000,-6.73,-22.13,13.34,0,0,0,True,False,1776832732,800000000,3,3,3,3,3,3,3,3,3,3,False,1776832732,800000000,1.0599996E-05,7.6102006E-05,-6.2221666E-06,0.9922816,0.0057526403,-0.0013590142,-0.0043106056,
2026/5/4 下午 03:35:46.079,2026/4/22 上午 04:39:02.849,1776832742,849,419905541,2354783,1776832742,800000000,-22.080000000000002,6.62,12.81,0,0,0,True,False,True,False,1776832742,800000000,-6.62,-22.080000000000002,12.81,0,0,0,True,False,1776832742,800000000,3,3,3,3,3,3,3,3,3,3,False,1776832742,800000000,0.000120390825,0.00010061999,4.533526E-05,0.9922816,-0.0017312363,0.0011517673,-0.0018118669,
2026/5/4 下午 03:35:46.079,2026/4/22 上午 04:39:12.849,1776832752,849,419915542,2354793,1776832752,800000000,-22.27,6.62,12.280000000000001,0,0,0,True,False,True,False,1776832752,800000000,-6.62,-22.27,12.280000000000001,0,0,0,True,False,1776832752,800000000,3,3,3,3,3,3,3,3,3,3,False,1776832752,800000000,9.690796E-05,0.00020775307,-9.37615E-05,0.9922816,0.005745653,0.0061645927,-0.0068629156,
2026/5/4 下午 03:35:46.079,2026/4/22 上午 04:39:22.849,1776832762,849,419925541,2354803,1776832762,800000000,-22.25,6.71,11.540000000000001,0,0,0,True,False,True,False,1776832762,800000000,-6.71,-22.25,11.540000000000001,0,0,0,True,False,1776832762,800000000,3,3,3,3,3,3,3,3,3,3,False,1776832762,800000000,8.773833E-05,0.00018579057,-0.00026112894,0.9922816,0.0007187022,-0.003810512,0.0030568654,
2026/5/4 下午 03:35:46.079,2026/4/22 上午 04:39:32.849,1776832772,849,419935542,2354813,1776832772,800000000,-22.23,6.65,11.08,0,0,0,True,False,True,False,1776832772,800000000,-6.65,-22.23,11.08,0,0,0,True,False,1776832772,800000000,3,3,3,3,3,3,3,3,3,3,False,1776832772,800000000,7.512341E-05,0.00030330475,-0.00043630946,0.9922816,-0.0042934846,0.0037400355,-0.0045537497,
2026/5/4 下午 03:35:46.079,2026/4/22 上午 04:39:42.849,1776832782,849,419945542,2354823,1776832782,800000000,-22.3,6.65,10.49,0,0,0,True,False,True,False,1776832782,800000000,-6.65,-22.3,10.49,0,0,0,True,False,1776832782,800000000,3,3,3,3,3,3,3,3,3,3,False,1776832782,800000000,0.000109915105,0.00031307634,-0.00059755665,0.9922816,-0.0018029026,-0.006209202,0.005298742,
2026/5/4 下午 03:35:46.079,2026/4/22 上午 04:39:52.850,1776832792,850,419955542,2354833,1776832792,800000000,-22.36,6.83,9.8,0,0,0,True,False,True,False,1776832792,800000000,-6.83,-22.36,9.8,0,0,0,True,False,1776832792,800000000,3,3,3,3,3,3,3,3,3,3,False,1776832792,800000000,0.00019261333,0.0003433867,-0.00074009504,0.9922816,0.0007032814,0.0013516371,0.0026289837,
2026/5/4 下午 03:35:46.079,2026/4/22 上午 04:40:02.850,1776832802,850,419965542,2354843,1776832802,800000000,-22.23,6.79,9.25,0,0,0,True,False,True,False,1776832802,800000000,-6.79,-22.23,9.25,0,0,0,True,False,1776832802,800000000,3,3,3,3,3,3,3,3,3,3,False,1776832802,800000000,0.00022124051,0.00049584545,-0.00082878984,0.9922816,0.0032302784,-0.0010736804,0.0049796333,
2026/5/4 下午 03:35:46.079,2026/4/22 上午 04:40:12.849,1776832812,849,419975542,2354853,1776832812,800000000,-22.3,6.78,8.74,0,0,0,True,False,True,False,1776832812,800000000,-6.78,-22.3,8.74,0,0,0,True,False,1776832812,800000000,3,3,3,3,3,3,3,3,3,3,False,1776832812,800000000,0.00033942144,0.00047009494,-0.00081389846,0.9922816,-0.009219324,-0.0010027438,-0.00019066257,
2026/5/4 下午 03:35:46.079,2026/4/22 上午 04:40:22.849,1776832822,849,419985541,2354863,1776832822,800000000,-22.23,6.96,8,0,0,0,True,False,True,False,1776832822,800000000,-6.96,-22.23,8,0,0,0,True,False,1776832822,800000000,3,3,3,3,3,3,3,3,3,3,False,1776832822,800000000,0.00040510372,0.00040638694,-0.000786111,0.9922816,-0.0041677286,-0.00093823054,-0.00033196947,
2026/5/4 下午 03:35:46.079,2026/4/22 上午 04:40:32.849,1776832832,849,419995542,2354873,1776832832,800000000,-22.18,6.86,7.58,0,0,0,True,False,True,False,1776832832,800000000,-6.86,-22.18,7.58,0,0,0,True,False,1776832832,800000000,3,3,3,3,3,3,3,3,3,3,False,1776832832,800000000,0.00053912913,0.00040643587,-0.0008725307,0.9922816,-0.0041096234,0.0041314308,0.0044813543,
2026/5/4 下午 03:35:46.079,2026/4/22 上午 04:40:42.850,1776832842,850,420005543,2354883,1776832842,800000000,-22.150000000000002,7.01,6.98,0,0,0,True,False,True,False,1776832842,800000000,-7.01,-22.150000000000002,6.98,0,0,0,True,False,1776832842,800000000,3,3,3,3,3,3,3,3,3,3,False,1776832842,800000000,0.0005447327,0.00038167404,-0.0009992126,0.99228173,-0.004046393,0.0016840085,0.0042839698,
2026/5/4 下午 03:35:46.079,2026/4/22 上午 04:40:52.849,1776832852,849,420015542,2354893,1776832852,800000000,-22.12,7.09,6.390000000000001,0,0,0,True,False,True,False,1776832852,800000000,-7.09,-22.12,6.390000000000001,0,0,0,True,False,1776832852,800000000,3,3,3,3,3,3,3,3,3,3,False,1776832852,800000000,0.0005955382,0.00042417683,-0.00096393144,0.99228203,-0.006461624,-0.0057583163,0.0066144876,
2026/5/4 下午 03:35:46.079,2026/4/22 上午 04:41:02.850,1776832862,850,420025542,2354903,1776832862,800000000,-21.96,7.03,5.9,0,0,0,True,False,True,False,1776832862,800000000,-7.03,-21.96,5.9,0,0,0,True,False,1776832862,800000000,3,3,3,3,3,3,3,3,3,3,False,1776832862,800000000,0.0006244535,0.00021622867,-0.0008446587,0.99228233,-0.006371317,-0.0032319336,0.01145559,
2026/5/4 下午 03:35:46.079,2026/4/22 上午 04:41:12.850,1776832872,850,420035542,2354913,1776832872,800000000,-21.98,7.0600000000000005,5.3500000000000005,0,0,0,True,False,True,False,1776832872,800000000,-7.0600000000000005,-21.98,5.3500000000000005,0,0,0,True,False,1776832872,800000000,3,3,3,3,3,3,3,3,3,3,False,1776832872,800000000,0.0006993252,0.00014984913,-0.0009048964,0.99228233,-0.008793549,0.0017848205,0.011284398,
2026/5/4 下午 03:35:46.079,2026/4/22 上午 04:41:22.849,1776832882,849,420045541,2354923,1776832882,800000000,-21.88,7.22,4.71,0,0,0,True,False,True,False,1776832882,800000000,-7.22,-21.88,4.71,0,0,0,True,False,1776832882,800000000,3,3,3,3,3,3,3,3,3,3,False,1776832882,800000000,0.0006719694,0.00016190344,-0.00082826975,0.9922824,-0.0011973913,-0.003195915,0.00864095,
2026/5/4 下午 03:35:46.079,2026/4/22 上午 04:41:32.850,1776832892,850,420055542,2354933,1776832892,800000000,-21.79,7.11,4.2700000000000005,0,0,0,True,False,True,False,1776832892,800000000,-7.11,-21.79,4.2700000000000005,0,0,0,True,False,1776832892,800000000,3,3,3,3,3,3,3,3,3,3,False,1776832892,800000000,0.00080235006,6.931057E-05,-0.0008406347,0.9922824,-0.011099418,-0.00067486806,0.0009770036,
2026/5/4 下午 03:35:46.079,2026/4/22 上午 04:41:42.849,1776832902,849,420065542,2354943,1776832902,800000000,-21.66,7.16,3.77,0,0,0,True,False,True,False,1776832902,800000000,-7.16,-21.66,3.77,0,0,0,True,False,1776832902,800000000,3,3,3,3,3,3,3,3,3,3,False,1776832902,800000000,0.00078314816,-2.7707451E-06,-0.0009383595,0.9922826,-0.006008228,-0.01067738,0.008319363,
2026/5/4 下午 03:35:46.079,2026/4/22 上午 04:41:52.850,1776832912,850,420075542,2354953,1776832912,800000000,-21.62,7.37,3.02,0,0,0,True,False,True,False,1776832912,800000000,-7.37,-21.62,3.02,0,0,0,True,False,1776832912,800000000,3,3,3,3,3,3,3,3,3,3,False,1776832912,800000000,0.0008202744,6.308013E-05,-0.00079513015,0.992283,-0.003392428,-0.008171268,0.005680736,
2026/5/4 下午 03:35:46.079,2026/4/22 上午 04:42:02.850,1776832922,850,420085542,2354963,1776832922,800000000,-21.44,7.34,2.61,0,0,0,True,False,True,False,1776832922,800000000,-7.34,-21.44,2.61,0,0,0,True,False,1776832922,800000000,3,3,3,3,3,3,3,3,3,3,False,1776832922,800000000,0.00089433696,3.924532E-05,-0.0008432663,0.9922832,0.004209882,-0.00067771616,0.013029355,
2026/5/4 下午 03:35:46.079,2026/4/22 上午 04:42:12.849,1776832932,849,420095541,2354973,1776832932,800000000,-21.34,7.41,2.1,0,0,0,True,False,True,False,1776832932,800000000,-7.41,-21.34,2.1,0,0,0,True,False,1776832932,800000000,3,3,3,3,3,3,3,3,3,3,False,1776832932,800000000,0.0007643596,7.691168E-06,-0.00070871663,0.9922834,-0.008192822,0.0018133685,0.01294239,
2026/5/4 下午 03:35:46.079,2026/4/22 上午 04:42:22.849,1776832942,849,420105541,2354983,1776832942,800000000,-21.2,7.5,1.51,0,0,0,True,False,True,False,1776832942,800000000,-7.5,-21.2,1.51,0,0,0,True,False,1776832942,800000000,3,3,3,3,3,3,3,3,3,3,False,1776832942,800000000,0.00061925757,-4.020044E-06,-0.0006130951,0.9922834,-0.008106246,0.004303713,0.0028747271,
2026/5/4 下午 03:35:46.079,2026/4/22 上午 04:42:32.850,1776832952,850,420115542,2354993,1776832952,800000000,-21.080000000000002,7.44,1.03,0,0,0,True,False,True,False,1776832952,800000000,-7.44,-21.080000000000002,1.03,0,0,0,True,False,1776832952,800000000,3,3,3,3,3,3,3,3,3,3,False,1776832952,800000000,0.0006311305,4.86075E-05,-0.00043966676,0.9922834,-0.0030197925,-0.0031962483,0.007808434,
2026/5/4 下午 03:35:46.079,2026/4/22 上午 04:42:42.850,1776832962,850,420125542,2355003,1776832962,800000000,-20.89,7.42,0.61,0,0,0,True,False,True,False,1776832962,800000000,-7.42,-20.89,0.61,0,0,0,True,False,1776832962,800000000,3,3,3,3,3,3,3,3,3,3,False,1776832962,800000000,0.0004960545,-3.52238E-05,-0.00035412612,0.9922834,-0.010452234,0.0018014157,0.0027696155,
2026/5/4 下午 03:35:46.079,2026/4/22 上午 04:42:52.850,1776832972,850,420135542,2355013,1776832972,800000000,-20.8,7.61,-0.07,0,0,0,True,False,True,False,1776832972,800000000,-7.61,-20.8,-0.07,0,0,0,True,False,1776832972,800000000,3,3,3,3,3,3,3,3,3,3,False,1776832972,800000000,0.0005282663,4.696542E-05,-0.00027238796,0.9922834,-0.0028817197,0.0017995815,0.00021064204,
2026/5/4 下午 03:35:46.079,2026/4/22 上午 04:43:02.849,1776832982,849,420145542,2355023,1776832982,800000000,-20.55,7.51,-0.44,0,0,0,True,False,True,False,1776832982,800000000,-7.51,-20.55,-0.44,0,0,0,True,False,1776832982,800000000,3,3,3,3,3,3,3,3,3,3,False,1776832982,800000000,0.0004948209,5.7484707E-05,-0.00026427227,0.9922834,-0.00032758425,-0.0006895156,0.00017687435,
2026/5/4 下午 03:35:46.079,2026/4/22 上午 04:43:12.850,1776832992,850,420155542,2355033,1776832992,800000000,-20.46,7.53,-0.92,0,0,0,True,False,True,False,1776832992,800000000,-7.53,-20.46,-0.92,0,0,0,True,False,1776832992,800000000,3,3,3,3,3,3,3,3,3,3,False,1776832992,800000000,0.00041331054,-6.0055314E-05,-0.00015297052,0.9922834,0.0022221962,0.0017983341,0.00015490732,
2026/5/4 下午 03:35:46.079,2026/4/22 上午 04:43:22.850,1776833002,850,420165542,2355043,1776833002,800000000,-20.27,7.69,-1.51,0,0,0,True,False,True,False,1776833002,800000000,-7.69,-20.27,-1.51,0,0,0,True,False,1776833002,800000000,3,3,3,3,3,3,3,3,3,3,False,1776833002,800000000,0.00032577754,6.133014E-05,-0.0001767995,0.9922834,-0.010242065,-0.0032011443,0.0001325535,
2026/5/4 下午 03:35:46.079,2026/4/22 上午 04:43:32.850,1776833012,850,420175542,2355053,1776833012,800000000,-20.06,7.63,-1.86,0,0,0,True,False,True,False,1776833012,800000000,-7.63,-20.06,-1.86,0,0,0,True,False,1776833012,800000000,3,4,3,3,3,3,3,3,3,3,False,1776833012,800000000,0.00024105112,1.6647093E-05,-8.6465276E-05,0.9922834,-0.00020791865,0.0018009287,0.0076301284,
2026/5/4 下午 03:35:46.079,2026/4/22 上午 04:43:42.849,1776833022,849,420185542,2355063,1776833022,800000000,-19.89,7.62,-2.32,0,0,0,True,False,True,False,1776833022,800000000,-7.62,-19.89,-2.32,0,0,0,True,False,1776833022,800000000,3,3,3,3,3,3,3,3,3,3,False,1776833022,800000000,0.00025344745,-2.247059E-05,-8.054308E-05,0.9922834,0.004825549,-0.00070402306,0.002607757,
2026/5/4 下午 03:35:46.079,2026/4/22 上午 04:43:52.849,1776833032,849,420195542,2355073,1776833032,800000000,-19.73,7.76,-2.94,0,0,0,True,False,True,False,1776833032,800000000,-7.76,-19.73,-2.94,0,0,0,True,False,1776833032,800000000,3,3,3,3,3,3,3,3,3,3,False,1776833032,800000000,0.00014606217,1.869151E-05,-5.2721203E-05,0.9922834,-0.00015430381,0.0017913572,0.000107534775,
2026/5/4 下午 03:35:46.079,2026/4/22 上午 04:44:02.849,1776833042,849,420205542,2355083,1776833042,800000000,-19.47,7.66,-3.2,0,0,0,True,False,True,False,1776833042,800000000,-7.66,-19.47,-3.2,0,0,0,True,False,1776833042,800000000,3,3,3,3,3,3,3,3,3,3,False,1776833042,800000000,0.000103780185,8.1736616E-05,-2.6791991E-05,0.9922834,-0.00014371044,0.004304293,-0.0073842998,
2026/5/4 下午 03:35:46.079,2026/4/22 上午 04:44:12.849,1776833052,849,420215542,2355093,1776833052,800000000,-19.330000000000002,7.8,-3.69,0,0,0,True,False,True,False,1776833052,800000000,-7.8,-19.330000000000002,-3.69,0,0,0,True,False,1776833052,800000000,3,3,3,3,3,3,3,3,3,3,False,1776833052,800000000,-1.6705068E-05,7.357093E-05,0.00012091863,0.9922834,0.007349291,0.0018029832,0.00014377816,
2026/5/4 下午 03:35:46.079,2026/4/22 上午 04:44:22.850,1776833062,850,420225542,2355103,1776833062,800000000,-19.13,7.83,-4.14,0,0,0,True,False,True,False,1776833062,800000000,-7.83,-19.13,-4.14,0,0,0,True,False,1776833062,800000000,3,3,3,3,3,3,3,3,3,3,False,1776833062,800000000,-8.7440916E-05,0.00013998897,0.00016820169,0.9922834,-0.005179003,-0.00067600195,-0.002323641,
2026/5/4 下午 03:35:46.079,2026/4/22 上午 04:44:32.850,1776833072,850,420235542,2355113,1776833072,800000000,-18.900000000000002,7.75,-4.51,0,0,0,True,False,True,False,1776833072,800000000,-7.75,-18.900000000000002,-4.51,0,0,0,True,False,1776833072,800000000,3,3,3,4,3,3,3,3,3,3,False,1776833072,800000000,-0.0002676378,0.00014604114,0.00021305833,0.9922834,0.007272689,-0.0031707285,-0.0022682566,
2026/5/4 下午 03:35:46.079,2026/4/22 上午 04:44:42.850,1776833082,850,420245542,2355123,1776833082,800000000,-18.7,7.75,-4.88,0,0,0,True,False,True,False,1776833082,800000000,-7.75,-18.7,-4.88,0,0,0,True,False,1776833082,800000000,3,3,3,3,3,3,3,3,3,3,False,1776833082,800000000,-0.000389237,0.00015669398,0.00021240937,0.9922834,-0.00027358686,-0.010653287,-0.002226134,
2026/5/4 下午 03:35:46.079,2026/4/22 上午 04:44:52.849,1776833092,849,420255541,2355133,1776833092,800000000,-18.53,7.9,-5.42,0,0,0,True,False,True,False,1776833092,800000000,-7.9,-18.53,-5.42,0,0,0,True,False,1776833092,800000000,3,3,3,3,3,3,3,3,3,3,False,1776833092,800000000,-0.00038800485,0.00018364107,0.0002588307,0.9922834,0.0071716593,0.004366085,0.0053077172,
2026/5/4 下午 03:35:46.079,2026/4/22 上午 04:45:02.849,1776833102,849,420265542,2355143,1776833102,800000000,-18.3,7.76,-5.67,0,0,0,True,False,True,False,1776833102,800000000,-7.76,-18.3,-5.67,0,0,0,True,False,1776833102,800000000,3,3,3,3,3,3,3,3,3,3,False,1776833102,800000000,-0.00046216915,0.00028459987,0.00022037387,0.9922834,0.0021098366,-0.00059536705,-0.004643205,
2026/5/4 下午 03:35:46.079,2026/4/22 上午 04:45:12.849,1776833112,849,420275542,2355153,1776833112,800000000,-18.09,7.82,-6.0600000000000005,0,0,0,True,False,True,False,1776833112,800000000,-7.82,-18.09,-6.0600000000000005,0,0,0,True,False,1776833112,800000000,3,3,3,3,3,3,3,3,3,3,False,1776833112,800000000,-0.0005922377,0.00026702572,0.00029704472,0.9922834,-0.0029736098,-0.0030601916,0.005419642,
2026/5/4 下午 03:35:46.079,2026/4/22 上午 04:45:22.849,1776833122,849,420285542,2355163,1776833122,800000000,-17.95,7.92,-6.6000000000000005,0,0,0,True,False,True,False,1776833122,800000000,-7.92,-17.95,-6.6000000000000005,0,0,0,True,False,1776833122,800000000,3,3,3,3,3,3,3,3,3,3,False,1776833122,800000000,-0.0006450703,0.0003288867,0.000320352,0.9922834,0.009452233,-0.00051039655,0.0054757325,
2026/5/4 下午 03:35:46.079,2026/4/22 上午 04:45:32.849,1776833132,849,420295542,2355173,1776833132,800000000,-17.650000000000002,7.78,-6.7700000000000005,0,0,0,True,False,True,False,1776833132,800000000,-7.78,-17.650000000000002,-6.7700000000000005,0,0,0,True,False,1776833132,800000000,3,3,3,3,3,3,3,3,3,3,False,1776833132,800000000,-0.0006554561,0.00039716886,0.00036073677,0.9922834,-0.00063328247,-0.00044916497,-0.0044697537,
2026/5/4 下午 03:35:46.079,2026/4/22 上午 04:45:42.849,1776833142,849,420305542,2355183,1776833142,800000000,-17.47,7.76,-7.12,0,0,0,True,False,True,False,1776833142,800000000,-7.76,-17.47,-7.12,0,0,0,True,False,1776833142,800000000,3,3,3,3,3,3,3,3,3,3,False,1776833142,800000000,-0.0007302811,0.0003868429,0.0002896418,0.9922834,0.006753562,-0.0054091695,-0.0069099665,
2026/5/4 下午 03:35:46.079,2026/4/22 上午 04:45:52.849,1776833152,849,420315542,2355193,1776833152,800000000,-17.25,7.890000000000001,-7.55,0,0,0,True,False,True,False,1776833152,800000000,-7.890000000000001,-17.25,-7.55,0,0,0,True,False,1776833152,800000000,3,3,3,3,3,3,3,3,3,3,False,1776833152,800000000,-0.00081694673,0.00050860445,0.00030189104,0.9922834,-0.003344015,-0.0028422659,-0.0068486766,
2026/5/4 下午 03:35:46.079,2026/4/22 上午 04:46:02.849,1776833162,849,420325542,2355203,1776833162,800000000,-16.98,7.7700000000000005,-7.73,0,0,0,True,False,True,False,1776833162,800000000,-7.7700000000000005,-16.98,-7.73,0,0,0,True,False,1776833162,800000000,3,3,3,3,3,3,3,3,3,3,False,1776833162,800000000,-0.0009376115,0.00050439104,0.00036341784,0.9922836,0.0040301,-0.0027785997,-0.0067707263,
2026/5/4 下午 03:35:46.079,2026/4/22 上午 04:46:12.850,1776833172,850,420335542,2355213,1776833172,800000000,-16.77,7.84,-8.13,0,0,0,True,False,True,False,1776833172,800000000,-7.84,-16.77,-8.13,0,0,0,True,False,1776833172,800000000,3,3,3,3,3,3,3,3,3,3,False,1776833172,800000000,-0.00093384605,0.00046541932,0.00031514378,0.99228376,0.0063984813,-0.0052230535,-0.009217969,
2026/5/4 下午 03:35:46.079,2026/4/22 上午 04:46:22.850,1776833182,850,420345542,2355223,1776833182,800000000,-16.62,7.86,-8.47,0,0,0,True,False,True,False,1776833182,800000000,-7.86,-16.62,-8.47,0,0,0,True,False,1776833182,800000000,3,3,3,3,3,3,3,3,3,3,False,1776833182,800000000,-0.0009502678,0.0004815537,0.00030773773,0.992284,0.013772186,-0.0076627387,0.0008378481,
2026/5/4 下午 03:35:46.079,2026/4/22 上午 04:46:32.849,1776833192,849,420355542,2355233,1776833192,800000000,-16.330000000000002,7.72,-8.66,0,0,0,True,False,True,False,1776833192,800000000,-7.72,-16.330000000000002,-8.66,0,0,0,True,False,1776833192,800000000,3,3,3,3,3,3,3,3,3,3,False,1776833192,800000000,-0.0010033428,0.0004779161,0.00025857348,0.9922843,0.018628612,-0.0026049034,0.003398756,
2026/5/4 下午 03:35:46.079,2026/4/22 上午 04:46:42.850,1776833202,850,420365542,2355243,1776833202,800000000,-16.14,7.74,-8.98,0,0,0,True,False,True,False,1776833202,800000000,-7.74,-16.14,-8.98,0,0,0,True,False,1776833202,800000000,3,3,3,3,3,3,3,3,3,3,False,1776833202,800000000,-0.001138821,0.0004958024,0.00031161992,0.9922846,0.0059872167,-0.0025440855,-0.0015334961,
2026/5/4 下午 03:35:46.079,2026/4/22 上午 04:46:52.850,1776833212,850,420375542,2355253,1776833212,800000000,-15.93,7.8,-9.3,0,0,0,True,False,True,False,1776833212,800000000,-7.8,-15.93,-9.3,0,0,0,True,False,1776833212,800000000,3,3,3,3,3,3,3,3,3,3,False,1776833212,800000000,-0.000976857,0.0004127595,0.00025115037,0.9922849,0.010853569,7.643942E-06,0.0034904436,
2026/5/4 下午 03:35:46.079,2026/4/22 上午 04:47:02.849,1776833222,849,420385542,2355263,1776833222,800000000,-15.74,7.6000000000000005,-9.55,0,0,0,True,False,True,False,1776833222,800000000,-7.6000000000000005,-15.74,-9.55,0,0,0,True,False,1776833222,800000000,3,3,3,3,3,3,3,3,3,3,False,1776833222,800000000,-0.0010642685,0.00051179255,0.00024211111,0.9922849,0.00072258647,-0.0049304096,0.0010485308,
2026/5/4 下午 03:35:46.079,2026/4/22 上午 04:47:12.850,1776833232,850,420395542,2355273,1776833232,800000000,-15.49,7.640000000000001,-9.700000000000001,0,0,0,True,False,True,False,1776833232,800000000,-7.640000000000001,-15.49,-9.700000000000001,0,0,0,True,False,1776833232,800000000,3,3,3,3,3,3,3,3,3,3,False,1776833232,800000000,-0.0010736556,0.00048980943,0.0002550982,0.9922853,0.0055916766,-0.0073679266,0.0035941277,
2026/5/4 下午 03:35:46.079,2026/4/22 上午 04:47:22.850,1776833242,850,420405543,2355283,1776833242,800000000,-15.3,7.67,-10.11,0,0,0,True,False,True,False,1776833242,800000000,-7.67,-15.3,-10.11,0,0,0,True,False,1776833242,800000000,3,3,3,3,3,3,3,3,3,3,False,1776833242,800000000,-0.00080306066,0.0004305531,0.00018219133,0.9922856,0.0030069351,0.00016177009,0.0010837425,
2026/5/4 下午 03:35:46.079,2026/4/22 上午 04:47:32.850,1776833252,850,420415543,2355293,1776833252,800000000,-15.07,7.54,-10.17,0,0,0,True,False,True,False,1776833252,800000000,-7.54,-15.07,-10.17,0,0,0,True,False,1776833252,800000000,3,3,3,3,3,3,3,3,3,3,False,1776833252,800000000,-0.0007918434,0.00040771448,0.00016186449,0.99228567,0.0054016495,-0.0022932293,-0.0038848268,
2026/5/4 下午 03:35:46.079,2026/4/22 上午 04:47:42.850,1776833262,850,420425542,2355303,1776833262,800000000,-14.870000000000001,7.58,-10.4,0,0,0,True,False,True,False,1776833262,800000000,-7.58,-14.870000000000001,-10.4,0,0,0,True,False,1776833262,800000000,3,3,3,3,3,3,3,3,3,3,False,1776833262,800000000,-0.0007239489,0.00031149524,0.00010028304,0.99228567,0.01281358,0.002725392,0.0061257756,
2026/5/4 下午 03:35:46.079,2026/4/22 上午 04:47:52.850,1776833272,850,420435542,2355313,1776833272,800000000,-14.700000000000001,7.59,-10.69,0,0,0,True,False,True,False,1776833272,800000000,-7.59,-14.700000000000001,-10.69,0,0,0,True,False,1776833272,800000000,3,3,3,3,3,3,3,3,3,3,False,1776833272,800000000,-0.00075421616,0.00032369877,0.0001682268,0.99228567,0.0077158534,-0.009743358,0.0011545391,
2026/5/4 下午 03:35:46.079,2026/4/22 上午 04:48:02.849,1776833282,849,420445542,2355323,1776833282,800000000,-14.48,7.49,-10.81,0,0,0,True,False,True,False,1776833282,800000000,-7.49,-14.48,-10.81,0,0,0,True,False,1776833282,800000000,4,4,3,3,4,4,3,3,3,3,False,1776833282,800000000,-0.00075520127,0.00032415913,7.652961E-05,0.99228567,0.00512426,0.0027664066,-0.0013301483,
2026/5/4 下午 03:35:46.079,2026/4/22 上午 04:48:12.850,1776833292,850,420455542,2355333,1776833292,800000000,-14.31,7.37,-10.92,0,0,0,True,False,True,False,1776833292,800000000,-7.37,-14.31,-10.92,0,0,0,True,False,1776833292,800000000,3,3,3,3,3,3,3,3,3,3,False,1776833292,800000000,-0.00076073856,0.00013559934,4.6563164E-05,0.99228567,2.4112625E-05,-0.0047500497,-0.0038200163,
2026/5/4 下午 03:35:46.079,2026/4/22 上午 04:48:22.849,1776833302,849,420465542,2355343,1776833302,800000000,-13.950000000000001,7.34,-11.25,0,0,0,True,False,True,False,1776833302,800000000,-7.34,-13.950000000000001,-11.25,0,0,0,True,False,1776833302,800000000,3,3,3,3,3,3,3,3,3,3,False,1776833302,800000000,-0.00074920733,6.874502E-05,1.8706205E-05,0.99228567,0.0049196864,0.00023578826,-0.0038091415,
2026/5/4 下午 03:35:46.079,2026/4/22 上午 04:48:32.850,1776833312,850,420475542,2355353,1776833312,800000000,-13.9,7.41,-11.36,0,0,0,True,False,True,False,1776833312,800000000,-7.41,-13.9,-11.36,0,0,0,True,False,1776833312,800000000,4,4,3,3,4,3,3,3,3,3,False,1776833312,800000000,-0.00077210367,0.000105376224,7.1739036E-05,0.99228567,-0.005162,-0.004758761,0.0012047105,
2026/5/4 下午 03:35:46.079,2026/4/22 上午 04:48:42.849,1776833322,849,420485542,2355363,1776833322,800000000,-13.71,7.28,-11.5,0,0,0,True,False,True,False,1776833322,800000000,-7.28,-13.71,-11.5,0,0,0,True,False,1776833322,800000000,3,3,3,3,3,3,3,3,3,3,False,1776833322,800000000,-0.0007248184,0.0001308783,5.425923E-05,0.99228567,0.007224485,-0.00474434,0.0012230573,
2026/5/4 下午 03:35:46.079,2026/4/22 上午 04:48:52.850,1776833332,850,420495542,2355373,1776833332,800000000,-13.540000000000001,7.29,-11.63,0,0,0,True,False,True,False,1776833332,800000000,-7.29,-13.540000000000001,-11.63,0,0,0,True,False,1776833332,800000000,3,3,3,3,3,3,3,3,4,3,False,1776833332,800000000,-0.00076679117,0.00011599822,2.1759774E-05,0.99228567,0.004631706,0.0027411138,-0.0012634565,
2026/5/4 下午 03:35:46.079,2026/4/22 上午 04:49:02.850,1776833342,850,420505542,2355383,1776833342,800000000,-13.24,7.24,-11.88,0,0,0,True,False,True,False,1776833342,800000000,-7.24,-13.24,-11.88,0,0,0,True,False,1776833342,800000000,4,4,4,3,4,3,3,3,3,3,False,1776833342,800000000,-0.0006692564,0.00012318365,-4.2272304E-06,0.99228567,0.004539813,0.0027327961,0.001236004,
2026/5/4 下午 03:35:46.079,2026/4/22 上午 04:49:12.850,1776833352,850,420515542,2355393,1776833352,800000000,-13.18,7.140000000000001,-11.98,0,0,0,True,False,True,False,1776833352,800000000,-7.140000000000001,-13.18,-11.98,0,0,0,True,False,1776833352,800000000,3,3,3,3,3,3,3,3,3,3,False,1776833352,800000000,-0.00065457186,0.00015330894,3.069449E-05,0.99228567,0.0044568474,-0.0047601685,0.0037502311,
2026/5/4 下午 03:35:46.079,2026/4/22 上午 04:49:22.849,1776833362,849,420525542,2355403,1776833362,800000000,-13.030000000000001,7.2,-12.18,0,0,0,True,False,True,False,1776833362,800000000,-7.2,-13.030000000000001,-12.18,0,0,0,True,False,1776833362,800000000,3,3,3,3,3,3,3,3,3,3,False,1776833362,800000000,-0.00063319894,0.000104095125,2.2149716E-05,0.99228567,0.0018655034,-0.0022844048,-0.0037451587,
2026/5/4 下午 03:35:46.079,2026/4/22 上午 04:49:32.850,1776833372,850,420535542,2355413,1776833372,800000000,-12.93,7.04,-12.21,0,0,0,True,False,True,False,1776833372,800000000,-7.04,-12.93,-12.21,0,0,0,True,False,1776833372,800000000,4,4,3,3,4,3,3,3,3,3,False,1776833372,800000000,-0.00055254326,-8.646592E-05,2.9902225E-05,0.99228567,0.0068058227,-0.0023234517,0.0037484574,
2026/5/4 下午 03:35:46.079,2026/4/22 上午 04:49:42.849,1776833382,849,420545542,2355423,1776833382,800000000,-12.790000000000001,6.99,-12.370000000000001,0,0,0,True,False,True,False,1776833382,800000000,-6.99,-12.790000000000001,-12.370000000000001,0,0,0,True,False,1776833382,800000000,3,3,3,3,3,3,3,3,3,3,False,1776833382,800000000,-0.0004406706,-0.00010299677,2.4142468E-05,0.99228567,-0.000749158,-0.004861314,-0.0012649761,
2026/5/4 下午 03:35:46.079,2026/4/22 上午 04:49:52.850,1776833392,850,420555542,2355433,1776833392,800000000,-12.540000000000001,6.99,-12.530000000000001,0,0,0,True,False,True,False,1776833392,800000000,-6.99,-12.540000000000001,-12.530000000000001,0,0,0,True,False,1776833392,800000000,3,3,3,3,3,3,3,3,3,3,False,1776833392,800000000,-0.0003729374,-0.00017712383,-1.908211E-05,0.99228567,-0.0033067046,7.1843715E-05,0.0012218517,
2026/5/4 下午 03:35:46.079,2026/4/22 上午 04:50:02.850,1776833402,850,420565542,2355443,1776833402,800000000,-12.42,6.8500000000000005,-12.63,0,0,0,True,False,True,False,1776833402,800000000,-6.8500000000000005,-12.42,-12.63,0,0,0,True,False,1776833402,800000000,4,4,3,3,4,3,3,3,3,3,False,1776833402,800000000,-0.00036771456,-0.00018164705,8.866633E-06,0.99228567,-0.0033602475,0.0025436252,0.0012282606,
2026/5/4 下午 03:35:46.079,2026/4/22 上午 04:50:12.850,1776833412,850,420575543,2355453,1776833412,800000000,-12.34,6.82,-12.73,0,0,0,True,False,True,False,1776833412,800000000,-6.82,-12.34,-12.73,0,0,0,True,False,1776833412,800000000,3,3,3,3,3,3,3,3,3,3,False,1776833412,800000000,-0.00036935182,-8.5303924E-05,8.686663E-06,0.99228567,0.0065842494,0.0050267726,-0.0037609434,
2026/5/4 下午 03:35:46.079,2026/4/22 上午 04:50:22.849,1776833422,849,420585542,2355463,1776833422,800000000,-12.09,6.8,-12.86,0,0,0,True,False,True,False,1776833422,800000000,-6.8,-12.09,-12.86,0,0,0,True,False,1776833422,800000000,3,3,3,3,3,3,3,3,3,3,False,1776833422,800000000,-0.0003363371,-6.815519E-05,2.4103358E-05,0.99228567,-0.0009652101,0.0024870692,0.001236886,
2026/5/4 下午 03:35:46.079,2026/4/22 上午 04:50:32.849,1776833432,849,420595542,2355473,1776833432,800000000,-12.02,6.86,-13.08,0,0,0,True,False,True,False,1776833432,800000000,-6.86,-12.02,-13.08,0,0,0,True,False,1776833432,800000000,3,3,3,3,3,3,3,3,3,3,False,1776833432,800000000,-0.00039526308,2.2790598E-05,5.155999E-05,0.99228567,0.00646493,0.0049864915,0.003760474,
2026/5/4 下午 03:35:46.079,2026/4/22 上午 04:50:42.849,1776833442,849,420605542,2355483,1776833442,800000000,-11.9,6.73,-13.18,0,0,0,True,False,True,False,1776833442,800000000,-6.73,-11.9,-13.18,0,0,0,True,False,1776833442,800000000,3,3,3,3,3,3,3,3,3,3,False,1776833442,800000000,-0.00034400748,6.761768E-05,1.2568643E-05,0.99228567,0.0039075534,0.0074819587,-0.0012340898,
2026/5/4 下午 03:35:46.079,2026/4/22 上午 04:50:52.850,1776833452,850,420615542,2355493,1776833452,800000000,-11.74,6.66,-13.18,0,0,0,True,False,True,False,1776833452,800000000,-6.66,-11.74,-13.18,0,0,0,True,False,1776833452,800000000,3,3,3,3,3,3,3,3,3,3,False,1776833452,800000000,-0.0003550393,-7.044945E-05,2.5909801E-05,0.99228567,0.013850373,0.0024427664,-0.003722048,
2026/5/4 下午 03:35:46.079,2026/4/22 上午 04:51:02.897,1776833462,897,420625590,2355503,1776833462,801000000,-11.6,6.6000000000000005,-13.280000000000001,0,0,0,True,False,True,False,1776833462,801000000,-6.6000000000000005,-11.6,-13.280000000000001,0,0,0,True,False,1776833462,801000000,3,3,3,3,3,3,3,3,3,3,False,1776833462,801000000,-0.0004217523,-0.0001407521,4.3778873E-05,0.99228567,0.0037790332,0.004908525,0.0012978748,
2026/5/4 下午 03:35:46.079,2026/4/22 上午 04:51:12.850,1776833472,850,420635543,2355513,1776833472,800000000,-11.6,6.57,-13.44,0,0,0,True,False,True,False,1776833472,800000000,-6.57,-11.6,-13.44,0,0,0,True,False,1776833472,800000000,3,3,3,3,3,3,3,4,3,3,False,1776833472,800000000,-0.00034773533,-4.0754083E-05,5.762644E-06,0.99228567,0.0012293565,-0.0026023688,-0.0037008373,
2026/5/4 下午 03:35:46.079,2026/4/22 上午 04:51:22.849,1776833482,849,420645542,2355523,1776833482,800000000,-11.36,6.53,-13.44,0,0,0,True,False,True,False,1776833482,800000000,-6.53,-11.36,-13.44,0,0,0,True,False,1776833482,800000000,3,3,3,3,3,3,3,4,3,3,False,1776833482,800000000,-0.00037984978,-4.3297558E-05,3.158042E-05,0.99228567,0.013684812,-0.0026089256,-0.0036829002,
2026/5/4 下午 03:35:46.079,2026/4/22 上午 04:51:32.850,1776833492,850,420655543,2355533,1776833492,800000000,-11.36,6.48,-13.63,0,0,0,True,False,True,False,1776833492,800000000,-6.48,-11.36,-13.63,0,0,0,True,False,1776833492,800000000,3,3,3,3,3,3,3,3,3,3,False,1776833492,800000000,-0.00036800315,-8.9121444E-05,0.000102640806,0.99228567,-0.0013757137,-0.0051640566,-0.0036719968,
2026/5/4 下午 03:35:46.079,2026/4/22 上午 04:51:42.849,1776833502,849,420665542,2355543,1776833502,800000000,-11.200000000000001,6.47,-13.81,0,0,0,True,False,True,False,1776833502,800000000,-6.47,-11.200000000000001,-13.81,0,0,0,True,False,1776833502,800000000,3,3,3,3,3,3,3,3,3,3,False,1776833502,800000000,-0.00040993607,-2.9109406E-05,7.7655175E-05,0.99228567,0.006058725,-0.0026925153,-0.0011493287,
2026/5/4 下午 03:35:46.079,2026/4/22 上午 04:51:52.849,1776833512,849,420675542,2355553,1776833512,800000000,-11.1,6.36,-13.74,0,0,0,True,False,True,False,1776833512,800000000,-6.36,-11.1,-13.74,0,0,0,True,False,1776833512,800000000,3,3,3,3,3,3,3,3,3,3,False,1776833512,800000000,-0.00042342456,-8.8635745E-05,9.462758E-05,0.99228567,0.005989681,0.004785228,-0.001126607,
2026/5/4 下午 03:35:46.079,2026/4/22 上午 04:52:02.849,1776833522,849,420685542,2355563,1776833522,800000000,-10.99,6.2700000000000005,-13.77,0,0,0,True,False,True,False,1776833522,800000000,-6.2700000000000005,-10.99,-13.77,0,0,0,True,False,1776833522,800000000,3,3,3,3,3,3,3,3,3,3,False,1776833522,800000000,-0.00035920946,-9.316381E-05,0.00014304946,0.99228567,0.0009355759,-0.00025100278,0.0063820076,
2026/5/4 下午 03:35:46.079,2026/4/22 上午 04:52:12.849,1776833532,849,420695542,2355573,1776833532,800000000,-10.9,6.2,-13.870000000000001,0,0,0,True,False,True,False,1776833532,800000000,-6.2,-10.9,-13.870000000000001,0,0,0,True,False,1776833532,800000000,3,3,3,3,3,3,3,3,3,3,False,1776833532,800000000,-0.00032303316,-0.0001053006,0.000121541816,0.99228567,0.008393707,0.0022046103,-0.0011079189,
2026/5/4 下午 03:35:46.080,2026/4/22 上午 04:52:22.849,1776833542,849,420705543,2355583,1776833542,800000000,-10.82,6.16,-13.94,0,0,0,True,False,True,False,1776833542,800000000,-6.16,-10.82,-13.94,0,0,0,True,False,1776833542,800000000,3,3,3,3,3,3,3,3,3,3,False,1776833542,800000000,-0.00022410828,-0.00016283341,7.2195995E-05,0.99228567,0.0033555538,-0.0028307466,-0.0086095175,
2026/5/4 下午 03:35:46.080,2026/4/22 上午 04:52:32.850,1776833552,850,420715543,2355593,1776833552,800000000,-10.84,6.11,-14.11,0,0,0,True,False,True,False,1776833552,800000000,-6.11,-10.84,-14.11,0,0,0,True,False,1776833552,800000000,3,3,3,3,3,3,3,3,3,3,False,1776833552,800000000,-0.00021388898,1.4763087E-05,9.850893E-05,0.99228567,0.008326147,-0.0028251237,0.0014022297,
2026/5/4 下午 03:35:46.080,2026/4/22 上午 04:52:42.849,1776833562,849,420725542,2355603,1776833562,800000000,-10.67,6.0200000000000005,-14.11,0,0,0,True,False,True,False,1776833562,800000000,-6.0200000000000005,-10.67,-14.11,0,0,0,True,False,1776833562,800000000,3,3,3,3,3,3,3,3,3,3,False,1776833562,800000000,-0.00014991025,7.474952E-05,8.123514E-05,0.99228567,0.0058073653,0.0021852937,-0.006099229,
2026/5/4 下午 03:35:46.080,2026/4/22 上午 04:52:52.849,1776833572,849,420735543,2355613,1776833572,800000000,-10.66,6,-14.3,0,0,0,True,False,True,False,1776833572,800000000,-6,-10.66,-14.3,0,0,0,True,False,1776833572,800000000,3,3,3,3,3,3,3,3,3,3,False,1776833572,800000000,-0.00018686445,0.0001679627,3.7993872E-05,0.99228567,0.0032870336,-0.0002961794,0.0014092546,
2026/5/4 下午 03:35:46.080,2026/4/22 上午 04:53:02.849,1776833582,849,420745542,2355623,1776833582,800000000,-10.6,5.96,-14.36,0,0,0,True,False,True,False,1776833582,800000000,-5.96,-10.6,-14.36,0,0,0,True,False,1776833582,800000000,3,3,3,3,3,3,3,3,3,3,False,1776833582,800000000,-0.00015197179,9.21869E-05,-7.5414655E-06,0.99228567,0.005765837,-0.0027919598,-0.006087818,
2026/5/4 下午 03:35:46.080,2026/4/22 上午 04:53:12.850,1776833592,850,420755543,2355633,1776833592,800000000,-10.52,5.8500000000000005,-14.370000000000001,0,0,0,True,False,True,False,1776833592,800000000,-5.8500000000000005,-10.52,-14.370000000000001,0,0,0,True,False,1776833592,800000000,3,3,3,3,3,3,3,3,3,3,False,1776833592,800000000,-0.00012782602,0.000110719164,1.790391E-05,0.99228567,-0.004230199,0.0047162725,0.0014056189,
2026/5/4 下午 03:35:46.080,2026/4/22 上午 04:53:22.850,1776833602,850,420765543,2355643,1776833602,800000000,-10.540000000000001,5.8500000000000005,-14.51,0,0,0,True,False,True,False,1776833602,800000000,-5.8500000000000005,-10.540000000000001,-14.51,0,0,0,True,False,1776833602,800000000,3,3,3,3,3,3,3,3,3,3,False,1776833602,800000000,-6.2597464E-05,3.6802994E-05,1.9946008E-05,0.99228567,0.00077448157,-0.00029514555,0.00389727,
2026/5/4 下午 03:35:46.080,2026/4/22 上午 04:53:32.850,1776833612,850,420775543,2355653,1776833612,800000000,-10.47,5.69,-14.4,0,0,0,True,False,True,False,1776833612,800000000,-5.69,-10.47,-14.4,0,0,0,True,False,1776833612,800000000,3,3,3,3,3,3,3,3,3,3,False,1776833612,800000000,-1.4662513E-05,1.4428826E-05,3.2403874E-05,0.99228567,0.0032835042,-0.00031610302,-0.0011083347,
2026/5/4 下午 03:35:46.080,2026/4/22 上午 04:53:42.848,1776833622,848,420785541,2355663,1776833622,800000000,-10.41,5.67,-14.72,0,0,0,True,False,True,False,1776833622,800000000,-5.67,-10.41,-14.72,0,0,0,True,False,1776833622,800000000,3,3,3,3,3,3,3,3,3,3,False,1776833622,800000000,5.9155554E-05,-6.1326966E-05,3.1368596E-05,0.99228567,0.0007858727,0.009659008,0.001383783,
2026/5/4 下午 03:35:46.080,2026/4/22 上午 04:53:52.850,1776833632,850,420795543,2355673,1776833632,800000000,-10.42,5.64,-14.72,0,0,0,True,False,True,False,1776833632,800000000,-5.64,-10.42,-14.72,0,0,0,True,False,1776833632,800000000,3,3,3,3,3,3,3,3,3,3,False,1776833632,800000000,3.1829797E-05,-1.4415182E-05,2.8873255E-05,0.99228567,-0.009212646,0.0071576247,0.0038835863,
2026/5/4 下午 03:35:46.080,2026/4/22 上午 04:54:02.849,1776833642,849,420805542,2355683,1776833642,800000000,-10.4,5.6000000000000005,-14.790000000000001,0,0,0,True,False,True,False,1776833642,800000000,-5.6000000000000005,-10.4,-14.790000000000001,0,0,0,True,False,1776833642,800000000,3,3,3,3,3,3,3,3,3,3,False,1776833642,800000000,1.6984033E-05,0.00014720057,-8.232784E-06,0.99228567,-0.0067095403,-0.00033356537,0.0013796969,
2026/5/4 下午 03:35:46.080,2026/4/22 上午 04:54:12.850,1776833652,850,420815543,2355693,1776833652,800000000,-10.35,5.58,-14.94,0,0,0,True,False,True,False,1776833652,800000000,-5.58,-10.35,-14.94,0,0,0,True,False,1776833652,800000000,3,3,3,3,3,3,3,3,3,3,False,1776833652,800000000,-3.3750934E-05,0.00012580928,-2.6847607E-05,0.99228567,0.00078971754,0.007179596,0.0063825864,
2026/5/4 下午 03:35:46.080,2026/4/22 上午 04:54:22.849,1776833662,849,420825542,2355703,1776833662,800000000,-10.39,5.44,-14.92,0,0,0,True,False,True,False,1776833662,800000000,-5.44,-10.39,-14.92,0,0,0,True,False,1776833662,800000000,3,3,3,3,3,3,3,3,3,3,False,1776833662,800000000,-1.6727918E-05,0.00016928192,-4.201564E-05,0.99228567,-0.0016934128,0.0021857473,0.0013683313,
2026/5/4 下午 03:35:46.080,2026/4/22 上午 04:54:32.850,1776833672,850,420835543,2355713,1776833672,800000000,-10.36,5.42,-14.950000000000001,0,0,0,True,False,True,False,1776833672,800000000,-5.42,-10.36,-14.950000000000001,0,0,0,True,False,1776833672,800000000,3,3,3,3,3,3,3,3,3,3,False,1776833672,800000000,4.5562747E-06,8.645041E-05,-4.172027E-05,0.99228567,-0.0016811696,-0.007815258,-0.0011422292,
2026/5/4 下午 03:35:46.080,2026/4/22 上午 04:54:42.848,1776833682,848,420845542,2355723,1776833682,800000000,-10.290000000000001,5.3500000000000005,-15.07,0,0,0,True,False,True,False,1776833682,800000000,-5.3500000000000005,-10.290000000000001,-15.07,0,0,0,True,False,1776833682,800000000,3,3,3,3,3,3,3,3,3,3,False,1776833682,800000000,6.810721E-05,9.91847E-05,-3.0005027E-05,0.99228567,-0.0041568475,0.0021790038,-0.0036639597,
2026/5/4 下午 03:35:46.080,2026/4/22 上午 04:54:52.850,1776833692,850,420855543,2355733,1776833692,800000000,-10.33,5.3100000000000005,-15.14,0,0,0,True,False,True,False,1776833692,800000000,-5.3100000000000005,-10.33,-15.14,0,0,0,True,False,1776833692,800000000,3,3,3,3,3,3,3,3,3,3,False,1776833692,800000000,0.00011299836,-3.1242216E-05,-3.8266196E-05,0.99228567,0.00086195936,-0.0028465746,0.0013243657,
2026/5/4 下午 03:35:46.080,2026/4/22 上午 04:55:02.849,1776833702,849,420865543,2355743,1776833702,800000000,-10.38,5.22,-15.17,0,0,0,True,False,True,False,1776833702,800000000,-5.22,-10.38,-15.17,0,0,0,True,False,1776833702,800000000,3,3,3,3,3,3,3,3,3,3,False,1776833702,800000000,0.00013779962,-0.00010253914,8.6018095E-05,0.99228567,-0.001589954,0.004620463,-0.0011920803,
2026/5/4 下午 03:35:46.080,2026/4/22 上午 04:55:12.850,1776833712,850,420875543,2355753,1776833712,800000000,-10.38,5.16,-15.22,0,0,0,True,False,True,False,1776833712,800000000,-5.16,-10.38,-15.22,0,0,0,True,False,1776833712,800000000,3,3,3,3,3,3,3,3,3,3,False,1776833712,800000000,0.00021855398,-0.00017406946,-2.771036E-05,0.99228567,0.0009414528,0.0045729517,0.0012796707,
2026/5/4 下午 03:35:46.080,2026/4/22 上午 04:55:22.849,1776833722,849,420885543,2355763,1776833722,800000000,-10.370000000000001,5.15,-15.34,0,0,0,True,False,True,False,1776833722,800000000,-5.15,-10.370000000000001,-15.34,0,0,0,True,False,1776833722,800000000,3,3,3,3,3,3,3,3,3,3,False,1776833722,800000000,0.00027039598,-0.00029154777,8.675427E-05,0.99228567,-0.0014930125,0.0019870114,0.008761733,
2026/5/4 下午 03:35:46.080,2026/4/22 上午 04:55:32.850,1776833732,850,420895543,2355773,1776833732,800000000,-10.4,5,-15.35,0,0,0,True,False,True,False,1776833732,800000000,-5,-10.4,-15.35,0,0,0,True,False,1776833732,800000000,3,3,3,3,3,3,3,3,3,3,False,1776833732,800000000,0.00035828608,-0.0003943036,8.598896E-05,0.99228567,-0.0064404984,-0.003087132,0.001236895,
2026/5/4 下午 03:35:46.080,2026/4/22 上午 04:55:42.849,1776833742,849,420905542,2355783,1776833742,800000000,-10.4,5.04,-15.47,0,0,0,True,False,True,False,1776833742,800000000,-5.04,-10.4,-15.47,0,0,0,True,False,1776833742,800000000,3,3,3,3,3,3,3,3,3,3,False,1776833742,800000000,0.00030416477,-0.0002603228,4.3760105E-05,0.99228567,0.0010897147,-0.003132062,0.0037309353,
2026/5/4 下午 03:35:46.080,2026/4/22 上午 04:55:52.850,1776833752,850,420915544,2355793,1776833752,800000000,-10.39,4.97,-15.530000000000001,0,0,0,True,False,True,False,1776833752,800000000,-4.97,-10.39,-15.530000000000001,0,0,0,True,False,1776833752,800000000,3,3,3,3,3,3,3,3,3,3,False,1776833752,800000000,0.00020103638,-0.00019518759,2.059295E-05,0.99228567,-0.0038876086,-0.000666397,-0.0012649902,
2026/5/4 下午 03:35:46.080,2026/4/22 上午 04:56:02.849,1776833762,849,420925542,2355803,1776833762,800000000,-10.39,4.89,-15.540000000000001,0,0,0,True,False,True,False,1776833762,800000000,-4.89,-10.39,-15.540000000000001,0,0,0,True,False,1776833762,800000000,3,3,3,3,3,3,3,3,3,3,False,1776833762,800000000,0.00017629004,-5.1419895E-05,-5.028521E-05,0.99228567,-0.0038638955,0.00682484,-0.0012892077,
2026/5/4 下午 03:35:46.080,2026/4/22 上午 04:56:12.850,1776833772,850,420935543,2355813,1776833772,800000000,-10.44,4.84,-15.69,0,0,0,True,False,True,False,1776833772,800000000,-4.84,-10.44,-15.69,0,0,0,True,False,1776833772,800000000,3,3,3,3,3,3,3,3,3,3,False,1776833772,800000000,0.00015779817,-0.00017209382,5.3063727E-06,0.99228567,-0.003825473,-0.0007257276,-0.0012931725,
2026/5/4 下午 03:35:46.080,2026/4/22 上午 04:56:22.849,1776833782,849,420945542,2355823,1776833782,800000000,-10.44,4.79,-15.780000000000001,0,0,0,True,False,True,False,1776833782,800000000,-4.79,-10.44,-15.780000000000001,0,0,0,True,False,1776833782,800000000,3,3,3,3,3,3,3,3,3,3,False,1776833782,800000000,0.00022267787,-0.0001488317,-7.599359E-05,0.99228567,-0.0012830514,0.004229748,0.0011688613,
2026/5/4 下午 03:35:46.080,2026/4/22 上午 04:56:32.850,1776833792,850,420955544,2355833,1776833792,800000000,-10.59,4.66,-15.84,0,0,0,True,False,True,False,1776833792,800000000,-4.66,-10.59,-15.84,0,0,0,True,False,1776833792,800000000,3,3,3,3,3,3,3,3,3,3,False,1776833792,800000000,0.00028302206,-0.00030293787,4.3334385E-05,0.99228567,-0.0012315102,-0.0008338033,-0.0013411206,
2026/5/4 下午 03:35:46.080,2026/4/22 上午 04:56:42.849,1776833802,849,420965543,2355843,1776833802,800000000,-10.58,4.71,-16.12,0,0,0,True,False,True,False,1776833802,800000000,-4.71,-10.58,-16.12,0,0,0,True,False,1776833802,800000000,3,3,3,3,3,3,3,3,3,3,False,1776833802,800000000,0.0002623342,-0.00023534118,-1.7746927E-06,0.99228567,-0.003690028,0.0041191443,0.0011365537,
2026/5/4 下午 03:35:46.080,2026/4/22 上午 04:56:52.850,1776833812,850,420975543,2355853,1776833812,800000000,-10.63,4.61,-16.12,0,0,0,True,False,True,False,1776833812,800000000,-4.61,-10.63,-16.12,0,0,0,True,False,1776833812,800000000,3,3,4,3,3,3,3,3,3,3,False,1776833812,800000000,0.00023094,-0.00015878948,-6.3474334E-05,0.99228567,-0.003666228,0.0040970263,0.006118457,
2026/5/4 下午 03:35:46.080,2026/4/22 上午 04:57:02.849,1776833822,849,420985542,2355863,1776833822,800000000,-10.68,4.54,-16.12,0,0,0,True,False,True,False,1776833822,800000000,-4.54,-10.68,-16.12,0,0,0,True,False,1776833822,800000000,3,3,3,3,3,3,3,3,3,3,False,1776833822,800000000,0.00022559473,-0.00018769989,-0.000109070796,0.99228567,-0.003615886,0.0015539748,-0.003912769,
2026/5/4 下午 03:35:46.080,2026/4/22 上午 04:57:12.850,1776833832,850,420995544,2355873,1776833832,800000000,-10.78,4.51,-16.47,0,0,0,True,False,True,False,1776833832,800000000,-4.51,-10.78,-16.47,0,0,0,True,False,1776833832,800000000,3,3,3,3,3,3,3,3,3,3,False,1776833832,800000000,0.00023426901,-0.00025367737,-6.863812E-05,0.99228567,-0.001051578,-0.0010094272,-0.003937072,
2026/5/4 下午 03:35:46.080,2026/4/22 上午 04:57:22.849,1776833842,849,421005542,2355883,1776833842,800000000,-10.870000000000001,4.46,-16.51,0,0,0,True,False,True,False,1776833842,800000000,-4.46,-10.870000000000001,-16.51,0,0,0,True,False,1776833842,800000000,4,4,3,3,4,4,3,3,3,3,False,1776833842,800000000,0.00033201347,-0.00026068313,-3.5364073E-06,0.99228567,0.0015169979,0.0039336886,0.0010206217,
2026/5/4 下午 03:35:46.080,2026/4/22 上午 04:57:32.850,1776833852,850,421015544,2355893,1776833852,800000000,-10.96,4.43,-16.64,0,0,0,True,False,True,False,1776833852,800000000,-4.43,-10.96,-16.64,0,0,0,True,False,1776833852,800000000,3,3,3,3,3,3,3,3,3,3,False,1776833852,800000000,0.00038851783,-0.0003491169,-1.1436082E-05,0.99228567,-0.0009319952,-0.0011320905,0.0009997365,
2026/5/4 下午 03:35:46.080,2026/4/22 上午 04:57:42.849,1776833862,849,421025542,2355903,1776833862,800000000,-10.950000000000001,4.37,-16.82,0,0,0,True,False,True,False,1776833862,800000000,-4.37,-10.950000000000001,-16.82,0,0,0,True,False,1776833862,800000000,3,3,3,3,3,3,3,3,3,3,False,1776833862,800000000,0.00029292883,-0.00032339036,-1.0704952E-05,0.99228567,-0.0008724889,-0.006192747,0.0009888266,
2026/5/4 下午 03:35:46.080,2026/4/22 上午 04:57:52.850,1776833872,850,421035544,2355913,1776833872,800000000,-11.1,4.26,-16.89,0,0,0,True,False,True,False,1776833872,800000000,-4.26,-11.1,-16.89,0,0,0,True,False,1776833872,800000000,4,4,3,3,4,3,3,3,3,3,False,1776833872,800000000,0.0003827409,-0.00030619974,-2.2176093E-05,0.99228567,-0.00080452405,0.0012409934,-0.0015499882,
2026/5/4 下午 03:35:46.080,2026/4/22 上午 04:58:02.849,1776833882,849,421045543,2355923,1776833882,800000000,-11.17,4.18,-17.03,0,0,0,True,False,True,False,1776833882,800000000,-4.18,-11.17,-17.03,0,0,0,True,False,1776833882,800000000,3,3,3,3,3,3,3,3,3,3,False,1776833882,800000000,0.00037455268,-0.00024388659,-6.081868E-05,0.99228567,-0.0032259037,0.003682119,0.00590281,
2026/5/4 下午 03:35:46.080,2026/4/22 上午 04:58:12.850,1776833892,850,421055544,2355933,1776833892,800000000,-11.22,4.17,-17.26,0,0,0,True,False,True,False,1776833892,800000000,-4.17,-11.22,-17.26,0,0,0,True,False,1776833892,800000000,3,3,3,3,3,3,3,3,3,3,False,1776833892,800000000,0.00046151076,-0.00033752725,-0.0001511766,0.99228567,-0.0031378865,0.0011069175,0.0008457164,
2026/5/4 下午 03:35:46.080,2026/4/22 上午 04:58:22.849,1776833902,849,421065543,2355943,1776833902,800000000,-11.32,4.08,-17.32,0,0,0,True,False,True,False,1776833902,800000000,-4.08,-11.32,-17.32,0,0,0,True,False,1776833902,800000000,4,4,3,3,4,3,3,3,3,3,False,1776833902,800000000,0.0005193243,-0.0003013938,-0.00021067061,0.99228567,-0.005553838,0.0060533085,0.0032853396,
2026/5/4 下午 03:35:46.080,2026/4/22 上午 04:58:32.850,1776833912,850,421075544,2355953,1776833912,800000000,-11.27,4.0200000000000005,-17.38,0,0,0,True,False,True,False,1776833912,800000000,-4.0200000000000005,-11.27,-17.38,0,0,0,True,False,1776833912,800000000,3,3,3,3,3,3,3,3,3,3,False,1776833912,800000000,0.00056281977,-0.0003634838,-8.6635686E-05,0.99228567,-0.010431016,0.0009679192,0.00074019603,
2026/5/4 下午 03:35:46.080,2026/4/22 上午 04:58:42.849,1776833922,849,421085543,2355963,1776833922,800000000,-11.43,4.01,-17.66,0,0,0,True,False,True,False,1776833922,800000000,-4.01,-11.43,-17.66,0,0,0,True,False,1776833922,800000000,3,3,3,3,3,3,3,3,3,3,False,1776833922,800000000,0.0006032318,-0.00032531956,-0.00014975444,0.99228567,-0.010316395,-0.0015979707,-0.0018281543,
2026/5/4 下午 03:35:46.080,2026/4/22 上午 04:58:52.850,1776833932,850,421095544,2355973,1776833932,800000000,-11.49,3.85,-17.72,0,0,0,True,False,True,False,1776833932,800000000,-3.85,-11.49,-17.72,0,0,0,True,False,1776833932,800000000,4,4,3,3,4,3,3,3,3,3,False,1776833932,800000000,0.0006104662,-0.00029146482,-0.00021768022,0.99228567,-0.0027116565,0.0033461123,0.008115354,
2026/5/4 下午 03:35:46.080,2026/4/22 上午 04:59:02.849,1776833942,849,421105543,2355983,1776833942,800000000,-11.59,3.7800000000000002,-17.89,0,0,0,True,False,True,False,1776833942,800000000,-3.7800000000000002,-11.59,-17.89,0,0,0,True,False,1776833942,800000000,3,3,3,3,3,3,3,3,3,3,False,1776833942,800000000,0.0005022123,-0.00028165727,-0.0002500053,0.99228567,-0.0051036347,0.003300729,0.0005730071,
2026/5/4 下午 03:35:46.080,2026/4/22 上午 04:59:12.850,1776833952,850,421115544,2355993,1776833952,800000000,-11.68,3.88,-18.23,0,0,0,True,False,True,False,1776833952,800000000,-3.88,-11.68,-18.23,0,0,0,True,False,1776833952,800000000,3,3,3,3,3,3,3,3,3,3,False,1776833952,800000000,0.00066418987,-0.0003129268,-0.00014359211,0.99228567,-0.0024742666,0.0032417786,-0.004489811,
2026/5/4 下午 03:35:46.080,2026/4/22 上午 04:59:22.849,1776833962,849,421125543,2356003,1776833962,800000000,-11.74,3.74,-18.27,0,0,0,True,False,True,False,1776833962,800000000,-3.74,-11.74,-18.27,0,0,0,True,False,1776833962,800000000,4,4,3,3,4,3,3,3,3,3,False,1776833962,800000000,0.0006070355,-0.00021703835,-9.1965485E-05,0.99228567,-0.012370948,-0.0017927713,0.00047301932,
2026/5/4 下午 03:35:46.080,2026/4/22 上午 04:59:32.850,1776833972,850,421135544,2356013,1776833972,800000000,-11.78,3.71,-18.43,0,0,0,True,False,True,False,1776833972,800000000,-3.71,-11.78,-18.43,0,0,0,True,False,1776833972,800000000,3,3,3,3,3,3,3,3,3,3,False,1776833972,800000000,0.0006039755,-0.00023663811,-1.9491796E-05,0.99228567,-0.014762553,0.0031645054,-0.0045578303,
2026/5/4 下午 03:35:46.080,2026/4/22 上午 04:59:42.849,1776833982,849,421145543,2356023,1776833982,800000000,-11.94,3.7600000000000002,-18.85,0,0,0,True,False,True,False,1776833982,800000000,-3.7600000000000002,-11.94,-18.85,0,0,0,True,False,1776833982,800000000,3,3,3,3,3,3,3,3,3,3,False,1776833982,800000000,0.00059741794,-0.00025400444,5.280971E-05,0.99228567,-0.0096525345,0.0006215939,0.007916057,
2026/5/4 下午 03:35:46.080,2026/4/22 上午 04:59:52.850,1776833992,850,421155544,2356033,1776833992,800000000,-11.950000000000001,3.69,-18.95,0,0,0,True,False,True,False,1776833992,800000000,-3.69,-11.950000000000001,-18.95,0,0,0,True,False,1776833992,800000000,3,3,3,3,3,3,3,3,3,3,False,1776833992,800000000,0.0005770317,-0.00015537272,-3.027291E-05,0.99228567,-0.0045643984,0.005606018,-0.0046163406,
2026/5/4 下午 03:35:46.080,2026/4/22 上午 05:00:02.848,1776834002,848,421165543,2356043,1776834002,800000000,-12.08,3.63,-19.12,0,0,0,True,False,True,False,1776834002,800000000,-3.63,-12.08,-19.12,0,0,0,True,False,1776834002,800000000,3,3,3,3,3,3,3,3,3,3,False,1776834002,800000000,0.0005350752,-7.1537805E-05,1.200347E-05,0.99228567,-0.004469602,0.013098255,0.00035750552,
2026/5/4 下午 03:35:46.080,2026/4/22 上午 05:00:12.850,1776834012,850,421175544,2356053,1776834012,800000000,-12.14,3.45,-19.53,0,0,0,True,False,True,False,1776834012,800000000,-3.45,-12.14,-19.53,0,0,0,True,False,1776834012,800000000,3,3,3,3,3,3,3,3,3,3,False,1776834012,800000000,0.000523206,8.377075E-05,-0.0001558336,0.99228567,-0.014396331,-0.0068576834,0.0028021098,
2026/5/4 下午 03:35:46.080,2026/4/22 上午 05:00:22.849,1776834022,849,421185543,2356063,1776834022,800000000,-12.3,3.56,-19.650000000000002,0,0,0,True,False,True,False,1776834022,800000000,-3.56,-12.3,-19.650000000000002,0,0,0,True,False,1776834022,800000000,3,3,3,3,3,3,3,3,3,3,False,1776834022,800000000,0.00055577175,0.00023708612,-0.00027224157,0.99228567,-0.004275721,-0.0017831796,0.002727632,
2026/5/4 下午 03:35:46.080,2026/4/22 上午 05:00:32.850,1776834032,850,421195544,2356073,1776834032,800000000,-12.26,3.47,-19.88,0,0,0,True,False,True,False,1776834032,800000000,-3.47,-12.26,-19.88,0,0,0,True,False,1776834032,800000000,3,3,3,3,3,3,3,3,3,3,False,1776834032,800000000,0.00050417986,0.00014861509,-4.28452E-05,0.99228567,-0.0016676417,-0.0017647501,0.00021454744,
2026/5/4 下午 03:35:46.080,2026/4/22 上午 05:00:42.848,1776834042,848,421205542,2356083,1776834042,800000000,-12.46,3.46,-20.09,0,0,0,True,False,True,False,1776834042,800000000,-3.46,-12.46,-20.09,0,0,0,True,False,1776834042,800000000,3,3,3,3,3,3,3,3,3,3,False,1776834042,800000000,0.00061479106,0.00014766675,1.362562E-05,0.99228567,-0.011556134,-0.004205269,0.002663825,
2026/5/4 下午 03:35:46.080,2026/4/22 上午 05:00:52.850,1776834052,850,421215544,2356093,1776834052,800000000,-12.55,3.35,-20.330000000000002,0,0,0,True,False,True,False,1776834052,800000000,-3.35,-12.55,-20.330000000000002,0,0,0,True,False,1776834052,800000000,3,3,3,3,3,3,3,3,3,3,False,1776834052,800000000,0.0005066653,-1.4407453E-05,0.00021834388,0.99228567,-0.008985245,0.010762237,-0.002305804,
2026/5/4 下午 03:35:46.080,2026/4/22 上午 05:01:02.849,1776834062,849,421225543,2356103,1776834062,800000000,-12.700000000000001,3.3000000000000003,-20.56,0,0,0,True,False,True,False,1776834062,800000000,-3.3000000000000003,-12.700000000000001,-20.56,0,0,0,True,False,1776834062,800000000,3,3,3,3,3,3,3,3,3,3,False,1776834062,800000000,0.0006527908,-0.00019658897,0.00044601824,0.99228567,-0.0038595526,-0.0017782571,-0.004800476,
2026/5/4 下午 03:35:46.080,2026/4/22 上午 05:01:12.850,1776834072,850,421235544,2356113,1776834072,800000000,-12.77,3.4,-21.05,0,0,0,True,False,True,False,1776834072,800000000,-3.4,-12.77,-21.05,0,0,0,True,False,1776834072,800000000,3,3,3,3,3,3,3,3,3,3,False,1776834072,800000000,0.00084783166,-0.00027690994,0.000579507,0.99228567,-0.008741575,0.0006875746,0.00019405526,
2026/5/4 下午 03:35:46.080,2026/4/22 上午 05:01:22.848,1776834082,848,421245543,2356123,1776834082,800000000,-12.8,3.25,-21.14,0,0,0,True,False,True,False,1776834082,800000000,-3.25,-12.8,-21.14,0,0,0,True,False,1776834082,800000000,3,3,3,3,3,3,3,3,3,3,False,1776834082,800000000,0.00078045705,-0.00027134892,0.00059215113,0.99228543,-0.006153762,0.0056622336,-0.0022755004,
2026/5/4 下午 03:35:46.080,2026/4/22 上午 05:01:32.850,1776834092,850,421255544,2356133,1776834092,800000000,-12.96,3.22,-21.41,0,0,0,True,False,True,False,1776834092,800000000,-3.22,-12.96,-21.41,0,0,0,True,False,1776834092,800000000,3,3,3,3,3,3,3,3,3,3,False,1776834092,800000000,0.00080509135,-0.00034383478,0.00070308085,0.9922852,-0.006034313,0.003122317,-0.004747879,
2026/5/4 下午 03:35:46.080,2026/4/22 上午 05:01:42.848,1776834102,848,421265543,2356143,1776834102,800000000,-13.040000000000001,3.24,-21.87,0,0,0,True,False,True,False,1776834102,800000000,-3.24,-13.040000000000001,-21.87,0,0,0,True,False,1776834102,800000000,3,3,3,3,3,3,3,3,3,3,False,1776834102,800000000,0.0008964988,-0.00030516958,0.00081147597,0.9922847,-0.008408537,0.0055942317,-0.0072297044,
2026/5/4 下午 03:35:46.080,2026/4/22 上午 05:01:52.850,1776834112,850,421275544,2356153,1776834112,800000000,-13.07,3.06,-22.07,0,0,0,True,False,True,False,1776834112,800000000,-3.06,-13.07,-22.07,0,0,0,True,False,1776834112,800000000,3,3,3,3,3,3,3,3,3,3,False,1776834112,800000000,0.0011162215,-0.00036256993,0.0008837357,0.99228364,-0.015775999,0.0005622633,-0.002217277,
2026/5/4 下午 03:35:46.080,2026/4/22 上午 05:02:02.849,1776834122,849,421285544,2356163,1776834122,800000000,-13.16,3.06,-22.34,0,0,0,True,False,True,False,1776834122,800000000,-3.06,-13.16,-22.34,0,0,0,True,False,1776834122,800000000,3,3,3,3,3,3,3,3,3,3,False,1776834122,800000000,0.0012915786,-0.0003532749,0.0010041089,0.99228305,-0.0056212745,0.0030349651,-0.0071916706,
2026/5/4 下午 03:35:46.080,2026/4/22 上午 05:02:12.850,1776834132,850,421295544,2356173,1776834132,800000000,-13.280000000000001,3.1,-22.84,0,0,0,True,False,True,False,1776834132,800000000,-3.1,-13.280000000000001,-22.84,0,0,0,True,False,1776834132,800000000,3,3,3,3,3,3,3,3,3,3,False,1776834132,800000000,0.0013412045,-0.00033840185,0.001105264,0.992283,-0.005467723,0.0005230431,-0.00215073,
2026/5/4 下午 03:35:46.080,2026/4/22 上午 05:02:22.849,1776834142,849,421305544,2356183,1776834142,800000000,-13.280000000000001,2.96,-22.95,0,0,0,True,False,True,False,1776834142,800000000,-2.96,-13.280000000000001,-22.95,0,0,0,True,False,1776834142,800000000,3,3,3,3,3,3,3,3,3,3,False,1776834142,800000000,0.0011392802,-0.00028762856,0.0009802434,0.9922836,-0.0053961053,0.0030157086,-0.0070914105,
2026/5/4 下午 03:35:46.080,2026/4/22 上午 05:02:32.850,1776834152,850,421315544,2356193,1776834152,800000000,-13.38,2.95,-23.27,0,0,0,True,False,True,False,1776834152,800000000,-2.95,-13.38,-23.27,0,0,0,True,False,1776834152,800000000,3,3,3,3,3,3,3,3,3,3,False,1776834152,800000000,0.0010112873,-0.00031016348,0.00095462747,0.99228376,-0.0102866655,0.0054876436,-0.004526758,
2026/5/4 下午 03:35:46.080,2026/4/22 上午 05:02:42.848,1776834162,848,421325543,2356203,1776834162,800000000,-13.44,3,-23.78,0,0,0,True,False,True,False,1776834162,800000000,-3,-13.44,-23.78,0,0,0,True,False,1776834162,800000000,3,3,3,3,3,3,3,3,3,3,False,1776834162,800000000,0.0011703591,-0.0003436308,0.0010989447,0.9922833,-0.005136138,0.005466179,-0.009487007,
2026/5/4 下午 03:35:46.080,2026/4/22 上午 05:02:52.849,1776834172,849,421335544,2356213,1776834172,800000000,-13.46,2.82,-24.01,0,0,0,True,False,True,False,1776834172,800000000,-2.82,-13.46,-24.01,0,0,0,True,False,1776834172,800000000,3,3,3,3,3,3,3,3,3,3,False,1776834172,800000000,0.0012908967,-0.0002980395,0.0012169046,0.9922829,-0.009996544,0.002965703,-0.016941825,
2026/5/4 下午 03:35:46.080,2026/4/22 上午 05:03:02.849,1776834182,849,421345544,2356223,1776834182,800000000,-13.5,2.87,-24.28,0,0,0,True,False,True,False,1776834182,800000000,-2.87,-13.5,-24.28,0,0,0,True,False,1776834182,800000000,3,3,3,3,3,3,3,3,3,3,False,1776834182,800000000,0.0012893771,-0.00018570705,0.0012525794,0.99228275,-0.009872193,-0.002025658,-0.004383424,
2026/5/4 下午 03:35:46.080,2026/4/22 上午 05:03:12.850,1776834192,850,421355545,2356233,1776834192,800000000,-13.620000000000001,2.91,-24.86,0,0,0,True,False,True,False,1776834192,800000000,-2.91,-13.620000000000001,-24.86,0,0,0,True,False,1776834192,800000000,3,3,4,3,3,3,3,3,3,3,False,1776834192,800000000,0.0011305443,-0.00026699994,0.0011851244,0.9922834,-0.0072790766,0.0054662325,-0.009310144,
2026/5/4 下午 03:35:46.080,2026/4/22 上午 05:03:22.849,1776834202,849,421365544,2356243,1776834202,800000000,-13.52,2.79,-25.14,0,0,0,True,False,True,False,1776834202,800000000,-2.79,-13.52,-25.14,0,0,0,True,False,1776834202,800000000,3,3,3,3,3,3,3,3,3,3,False,1776834202,800000000,0.0010864787,-0.00019934066,0.0011968275,0.9922836,-0.009679853,0.0054789055,-0.00674821,
2026/5/4 下午 03:35:46.080,2026/4/22 上午 05:03:32.849,1776834212,849,421375544,2356253,1776834212,800000000,-13.67,2.79,-25.37,0,0,0,True,False,True,False,1776834212,800000000,-2.79,-13.67,-25.37,0,0,0,True,False,1776834212,800000000,3,3,3,3,3,3,3,3,3,3,False,1776834212,800000000,0.001087095,-0.0001857455,0.0011752136,0.9922842,-0.02208041,0.0029692312,-0.0066900356,
2026/5/4 下午 03:35:46.080,2026/4/22 上午 05:03:42.849,1776834222,849,421385544,2356263,1776834222,800000000,-13.700000000000001,2.87,-25.96,0,0,0,True,False,True,False,1776834222,800000000,-2.87,-13.700000000000001,-25.96,0,0,0,True,False,1776834222,800000000,3,3,3,3,3,3,3,3,3,3,False,1776834222,800000000,0.0011119385,-0.00029247376,0.0011771112,0.9922844,-0.011971028,-0.0020521183,-0.0041250936,
2026/5/4 下午 03:35:46.080,2026/4/22 上午 05:03:52.850,1776834232,850,421395545,2356273,1776834232,800000000,-13.73,2.68,-26.16,0,0,0,True,False,True,False,1776834232,800000000,-2.68,-13.73,-26.16,0,0,0,True,False,1776834232,800000000,3,3,3,3,3,3,3,3,3,3,False,1776834232,800000000,0.0011236605,-0.00029156765,0.0013093895,0.9922843,-0.009353255,0.0054245777,-0.009055944,
2026/5/4 下午 03:35:46.080,2026/4/22 上午 05:04:02.848,1776834242,848,421405544,2356283,1776834242,800000000,-13.83,2.73,-26.63,0,0,0,True,False,True,False,1776834242,800000000,-2.73,-13.83,-26.63,0,0,0,True,False,1776834242,800000000,3,3,3,3,3,3,3,3,3,3,False,1776834242,800000000,0.0009204603,-0.00034423676,0.0010431019,0.99228525,-0.006812562,0.005389553,-0.0064836317,
2026/5/4 下午 03:35:46.080,2026/4/22 上午 05:04:12.850,1776834252,850,421415545,2356293,1776834252,800000000,-13.85,2.7,-27.1,0,0,0,True,False,True,False,1776834252,800000000,-2.7,-13.85,-27.1,0,0,0,True,False,1776834252,800000000,3,3,3,3,3,3,3,3,3,3,False,1776834252,800000000,0.00078987377,-0.00033181263,0.0008891201,0.99228585,-0.009273646,-0.0021518632,-0.008929651,
2026/5/4 下午 03:35:46.080,2026/4/22 上午 05:04:22.848,1776834262,848,421425544,2356303,1776834262,800000000,-13.81,2.7,-27.330000000000002,0,0,0,True,False,True,False,1776834262,800000000,-2.7,-13.81,-27.330000000000002,0,0,0,True,False,1776834262,800000000,3,3,3,3,3,3,3,3,3,3,False,1776834262,800000000,0.0008082929,-0.0002924678,0.0008096057,0.992286,-0.0017153525,0.0028172063,-0.0013852743,
2026/5/4 下午 03:35:46.080,2026/4/22 上午 05:04:32.849,1776834272,849,421435545,2356313,1776834272,800000000,-13.81,2.75,-27.89,0,0,0,True,False,True,False,1776834272,800000000,-2.75,-13.81,-27.89,0,0,0,True,False,1776834272,800000000,3,3,3,3,3,3,3,3,3,3,False,1776834272,800000000,0.0004715803,-0.00027489924,0.00045048867,0.992286,-0.004236978,-0.0072186696,-0.0063332585,
2026/5/4 下午 03:35:46.080,2026/4/22 上午 05:04:42.848,1776834282,848,421445544,2356323,1776834282,800000000,-13.76,2.71,-28.12,0,0,0,True,False,True,False,1776834282,800000000,-2.71,-13.76,-28.12,0,0,0,True,False,1776834282,800000000,3,3,3,3,3,3,3,3,3,3,False,1776834282,800000000,0.00024672318,-0.00015436989,0.00030536606,0.992286,0.00325787,0.0002493286,-0.0037975581,
2026/5/4 下午 03:35:46.080,2026/4/22 上午 05:04:52.849,1776834292,849,421455545,2356333,1776834292,800000000,-13.8,2.65,-28.490000000000002,0,0,0,True,False,True,False,1776834292,800000000,-2.65,-13.8,-28.490000000000002,0,0,0,True,False,1776834292,800000000,3,3,3,3,3,3,3,3,3,3,False,1776834292,800000000,0.00013221336,-0.00018649177,7.9873294E-05,0.992286,-0.0067664953,0.00021355013,-0.0037867478,
2026/5/4 下午 03:35:46.080,2026/4/22 上午 05:05:02.848,1776834302,848,421465544,2356343,1776834302,800000000,-13.73,2.73,-28.93,0,0,0,True,False,True,False,1776834302,800000000,-2.73,-13.73,-28.93,0,0,0,True,False,1776834302,800000000,3,3,3,3,3,3,3,3,3,3,False,1776834302,800000000,-0.00016225185,-0.00018228497,-0.00023847146,0.992286,0.005667329,-0.009832918,0.0037225506,
2026/5/4 下午 03:35:46.080,2026/4/22 上午 05:05:12.849,1776834312,849,421475545,2356353,1776834312,800000000,-13.77,2.63,-29.310000000000002,0,0,0,True,False,True,False,1776834312,800000000,-2.63,-13.77,-29.310000000000002,0,0,0,True,False,1776834312,800000000,3,3,3,3,3,3,3,3,3,3,False,1776834312,800000000,-0.00021260476,-0.00013015712,-0.00023993713,0.992286,-0.0043503526,-0.009860699,0.006210911,
2026/5/4 下午 03:35:46.080,2026/4/22 上午 05:05:22.848,1776834322,848,421485544,2356363,1776834322,800000000,-13.73,2.69,-29.73,0,0,0,True,False,True,False,1776834322,800000000,-2.69,-13.73,-29.73,0,0,0,True,False,1776834322,800000000,3,3,3,3,3,3,3,3,3,3,False,1776834322,800000000,-0.00031829806,-8.23463E-05,-0.00039120406,0.992286,0.0031037312,-0.0048796097,0.0011965696,
2026/5/4 下午 03:35:46.080,2026/4/22 上午 05:05:32.850,1776834332,850,421495545,2356373,1776834332,800000000,-13.59,2.68,-30.19,0,0,0,True,False,True,False,1776834332,800000000,-2.68,-13.59,-30.19,0,0,0,True,False,1776834332,800000000,3,3,3,3,3,3,3,3,3,3,False,1776834332,800000000,-0.00027766355,-0.000116106705,-0.000459081,0.992286,-0.0019249967,7.253741E-05,0.00866484,
2026/5/4 下午 03:35:46.080,2026/4/22 上午 05:05:42.848,1776834342,848,421505544,2356383,1776834342,800000000,-13.68,2.68,-30.59,0,0,0,True,False,True,False,1776834342,800000000,-2.68,-13.68,-30.59,0,0,0,True,False,1776834342,800000000,3,3,3,3,3,3,3,3,3,3,False,1776834342,800000000,-0.0003492876,-0.0001010825,-0.0005502263,0.992286,0.00053142686,-0.002467099,0.0011345187,
2026/5/4 下午 03:35:46.080,2026/4/22 上午 05:05:52.848,1776834352,848,421515544,2356393,1776834352,800000000,-13.67,2.71,-31.060000000000002,0,0,0,True,False,True,False,1776834352,800000000,-2.71,-13.67,-31.060000000000002,0,0,0,True,False,1776834352,800000000,3,3,3,3,3,3,3,3,3,3,False,1776834352,800000000,-0.00052715,-9.379439E-05,-0.0008412629,0.992286,0.0029399623,0.002496821,0.0036004044,
2026/5/4 下午 03:35:46.080,2026/4/22 上午 05:06:02.849,1776834362,849,421525545,2356403,1776834362,800000000,-13.47,2.68,-31.470000000000002,0,0,0,True,False,True,False,1776834362,800000000,-2.68,-13.47,-31.470000000000002,0,0,0,True,False,1776834362,800000000,3,3,3,3,3,3,3,3,3,3,False,1776834362,800000000,-0.0006522489,-8.694179E-05,-0.0009952134,0.9922862,0.002856854,0.0024558865,0.008552929,
2026/5/4 下午 03:35:46.080,2026/4/22 上午 05:06:12.848,1776834372,848,421535544,2356413,1776834372,800000000,-13.52,2.68,-31.85,0,0,0,True,False,True,False,1776834372,800000000,-2.68,-13.52,-31.85,0,0,0,True,False,1776834372,800000000,3,3,3,3,3,3,3,3,3,3,False,1776834372,800000000,-0.0006037381,-4.265295E-05,-0.00093888753,0.992286,0.0078234775,-8.8098765E-05,0.005997725,
2026/5/4 下午 03:35:46.080,2026/4/22 上午 05:06:22.849,1776834382,849,421545545,2356423,1776834382,800000000,-13.47,2.66,-32.42,0,0,0,True,False,True,False,1776834382,800000000,-2.66,-13.47,-32.42,0,0,0,True,False,1776834382,800000000,3,3,3,3,3,3,3,3,3,3,False,1776834382,800000000,-0.00048190885,-0.0001505149,-0.00076429074,0.9922861,0.002814769,0.0048644487,0.0009404427,
2026/5/4 下午 03:35:46.080,2026/4/22 上午 05:06:32.848,1776834392,848,421555544,2356433,1776834392,800000000,-13.24,2.64,-32.61,0,0,0,True,False,True,False,1776834392,800000000,-2.64,-13.24,-32.61,0,0,0,True,False,1776834392,800000000,3,3,3,3,3,3,3,3,3,3,False,1776834392,800000000,-0.0005379802,-6.304774E-05,-0.00078197423,0.9922861,0.01277861,0.0023301684,0.00090887037,
2026/5/4 下午 03:35:46.080,2026/4/22 上午 05:06:42.849,1776834402,849,421565545,2356443,1776834402,800000000,-13.3,2.63,-33.13,0,0,0,True,False,True,False,1776834402,800000000,-2.63,-13.3,-33.13,0,0,0,True,False,1776834402,800000000,4,4,3,3,4,4,3,3,4,3,False,1776834402,800000000,-0.00030759894,-9.003657E-05,-0.00061260833,0.9922861,0.0027849898,0.0022903278,0.0008514871,
2026/5/4 下午 03:35:46.080,2026/4/22 上午 05:06:52.848,1776834412,848,421575544,2356453,1776834412,800000000,-13.18,2.68,-33.56,0,0,0,True,False,True,False,1776834412,800000000,-2.68,-13.18,-33.56,0,0,0,True,False,1776834412,800000000,3,3,9,6,3,4,3,6,8,3,False,1776834412,800000000,-0.0003552885,-6.178341E-05,-0.0006495333,0.9922861,0.0052512726,-0.005231932,0.008324911,
2026/5/4 下午 03:35:46.080,2026/4/22 上午 05:07:02.851,1776834422,851,421585547,2356463,1776834422,800000000,-13.15,2.58,-33.85,0,0,0,True,False,True,False,1776834422,800000000,-2.58,-13.15,-33.85,0,0,0,True,False,1776834422,800000000,3,3,50,31,3,22,3,31,42,3,True,1776834422,800000000,-0.0024926104,-0.003237449,-0.00039147053,0.9922777,-0.6197283,-0.8277401,-0.009053471,
2026/5/4 下午 03:35:46.080,2026/4/22 上午 05:07:12.851,1776834432,851,421595548,2356473,1776834432,800000000,-27.43,15.610000000000001,-19.13,0,0,0,True,False,True,False,1776834432,800000000,-15.610000000000001,-27.43,-19.13,0,0,0,True,False,1776834432,800000000,4,4,96,3,3,3,3,3,65,32,True,1776834432,800000000,-0.25584894,-0.25181606,-0.025303192,0.9247274,-3.1012533,-3.4919012,-0.0005679729,
2026/5/4 下午 03:35:46.080,2026/4/22 上午 05:07:22.851,1776834442,851,421605548,2356483,1776834442,800000000,-31.6,18.67,3.7800000000000002,0,0,0,True,False,True,False,1776834442,800000000,-18.67,-31.6,3.7800000000000002,0,0,0,True,False,1776834442,800000000,3,3,63,3,3,3,3,3,3,101,True,1776834442,800000000,-0.43289405,-0.45280778,-0.018576348,0.7693197,-1.6586897,-2.1841846,-0.044205338,
2026/5/4 下午 03:35:46.080,2026/4/22 上午 05:07:32.851,1776834452,851,421615548,2356493,1776834452,800000000,-29.1,16.73,15.83,0,0,0,True,False,True,False,1776834452,800000000,-16.73,-29.1,15.83,0,0,0,True,False,1776834452,800000000,3,3,30,3,3,3,3,3,3,117,True,1776834452,800000000,-0.5060516,-0.5494522,-0.00832836,0.65312797,-0.7204518,-1.0356761,-0.043233793,
2026/5/4 下午 03:35:46.080,2026/4/22 上午 05:07:42.851,1776834462,851,421625548,2356503,1776834462,800000000,-27.02,15.39,20.61,0,0,0,True,False,True,False,1776834462,800000000,-15.39,-27.02,20.61,0,0,0,True,False,1776834462,800000000,4,4,17,3,4,3,3,3,3,120,True,1776834462,800000000,-0.53085953,-0.5907475,-0.0020477036,0.5948388,-0.2517142,-0.42482316,-0.028760042,
2026/5/4 下午 03:35:46.080,2026/4/22 上午 05:07:52.851,1776834472,851,421635547,2356513,1776834472,800000000,-26.21,15.25,22.240000000000002,0,0,0,True,False,True,False,1776834472,800000000,-15.25,-26.21,22.240000000000002,0,0,0,True,False,1776834472,800000000,3,3,8,3,7,3,3,3,9,120,True,1776834472,800000000,-0.53761125,-0.6072584,0.0018264733,0.571698,-0.050974198,-0.14413956,-0.0356174,
2026/5/4 下午 03:35:46.080,2026/4/22 上午 05:08:02.851,1776834482,851,421645548,2356523,1776834482,800000000,-26.2,15.540000000000001,22.71,0,0,0,True,False,True,False,1776834482,800000000,-15.540000000000001,-26.2,22.71,0,0,0,True,False,1776834482,800000000,3,3,7,3,8,3,3,3,10,120,True,1776834482,800000000,-0.5377038,-0.61366475,0.0037030575,0.5647197,0.018818896,-0.027466193,-0.021422826,
2026/5/4 下午 03:35:46.080,2026/4/22 上午 05:08:12.851,1776834492,851,421655548,2356533,1776834492,800000000,-26.42,15.89,22.67,0,0,0,True,False,True,False,1776834492,800000000,-15.89,-26.42,22.67,0,0,0,True,False,1776834492,800000000,4,4,6,3,10,3,3,3,9,120,True,1776834492,800000000,-0.5353855,-0.615906,0.004669203,0.56447446,0.035972264,0.014628378,-0.026633378,
2026/5/4 下午 03:35:46.080,2026/4/22 上午 05:08:22.851,1776834502,851,421665548,2356543,1776834502,800000000,-26.87,16.42,22.48,0,0,0,True,False,True,False,1776834502,800000000,-16.42,-26.87,22.48,0,0,0,True,False,1776834502,800000000,3,3,6,3,10,3,3,3,9,121,True,1776834502,800000000,-0.53232104,-0.61634964,0.0052564805,0.56688046,0.040761054,0.03442508,-0.021480879,
2026/5/4 下午 03:35:46.080,2026/4/22 上午 05:08:32.851,1776834512,851,421675548,2356553,1776834512,800000000,-27.23,16.82,22.23,0,0,0,True,False,True,False,1776834512,800000000,-16.82,-27.23,22.23,0,0,0,True,False,1776834512,800000000,3,3,6,3,9,3,3,3,10,120,True,1776834512,800000000,-0.52908933,-0.6161089,0.005544236,0.5701557,0.038194027,0.036837183,-0.026158923,
2026/5/4 下午 03:35:46.080,2026/4/22 上午 05:08:42.851,1776834522,851,421685549,2356563,1776834522,800000000,-27.650000000000002,17.39,21.75,0,0,0,True,False,True,False,1776834522,800000000,-17.39,-27.650000000000002,21.75,0,0,0,True,False,1776834522,800000000,4,4,7,3,9,3,3,3,10,121,True,1776834522,800000000,-0.5258879,-0.61544985,0.0058615715,0.57381576,0.03578294,0.036851212,-0.023230016,
2026/5/4 下午 03:35:46.080,2026/4/22 上午 05:08:52.853,1776834532,853,421695550,2356573,1776834532,800000000,-28.14,17.76,21.47,0,0,0,True,False,True,False,1776834532,800000000,-17.76,-28.14,21.47,0,0,0,True,False,1776834532,800000000,3,3,7,3,8,3,3,3,9,120,True,1776834532,800000000,-0.52261597,-0.6146404,0.0060060504,0.5776589,0.035964582,0.034475375,-0.02775726,
2026/5/4 下午 03:35:46.080,2026/4/22 上午 05:09:02.852,1776834542,852,421705549,2356583,1776834542,800000000,-28.5,18.18,21.150000000000002,0,0,0,True,False,True,False,1776834542,800000000,-18.18,-28.5,21.150000000000002,0,0,0,True,False,1776834542,800000000,3,3,7,3,8,3,3,3,9,121,True,1776834542,800000000,-0.51944685,-0.613928,0.006102239,0.5812639,0.033681165,0.02965268,-0.029832289,
2026/5/4 下午 03:35:46.080,2026/4/22 上午 05:09:12.852,1776834552,852,421715549,2356593,1776834552,800000000,-28.88,18.63,20.78,0,0,0,True,False,True,False,1776834552,800000000,-18.63,-28.88,20.78,0,0,0,True,False,1776834552,800000000,3,3,7,3,8,3,3,3,9,121,True,1776834552,800000000,-0.5163889,-0.6131445,0.0060874266,0.584806,0.033875857,0.029869005,-0.021939876,
2026/5/4 下午 03:35:46.080,2026/4/22 上午 05:09:22.851,1776834562,851,421725548,2356603,1776834562,800000000,-29.32,18.91,20.51,0,0,0,True,False,True,False,1776834562,800000000,-18.91,-29.32,20.51,0,0,0,True,False,1776834562,800000000,3,3,7,3,8,3,3,3,9,121,True,1776834562,800000000,-0.5134082,-0.6123166,0.00590677,0.5882931,0.034044832,0.03518052,-0.024100833,
2026/5/4 下午 03:35:46.080,2026/4/22 上午 05:09:32.851,1776834572,851,421735549,2356613,1776834572,800000000,-29.69,19.330000000000002,20.21,0,0,0,True,False,True,False,1776834572,800000000,-19.330000000000002,-29.69,20.21,0,0,0,True,False,1776834572,800000000,3,3,7,3,8,3,3,3,9,121,True,1776834572,800000000,-0.5104146,-0.6115874,0.0057753767,0.5916515,0.031674106,0.035516765,-0.02133995,
2026/5/4 下午 03:35:46.080,2026/4/22 上午 05:09:42.851,1776834582,851,421745549,2356623,1776834582,800000000,-30.2,19.740000000000002,19.96,0,0,0,True,False,True,False,1776834582,800000000,-19.740000000000002,-30.2,19.96,0,0,0,True,False,1776834582,800000000,3,3,7,3,8,3,3,3,9,121,True,1776834582,800000000,-0.50756943,-0.6107556,0.0055768713,0.5949515,0.026734168,0.028326612,-0.021108784,
2026/5/4 下午 03:35:46.080,2026/4/22 上午 05:09:52.851,1776834592,851,421755549,2356633,1776834592,800000000,-30.42,20.06,19.51,0,0,0,True,False,True,False,1776834592,800000000,-20.06,-30.42,19.51,0,0,0,True,False,1776834592,800000000,3,3,8,3,8,3,3,3,9,121,True,1776834592,800000000,-0.50464803,-0.61001563,0.005446935,0.598189,0.029278897,0.026168032,-0.023443887,
2026/5/4 下午 03:35:46.080,2026/4/22 上午 05:10:02.851,1776834602,851,421765549,2356643,1776834602,800000000,-30.75,20.44,19.29,0,0,0,True,False,True,False,1776834602,800000000,-20.44,-30.75,19.29,0,0,0,True,False,1776834602,800000000,3,3,7,3,8,3,3,3,9,121,True,1776834602,800000000,-0.50184685,-0.60905796,0.005334663,0.6015148,0.031804457,0.03401337,-0.013287206,
2026/5/4 下午 03:35:46.080,2026/4/22 上午 05:10:12.852,1776834612,852,421775550,2356653,1776834612,800000000,-31.16,20.85,18.75,0,0,0,True,False,True,False,1776834612,800000000,-20.85,-31.16,18.75,0,0,0,True,False,1776834612,800000000,3,3,7,3,8,3,3,3,9,121,True,1776834612,800000000,-0.49900064,-0.6081703,0.0052689537,0.6047727,0.026826883,0.024363458,-0.018186383,
2026/5/4 下午 03:35:46.080,2026/4/22 上午 05:10:22.852,1776834622,852,421785550,2356663,1776834622,800000000,-31.490000000000002,21.240000000000002,18.45,0,0,0,True,False,True,False,1776834622,800000000,-21.240000000000002,-31.490000000000002,18.45,0,0,0,True,False,1776834622,800000000,3,3,8,3,8,3,3,3,9,121,True,1776834622,800000000,-0.49618158,-0.6072101,0.005201336,0.60804963,0.03183444,0.02971806,-0.01811832,
2026/5/4 下午 03:35:46.080,2026/4/22 上午 05:10:32.852,1776834632,852,421795550,2356673,1776834632,800000000,-31.73,21.6,18.150000000000002,0,0,0,True,False,True,False,1776834632,800000000,-21.6,-31.73,18.150000000000002,0,0,0,True,False,1776834632,800000000,3,3,8,3,8,3,3,3,9,121,True,1776834632,800000000,-0.49347413,-0.6061443,0.0050621387,0.61130846,0.026813388,0.027577031,-0.013068943,
2026/5/4 下午 03:35:46.080,2026/4/22 上午 05:10:42.851,1776834642,851,421805549,2356683,1776834642,800000000,-32.04,21.97,17.73,0,0,0,True,False,True,False,1776834642,800000000,-21.97,-32.04,17.73,0,0,0,True,False,1776834642,800000000,3,3,8,3,8,3,3,3,10,121,True,1776834642,800000000,-0.4907971,-0.6050254,0.004969478,0.61456454,0.026778024,0.032926347,-0.0055358615,
2026/5/4 下午 03:35:46.080,2026/4/22 上午 05:10:52.852,1776834652,852,421815550,2356693,1776834652,800000000,-32.34,22.31,17.41,0,0,0,True,False,True,False,1776834652,800000000,-22.31,-32.34,17.41,0,0,0,True,False,1776834652,800000000,3,3,8,3,8,3,3,3,10,121,True,1776834652,800000000,-0.48815316,-0.60391736,0.004895378,0.6177524,0.031743675,0.028270647,-0.015536449,
2026/5/4 下午 03:35:46.080,2026/4/22 上午 05:11:02.851,1776834662,851,421825550,2356703,1776834662,800000000,-32.75,22.76,17.02,0,0,0,True,False,True,False,1776834662,800000000,-22.76,-32.75,17.02,0,0,0,True,False,1776834662,800000000,3,3,8,3,8,3,3,3,9,122,True,1776834662,800000000,-0.48547485,-0.602749,0.0048030405,0.62099653,0.02420048,0.026116466,-0.010557598,
2026/5/4 下午 03:35:46.080,2026/4/22 上午 05:11:12.851,1776834672,851,421835550,2356713,1776834672,800000000,-32.96,23.13,16.41,0,0,0,True,False,True,False,1776834672,800000000,-23.13,-32.96,16.41,0,0,0,True,False,1776834672,800000000,3,3,8,3,8,3,3,3,9,122,True,1776834672,800000000,-0.48276398,-0.6015092,0.0047717756,0.6243045,0.034168065,0.026466083,-0.010612637,
2026/5/4 下午 03:35:46.080,2026/4/22 上午 05:11:22.852,1776834682,852,421845550,2356723,1776834682,800000000,-33.17,23.46,16.11,0,0,0,True,False,True,False,1776834682,800000000,-23.46,-33.17,16.11,0,0,0,True,False,1776834682,800000000,3,3,8,3,8,3,3,3,10,122,True,1776834682,800000000,-0.4801488,-0.6001716,0.0047247945,0.6276013,0.02663309,0.024314169,-0.008166986,
2026/5/4 下午 03:35:46.080,2026/4/22 上午 05:11:32.851,1776834692,851,421855549,2356733,1776834692,800000000,-33.43,23.830000000000002,15.610000000000001,0,0,0,True,False,True,False,1776834692,800000000,-23.830000000000002,-33.43,15.610000000000001,0,0,0,True,False,1776834692,800000000,3,3,8,3,8,3,3,3,10,122,True,1776834692,800000000,-0.477668,-0.59878564,0.0046776636,0.63081056,0.024085812,0.029637631,-0.01070962,
2026/5/4 下午 03:35:46.080,2026/4/22 上午 05:11:42.852,1776834702,852,421865550,2356743,1776834702,800000000,-33.69,24.16,15.120000000000001,0,0,0,True,False,True,False,1776834702,800000000,-24.16,-33.69,15.120000000000001,0,0,0,True,False,1776834702,800000000,3,3,8,3,8,3,3,3,10,122,True,1776834702,800000000,-0.4751472,-0.59743804,0.0044857515,0.6339854,0.031514335,0.029969692,-0.015794916,
2026/5/4 下午 03:35:46.080,2026/4/22 上午 05:11:52.851,1776834712,851,421875550,2356753,1776834712,800000000,-33.980000000000004,24.560000000000002,14.65,0,0,0,True,False,True,False,1776834712,800000000,-24.560000000000002,-33.980000000000004,14.65,0,0,0,True,False,1776834712,800000000,3,3,8,3,8,3,3,3,10,122,True,1776834712,800000000,-0.47265857,-0.5959147,0.0044402205,0.6372722,0.03394091,0.032809522,-0.008386918,
2026/5/4 下午 03:35:46.080,2026/4/22 上午 05:12:02.852,1776834722,852,421885550,2356763,1776834722,800000000,-34.03,24.900000000000002,14.120000000000001,0,0,0,True,False,True,False,1776834722,800000000,-24.900000000000002,-34.03,14.120000000000001,0,0,0,True,False,1776834722,800000000,3,3,8,3,8,3,3,3,10,122,True,1776834722,800000000,-0.47026274,-0.59441173,0.004362071,0.6404422,0.031359915,0.030635823,-0.00097448257,
2026/5/4 下午 03:35:46.080,2026/4/22 上午 05:12:12.852,1776834732,852,421895551,2356773,1776834732,800000000,-34.29,25.23,13.530000000000001,0,0,0,True,False,True,False,1776834732,800000000,-25.23,-34.29,13.530000000000001,0,0,0,True,False,1776834732,800000000,3,3,8,3,8,3,3,3,10,122,True,1776834732,800000000,-0.46786585,-0.5928589,0.004228942,0.6436321,0.028768426,0.033466134,-0.0035724423,
2026/5/4 下午 03:35:46.080,2026/4/22 上午 05:12:22.853,1776834742,853,421905552,2356783,1776834742,800000000,-34.550000000000004,25.61,13.030000000000001,0,0,0,True,False,True,False,1776834742,800000000,-25.61,-34.550000000000004,13.030000000000001,0,0,0,True,False,1776834742,800000000,3,3,8,3,8,3,3,3,11,123,True,1776834742,800000000,-0.46557862,-0.59119916,0.0042409026,0.646812,0.028674114,0.03626285,-0.008671779,
2026/5/4 下午 03:35:46.080,2026/4/22 上午 05:12:32.851,1776834752,851,421915550,2356793,1776834752,800000000,-34.67,25.94,12.450000000000001,0,0,0,True,False,True,False,1776834752,800000000,-25.94,-34.67,12.450000000000001,0,0,0,True,False,1776834752,800000000,3,3,8,3,8,3,3,3,11,122,True,1776834752,800000000,-0.4632261,-0.58957976,0.0040769144,0.64997387,0.038565256,0.036574878,-0.0012814875,
2026/5/4 下午 03:35:46.080,2026/4/22 上午 05:12:42.851,1776834762,851,421925550,2356803,1776834762,800000000,-34.81,26.310000000000002,11.9,0,0,0,True,False,True,False,1776834762,800000000,-26.310000000000002,-34.81,11.9,0,0,0,True,False,1776834762,800000000,3,3,8,3,8,3,3,3,10,122,True,1776834762,800000000,-0.46090087,-0.58786744,0.0041239737,0.6531726,0.028479354,0.031876933,-0.008900434,
2026/5/4 下午 03:35:46.080,2026/4/22 上午 05:12:52.851,1776834772,851,421935550,2356813,1776834772,800000000,-34.980000000000004,26.67,11.36,0,0,0,True,False,True,False,1776834772,800000000,-26.67,-34.980000000000004,11.36,0,0,0,True,False,1776834772,800000000,3,3,8,3,8,3,3,3,11,122,True,1776834772,800000000,-0.45854855,-0.5861609,0.004087587,0.6563581,0.028396782,0.03469095,-0.0015230988,
2026/5/4 下午 03:35:46.080,2026/4/22 上午 05:13:02.851,1776834782,851,421945550,2356823,1776834782,800000000,-35.18,27.1,10.97,0,0,0,True,False,True,False,1776834782,800000000,-27.1,-35.18,10.97,0,0,0,True,False,1776834782,800000000,3,3,8,3,8,3,3,3,11,122,True,1776834782,800000000,-0.45641592,-0.58434266,0.00404626,0.65946156,0.033297077,0.029959971,-0.0066231624,
2026/5/4 下午 03:35:46.080,2026/4/22 上午 05:13:12.851,1776834792,851,421955551,2356833,1776834792,800000000,-35.33,27.51,10.31,0,0,0,True,False,True,False,1776834792,800000000,-27.51,-35.33,10.31,0,0,0,True,False,1776834792,800000000,3,3,8,3,8,3,3,3,11,123,True,1776834792,800000000,-0.45426053,-0.5824962,0.004052828,0.66257685,0.028183745,0.03271661,-0.006710771,
2026/5/4 下午 03:35:46.080,2026/4/22 上午 05:13:22.852,1776834802,852,421965551,2356843,1776834802,800000000,-35.45,27.91,9.790000000000001,0,0,0,True,False,True,False,1776834802,800000000,-27.91,-35.45,9.790000000000001,0,0,0,True,False,1776834802,800000000,3,3,9,3,8,3,3,3,11,123,True,1776834802,800000000,-0.45219436,-0.58060044,0.004038706,0.6656484,0.03557518,0.035460617,0.0032279247,
2026/5/4 下午 03:35:46.080,2026/4/22 上午 05:13:32.852,1776834812,852,421975552,2356853,1776834812,800000000,-35.46,28.26,9.38,0,0,0,True,False,True,False,1776834812,800000000,-28.26,-35.46,9.38,0,0,0,True,False,1776834812,800000000,3,3,9,3,8,3,3,3,11,123,True,1776834812,800000000,-0.4500963,-0.57864475,0.0041341973,0.668768,0.02297133,0.03569924,-0.00682611,
2026/5/4 下午 03:35:46.080,2026/4/22 上午 05:13:42.851,1776834822,851,421985551,2356863,1776834822,800000000,-35.53,28.62,8.72,0,0,0,True,False,True,False,1776834822,800000000,-28.62,-35.53,8.72,0,0,0,True,False,1776834822,800000000,3,3,9,3,8,3,3,3,11,123,True,1776834822,800000000,-0.44801933,-0.5766299,0.0041025304,0.67189705,0.02786456,0.033440072,-0.0018701846,
2026/5/4 下午 03:35:46.080,2026/4/22 上午 05:13:52.852,1776834832,852,421995551,2356873,1776834832,800000000,-35.67,28.85,8.05,0,0,0,True,False,True,False,1776834832,800000000,-28.85,-35.67,8.05,0,0,0,True,False,1776834832,800000000,3,3,9,3,8,3,3,3,11,123,True,1776834832,800000000,-0.44582894,-0.57457954,0.0041389773,0.67510426,0.032767374,0.038701396,0.00056417094,
2026/5/4 下午 03:35:46.080,2026/4/22 上午 05:14:02.852,1776834842,852,422005552,2356883,1776834842,800000000,-35.81,29.150000000000002,7.37,0,0,0,True,False,True,False,1776834842,800000000,-29.150000000000002,-35.81,7.37,0,0,0,True,False,1776834842,800000000,3,3,9,3,8,3,3,4,11,123,True,1776834842,800000000,-0.4436047,-0.57260275,0.004082629,0.6782448,0.025173886,0.03147111,-0.004533268,
2026/5/4 下午 03:35:46.080,2026/4/22 上午 05:14:12.851,1776834852,851,422015551,2356893,1776834852,800000000,-35.800000000000004,29.48,6.66,0,0,0,True,False,True,False,1776834852,800000000,-29.48,-35.800000000000004,6.66,0,0,0,True,False,1776834852,800000000,3,3,9,3,8,3,3,3,11,123,True,1776834852,800000000,-0.44154298,-0.57052076,0.00394632,0.68134016,0.030063134,0.03422256,0.0003840047,
2026/5/4 下午 03:35:46.080,2026/4/22 上午 05:14:22.851,1776834862,851,422025551,2356903,1776834862,800000000,-35.85,29.79,6.11,0,0,0,True,False,True,False,1776834862,800000000,-29.79,-35.85,6.11,0,0,0,True,False,1776834862,800000000,3,3,9,3,8,3,3,4,11,123,True,1776834862,800000000,-0.4396568,-0.5683926,0.0039104517,0.6843339,0.022458876,0.041943207,0.00030053165,
2026/5/4 下午 03:35:46.080,2026/4/22 上午 05:14:32.852,1776834872,852,422035552,2356913,1776834872,800000000,-35.82,30.11,5.43,0,0,0,True,False,True,False,1776834872,800000000,-30.11,-35.82,5.43,0,0,0,True,False,1776834872,800000000,3,3,10,3,8,3,3,3,11,123,True,1776834872,800000000,-0.43765295,-0.56622714,0.003894234,0.68740857,0.02734357,0.032176636,-0.0022827873,
2026/5/4 下午 03:35:46.080,2026/4/22 上午 05:14:42.852,1776834882,852,422045552,2356923,1776834882,800000000,-35.86,30.39,4.88,0,0,0,True,False,True,False,1776834882,800000000,-30.39,-35.86,4.88,0,0,0,True,False,1776834882,800000000,3,3,10,3,8,3,3,3,11,123,True,1776834882,800000000,-0.43566057,-0.56398904,0.0038587877,0.69050765,0.0247213,0.039915405,0.00013749424,
2026/5/4 下午 03:35:46.080,2026/4/22 上午 05:14:52.852,1776834892,852,422055552,2356933,1776834892,800000000,-35.76,30.69,4.45,0,0,0,True,False,True,False,1776834892,800000000,-30.69,-35.76,4.45,0,0,0,True,False,1776834892,800000000,3,3,10,3,8,3,3,3,12,123,True,1776834892,800000000,-0.43382785,-0.56173295,0.0038912268,0.6934958,0.024591759,0.03262019,-0.0024047736,
2026/5/4 下午 03:35:46.080,2026/4/22 上午 05:15:02.852,1776834902,852,422065552,2356943,1776834902,800000000,-35.84,31.150000000000002,3.6,0,0,0,True,False,True,False,1776834902,800000000,-31.150000000000002,-35.84,3.6,0,0,0,True,False,1776834902,800000000,3,3,10,3,8,3,3,3,12,123,True,1776834902,800000000,-0.43206224,-0.55940574,0.0038921002,0.69647396,0.036953207,0.04032248,-0.0024262045,
2026/5/4 下午 03:35:46.080,2026/4/22 上午 05:15:12.852,1776834912,852,422075552,2356953,1776834912,800000000,-35.72,31.2,3.0100000000000002,0,0,0,True,False,True,False,1776834912,800000000,-31.2,-35.72,3.0100000000000002,0,0,0,True,False,1776834912,800000000,3,3,10,3,8,3,3,3,12,123,True,1776834912,800000000,-0.4301305,-0.5570029,0.003848891,0.69958997,0.03430495,0.04307626,0.0025300148,
2026/5/4 下午 03:35:46.080,2026/4/22 上午 05:15:22.852,1776834922,852,422085552,2356963,1776834922,800000000,-35.61,31.48,2.38,0,0,0,True,False,True,False,1776834922,800000000,-31.48,-35.61,2.38,0,0,0,True,False,1776834922,800000000,3,3,10,3,8,3,3,3,12,123,True,1776834922,800000000,-0.42821363,-0.5546511,0.003764746,0.70262986,0.029149003,0.038335353,-0.005023981,
2026/5/4 下午 03:35:46.080,2026/4/22 上午 05:15:32.852,1776834932,852,422095552,2356973,1776834932,800000000,-35.53,31.78,1.84,0,0,0,True,False,True,False,1776834932,800000000,-31.78,-35.53,1.84,0,0,0,True,False,1776834932,800000000,3,3,11,3,8,3,3,3,12,123,True,1776834932,800000000,-0.4264793,-0.5522533,0.003737052,0.70556813,0.028987683,0.036046967,-0.0025562984,
2026/5/4 下午 03:35:46.080,2026/4/22 上午 05:15:42.852,1776834942,852,422105553,2356983,1776834942,800000000,-35.57,31.94,1.02,0,0,0,True,False,True,False,1776834942,800000000,-31.94,-35.57,1.02,0,0,0,True,False,1776834942,800000000,3,3,11,3,8,3,3,3,12,123,True,1776834942,800000000,-0.42460656,-0.54993016,0.0037090236,0.70850706,0.023810083,0.046247967,0.00737502,
2026/5/4 下午 03:35:46.080,2026/4/22 上午 05:15:52.851,1776834952,851,422115552,2356993,1776834952,800000000,-35.31,32.26,0.45,0,0,0,True,False,True,False,1776834952,800000000,-32.26,-35.31,0.45,0,0,0,True,False,1776834952,800000000,3,3,11,3,8,3,3,3,12,123,True,1776834952,800000000,-0.42283845,-0.54747367,0.0036376284,0.7114627,0.021121075,0.033956688,0.0023366518,
2026/5/4 下午 03:35:46.080,2026/4/22 上午 05:16:02.851,1776834962,851,422125552,2357003,1776834962,800000000,-35.230000000000004,32.46,-0.17,0,0,0,True,False,True,False,1776834962,800000000,-32.46,-35.230000000000004,-0.17,0,0,0,True,False,1776834962,800000000,4,4,12,3,8,3,3,3,13,123,True,1776834962,800000000,-0.42114308,-0.54493845,0.0036107409,0.7144092,0.028440911,0.041667435,0.002303011,
2026/5/4 下午 03:35:46.080,2026/4/22 上午 05:16:12.850,1776834972,850,422135551,2357013,1776834972,800000000,-34.980000000000004,32.74,-0.77,0,0,0,True,False,True,False,1776834972,800000000,-32.74,-34.980000000000004,-0.77,0,0,0,True,False,1776834972,800000000,3,3,12,3,8,3,3,3,12,123,True,1776834972,800000000,-0.4194537,-0.54241186,0.0036681492,0.7173202,0.025764445,0.04187447,0.0022750166,
2026/5/4 下午 03:35:46.080,2026/4/22 上午 05:16:22.850,1776834982,850,422145551,2357023,1776834982,800000000,-34.96,32.9,-1.45,0,0,0,True,False,True,False,1776834982,800000000,-32.9,-34.96,-1.45,0,0,0,True,False,1776834982,800000000,3,3,12,3,8,3,3,3,13,123,True,1776834982,800000000,-0.41778198,-0.53979903,0.0035955848,0.72026134,0.025581166,0.034585163,0.0072644562,
2026/5/4 下午 03:35:46.080,2026/4/22 上午 05:16:32.851,1776834992,851,422155552,2357033,1776834992,800000000,-34.87,33.11,-2.2600000000000002,0,0,0,True,False,True,False,1776834992,800000000,-33.11,-34.87,-2.2600000000000002,0,0,0,True,False,1776834992,800000000,4,4,13,3,8,3,3,3,13,123,True,1776834992,800000000,-0.4159218,-0.537255,0.0035942933,0.72323465,0.02041786,0.03481407,0.012195653,
2026/5/4 下午 03:35:46.080,2026/4/22 上午 05:16:42.850,1776835002,850,422165551,2357043,1776835002,800000000,-34.6,33.29,-2.89,0,0,0,True,False,True,False,1776835002,800000000,-33.29,-34.6,-2.89,0,0,0,True,False,1776835002,800000000,3,3,13,3,8,3,3,3,13,123,True,1776835002,800000000,-0.41408587,-0.53461033,0.0035525383,0.7262428,0.032765172,0.04007327,0.0046377517,
2026/5/4 下午 03:35:46.080,2026/4/22 上午 05:16:52.851,1776835012,851,422175552,2357053,1776835012,800000000,-34.42,33.480000000000004,-3.63,0,0,0,True,False,True,False,1776835012,800000000,-33.480000000000004,-34.42,-3.63,0,0,0,True,False,1776835012,800000000,3,3,14,3,8,3,3,3,13,123,True,1776835012,800000000,-0.41252244,-0.53187543,0.0035038458,0.72913593,0.020103399,0.042795155,0.0046098772,
2026/5/4 下午 03:35:46.080,2026/4/22 上午 05:17:02.851,1776835022,851,422185552,2357063,1776835022,800000000,-34.27,33.65,-4.26,0,0,0,True,False,True,False,1776835022,800000000,-33.65,-34.27,-4.26,0,0,0,True,False,1776835022,800000000,4,4,14,3,8,3,3,3,14,123,True,1776835022,800000000,-0.4109323,-0.5291858,0.0034618773,0.7319867,0.029942103,0.040510606,0.0070770932,
2026/5/4 下午 03:35:46.080,2026/4/22 上午 05:17:12.851,1776835032,851,422195552,2357073,1776835032,800000000,-33.96,33.88,-4.71,0,0,0,True,False,True,False,1776835032,800000000,-33.88,-33.96,-4.71,0,0,0,True,False,1776835032,800000000,3,3,14,3,8,3,3,3,13,123,True,1776835032,800000000,-0.40928957,-0.52653325,0.0035299237,0.7348147,0.022298515,0.03820707,-0.0004625152,
2026/5/4 下午 03:35:46.080,2026/4/22 上午 05:17:22.851,1776835042,851,422205552,2357083,1776835042,800000000,-33.67,34.08,-5.4,0,0,0,True,False,True,False,1776835042,800000000,-34.08,-33.67,-5.4,0,0,0,True,False,1776835042,800000000,3,3,15,3,8,3,3,3,14,123,True,1776835042,800000000,-0.4077001,-0.5238255,0.0036355439,0.73763025,0.022147303,0.035871595,0.0070213145,
2026/5/4 下午 03:35:46.080,2026/4/22 上午 05:17:32.852,1776835052,852,422215554,2357093,1776835052,800000000,-33.46,34.18,-6.13,0,0,0,True,False,True,False,1776835052,800000000,-34.18,-33.46,-6.13,0,0,0,True,False,1776835052,800000000,4,4,15,3,8,3,3,3,15,122,True,1776835052,800000000,-0.40621552,-0.52102613,0.0036742818,0.7404284,0.02198904,0.041047204,0.0020284227,
2026/5/4 下午 03:35:46.080,2026/4/22 上午 05:17:42.851,1776835062,851,422225552,2357103,1776835062,800000000,-33.160000000000004,34.410000000000004,-6.76,0,0,0,True,False,True,False,1776835062,800000000,-34.410000000000004,-33.160000000000004,-6.76,0,0,0,True,False,1776835062,800000000,3,3,16,3,8,3,3,3,14,122,True,1776835062,800000000,-0.4046776,-0.5181638,0.0036284463,0.7432754,0.03182131,0.03873076,0.0070457403,
2026/5/4 下午 03:35:46.080,2026/4/22 上午 05:17:52.850,1776835072,850,422235552,2357113,1776835072,800000000,-32.84,34.56,-7.4,0,0,0,True,False,True,False,1776835072,800000000,-34.56,-32.84,-7.4,0,0,0,True,False,1776835072,800000000,3,3,16,3,8,3,3,3,15,122,True,1776835072,800000000,-0.40312612,-0.5153542,0.0037351917,0.7460671,0.02666863,0.038915027,-0.0004391865,
2026/5/4 下午 03:35:46.080,2026/4/22 上午 05:18:02.851,1776835082,851,422245553,2357123,1776835082,800000000,-32.55,34.67,-8.03,0,0,0,True,False,True,False,1776835082,800000000,-34.67,-32.55,-8.03,0,0,0,True,False,1776835082,800000000,4,4,16,3,8,4,3,3,16,122,True,1776835082,800000000,-0.4016899,-0.5123632,0.0036459945,0.74889857,0.023982678,0.03913032,0.004610338,
2026/5/4 下午 03:35:46.080,2026/4/22 上午 05:18:12.850,1776835092,850,422255552,2357133,1776835092,800000000,-32.24,34.82,-8.64,0,0,0,True,False,True,False,1776835092,800000000,-34.82,-32.24,-8.64,0,0,0,True,False,1776835092,800000000,3,3,17,3,8,3,3,3,15,122,True,1776835092,800000000,-0.40023082,-0.5093726,0.003581764,0.75171524,0.033790175,0.044349138,-0.00034223983,
2026/5/4 下午 03:35:46.080,2026/4/22 上午 05:18:22.852,1776835102,852,422265554,2357143,1776835102,800000000,-31.830000000000002,34.93,-9.35,0,0,0,True,False,True,False,1776835102,800000000,-34.93,-31.830000000000002,-9.35,0,0,0,True,False,1776835102,800000000,3,3,17,3,8,3,3,3,15,122,True,1776835102,800000000,-0.3987785,-0.5064305,0.0036084752,0.7544711,0.021099705,0.029566051,0.0047029653,
2026/5/4 下午 03:35:46.080,2026/4/22 上午 05:18:32.851,1776835112,851,422275553,2357153,1776835112,800000000,-31.52,34.99,-9.88,0,0,0,True,False,True,False,1776835112,800000000,-34.99,-31.52,-9.88,0,0,0,True,False,1776835112,800000000,3,3,17,3,8,3,3,4,15,122,True,1776835112,800000000,-0.39740297,-0.5035153,0.0036301801,0.7571441,0.020907933,0.03976145,0.0047592213,
2026/5/4 下午 03:35:46.080,2026/4/22 上午 05:18:42.851,1776835122,851,422285553,2357163,1776835122,800000000,-31.2,35.08,-10.5,0,0,0,True,False,True,False,1776835122,800000000,-35.08,-31.2,-10.5,0,0,0,True,False,1776835122,800000000,3,3,17,3,8,3,3,4,15,121,True,1776835122,800000000,-0.39598837,-0.50055134,0.0035766694,0.75984585,0.028187757,0.03995688,-0.00019236254,
2026/5/4 下午 03:35:46.080,2026/4/22 上午 05:18:52.851,1776835132,851,422295554,2357173,1776835132,800000000,-30.8,35.19,-11.14,0,0,0,True,False,True,False,1776835132,800000000,-35.19,-30.8,-11.14,0,0,0,True,False,1776835132,800000000,3,3,17,3,8,3,3,4,16,121,True,1776835132,800000000,-0.39461672,-0.49753773,0.0035629778,0.7625347,0.01797443,0.03514959,0.009856972,
2026/5/4 下午 03:35:46.080,2026/4/22 上午 05:19:02.851,1776835142,851,422305553,2357183,1776835142,800000000,-30.42,35.21,-11.78,0,0,0,True,False,True,False,1776835142,800000000,-35.21,-30.42,-11.78,0,0,0,True,False,1776835142,800000000,3,3,18,3,8,3,3,4,16,121,True,1776835142,800000000,-0.39315143,-0.49451664,0.003507955,0.7652523,0.022772182,0.03785057,0.014898701,
2026/5/4 下午 03:35:46.080,2026/4/22 上午 05:19:12.852,1776835152,852,422315555,2357193,1776835152,800000000,-30.060000000000002,35.27,-12.33,0,0,0,True,False,True,False,1776835152,800000000,-35.27,-30.060000000000002,-12.33,0,0,0,True,False,1776835152,800000000,3,3,18,3,8,3,3,4,17,121,True,1776835152,800000000,-0.3916996,-0.49147725,0.0035635575,0.7679501,0.022590736,0.043048363,-6.802175E-05,
2026/5/4 下午 03:35:46.080,2026/4/22 上午 05:19:22.851,1776835162,851,422325554,2357203,1776835162,800000000,-29.64,35.35,-13.05,0,0,0,True,False,True,False,1776835162,800000000,-35.35,-29.64,-13.05,0,0,0,True,False,1776835162,800000000,3,3,18,4,8,3,3,4,17,121,True,1776835162,800000000,-0.39033142,-0.4883638,0.003509961,0.7706284,0.024903698,0.038246777,0.0024706041,
2026/5/4 下午 03:35:46.080,2026/4/22 上午 05:19:32.851,1776835172,851,422335554,2357213,1776835172,800000000,-29.19,35.37,-13.450000000000001,0,0,0,True,False,True,False,1776835172,800000000,-35.37,-29.19,-13.450000000000001,0,0,0,True,False,1776835172,800000000,3,3,18,4,8,4,3,4,18,121,True,1776835172,800000000,-0.38889742,-0.48526284,0.003488172,0.7733077,0.027227016,0.038448315,0.0024972812,
2026/5/4 下午 03:35:46.080,2026/4/22 上午 05:19:42.852,1776835182,852,422345555,2357223,1776835182,800000000,-28.89,35.5,-14.15,0,0,0,True,False,True,False,1776835182,800000000,-35.5,-28.89,-14.15,0,0,0,True,False,1776835182,800000000,3,3,19,4,8,4,3,4,18,121,True,1776835182,800000000,-0.3875503,-0.48215437,0.003531858,0.7759237,0.024564637,0.03863634,0.010015752,
2026/5/4 下午 03:35:46.080,2026/4/22 上午 05:19:52.851,1776835192,851,422355554,2357233,1776835192,800000000,-28.400000000000002,35.4,-14.68,0,0,0,True,False,True,False,1776835192,800000000,-35.4,-28.400000000000002,-14.68,0,0,0,True,False,1776835192,800000000,3,3,19,4,8,4,3,4,18,120,True,1776835192,800000000,-0.38613787,-0.47902995,0.0034618082,0.7785589,0.016890483,0.046326883,0.007526655,
2026/5/4 下午 03:35:46.080,2026/4/22 上午 05:20:02.851,1776835202,851,422365555,2357243,1776835202,800000000,-27.91,35.35,-15.17,0,0,0,True,False,True,False,1776835202,800000000,-35.35,-27.91,-15.17,0,0,0,True,False,1776835202,800000000,3,3,19,4,8,4,3,4,18,120,True,1776835202,800000000,-0.3848793,-0.47590846,0.0033896558,0.78109264,0.021703938,0.038988035,0.0075516314,
2026/5/4 下午 03:35:46.080,2026/4/22 上午 05:20:12.852,1776835212,852,422375555,2357253,1776835212,800000000,-27.45,35.46,-15.69,0,0,0,True,False,True,False,1776835212,800000000,-35.46,-27.45,-15.69,0,0,0,True,False,1776835212,800000000,3,3,19,4,8,4,3,4,18,120,True,1776835212,800000000,-0.38366914,-0.47272652,0.003414728,0.78361696,0.019012991,0.04663531,0.0050825546,
2026/5/4 下午 03:35:46.080,2026/4/22 上午 05:20:22.852,1776835222,852,422385555,2357263,1776835222,800000000,-26.95,35.45,-16.21,0,0,0,True,False,True,False,1776835222,800000000,-35.45,-26.95,-16.21,0,0,0,True,False,1776835222,800000000,3,3,19,4,8,4,3,4,18,120,True,1776835222,800000000,-0.3824336,-0.46949387,0.0034036604,0.78616047,0.02131471,0.0417771,0.00011185435,
2026/5/4 下午 03:35:46.080,2026/4/22 上午 05:20:32.851,1776835232,851,422395555,2357273,1776835232,800000000,-26.47,35.49,-16.76,0,0,0,True,False,True,False,1776835232,800000000,-35.49,-26.47,-16.76,0,0,0,True,False,1776835232,800000000,3,3,19,4,8,4,3,5,18,120,True,1776835232,800000000,-0.38120383,-0.46627915,0.0034026697,0.78866774,0.021109227,0.036911365,0.007634804,
2026/5/4 下午 03:35:46.080,2026/4/22 上午 05:20:42.851,1776835242,851,422405555,2357283,1776835242,800000000,-25.900000000000002,35.42,-17.19,0,0,0,True,False,True,False,1776835242,800000000,-35.42,-25.900000000000002,-17.19,0,0,0,True,False,1776835242,800000000,3,3,20,5,8,4,3,5,18,119,True,1776835242,800000000,-0.37998158,-0.46306401,0.003335955,0.791149,0.015882544,0.042029902,0.010162074,
2026/5/4 下午 03:35:46.080,2026/4/22 上午 05:20:52.852,1776835252,852,422415555,2357293,1776835252,800000000,-25.43,35.46,-17.91,0,0,0,True,False,True,False,1776835252,800000000,-35.46,-25.43,-17.91,0,0,0,True,False,1776835252,800000000,3,3,20,5,8,4,3,5,18,119,True,1776835252,800000000,-0.37885153,-0.45988378,0.0033880724,0.79354197,0.025660569,0.044575065,0.0051947157,
2026/5/4 下午 03:35:46.080,2026/4/22 上午 05:21:02.851,1776835262,851,422425555,2357303,1776835262,800000000,-24.87,35.300000000000004,-18.29,0,0,0,True,False,True,False,1776835262,800000000,-35.300000000000004,-24.87,-18.29,0,0,0,True,False,1776835262,800000000,3,3,20,5,8,4,3,5,18,119,True,1776835262,800000000,-0.37761983,-0.4566464,0.0034104402,0.79599506,0.027929384,0.04713192,0.00021639159,
2026/5/4 下午 03:35:46.080,2026/4/22 上午 05:21:12.851,1776835272,851,422435555,2357313,1776835272,800000000,-24.34,35.29,-18.75,0,0,0,True,False,True,False,1776835272,800000000,-35.29,-24.34,-18.75,0,0,0,True,False,1776835272,800000000,3,3,20,5,8,4,3,5,18,119,True,1776835272,800000000,-0.37646532,-0.45330527,0.0034733946,0.7984479,0.022690892,0.04969341,0.012749992,
2026/5/4 下午 03:35:46.080,2026/4/22 上午 05:21:22.851,1776835282,851,422445555,2357323,1776835282,800000000,-23.62,35.28,-19.35,0,0,0,True,False,True,False,1776835282,800000000,-35.28,-23.62,-19.35,0,0,0,True,False,1776835282,800000000,3,3,19,5,8,4,3,6,18,119,True,1776835282,800000000,-0.37544695,-0.44979453,0.0034168735,0.80090946,0.017423805,0.052276574,0.0028170794,
2026/5/4 下午 03:35:46.080,2026/4/22 上午 05:21:32.851,1776835292,851,422455555,2357333,1776835292,800000000,-23.13,35.28,-19.830000000000002,0,0,0,True,False,True,False,1776835292,800000000,-35.28,-23.13,-19.830000000000002,0,0,0,True,False,1776835292,800000000,3,3,19,5,8,4,3,6,18,119,True,1776835292,800000000,-0.37435013,-0.44635066,0.0033627811,0.8033464,0.019649299,0.039882977,0.0003790488,
2026/5/4 下午 03:35:46.080,2026/4/22 上午 05:21:42.851,1776835302,851,422465555,2357343,1776835302,800000000,-22.7,35.13,-20.150000000000002,0,0,0,True,False,True,False,1776835302,800000000,-35.13,-22.7,-20.150000000000002,0,0,0,True,False,1776835302,800000000,3,3,19,5,8,4,3,6,18,118,True,1776835302,800000000,-0.37319046,-0.44292602,0.0033031653,0.8057782,0.024369564,0.039998207,0.015411601,
2026/5/4 下午 03:35:46.080,2026/4/22 上午 05:21:52.851,1776835312,851,422475555,2357353,1776835312,800000000,-22.080000000000002,35.19,-20.79,0,0,0,True,False,True,False,1776835312,800000000,-35.19,-22.080000000000002,-20.79,0,0,0,True,False,1776835312,800000000,3,3,19,6,8,5,3,6,19,118,True,1776835312,800000000,-0.3720246,-0.43954518,0.0032331452,0.8081653,0.016598769,0.037614938,0.010433933,
2026/5/4 下午 03:35:46.080,2026/4/22 上午 05:22:02.851,1776835322,851,422485555,2357363,1776835322,800000000,-21.48,34.99,-21.11,0,0,0,True,False,True,False,1776835322,800000000,-34.99,-21.48,-21.11,0,0,0,True,False,1776835322,800000000,3,3,19,6,8,5,3,6,19,118,True,1776835322,800000000,-0.37092456,-0.43604836,0.0032278828,0.8105621,0.016336503,0.042726573,0.012960668,
2026/5/4 下午 03:35:46.080,2026/4/22 上午 05:22:12.851,1776835332,851,422495555,2357373,1776835332,800000000,-20.91,34.910000000000004,-21.53,0,0,0,True,False,True,False,1776835332,800000000,-34.910000000000004,-20.91,-21.53,0,0,0,True,False,1776835332,800000000,3,3,19,6,8,5,3,6,19,118,True,1776835332,800000000,-0.36980656,-0.43253368,0.0031611046,0.8129529,0.01856922,0.05284448,0.0029873673,
2026/5/4 下午 03:35:46.080,2026/4/22 上午 05:22:22.851,1776835342,851,422505555,2357383,1776835342,800000000,-20.240000000000002,34.89,-22.11,0,0,0,True,False,True,False,1776835342,800000000,-34.89,-20.240000000000002,-22.11,0,0,0,True,False,1776835342,800000000,3,3,18,6,8,5,3,6,19,117,True,1776835342,800000000,-0.36868393,-0.4291102,0.0031735923,0.8152737,0.023313709,0.040464513,0.015499802,
2026/5/4 下午 03:35:46.080,2026/4/22 上午 05:22:32.851,1776835352,851,422515555,2357393,1776835352,800000000,-19.6,34.68,-22.39,0,0,0,True,False,True,False,1776835352,800000000,-34.68,-19.6,-22.39,0,0,0,True,False,1776835352,800000000,3,3,18,6,8,5,3,6,19,117,True,1776835352,800000000,-0.3676163,-0.42551783,0.0031581211,0.81763524,0.025564237,0.0455883,0.010522037,
2026/5/4 下午 03:35:46.080,2026/4/22 上午 05:22:42.851,1776835362,851,422525556,2357403,1776835362,800000000,-19.07,34.58,-22.75,0,0,0,True,False,True,False,1776835362,800000000,-34.58,-19.07,-22.75,0,0,0,True,False,1776835362,800000000,3,3,18,6,8,5,3,6,19,117,True,1776835362,800000000,-0.36657062,-0.42194873,0.00306886,0.81995136,0.020314937,0.043214023,0.005540267,
2026/5/4 下午 03:35:46.080,2026/4/22 上午 05:22:52.850,1776835372,850,422535555,2357413,1776835372,800000000,-18.38,34.57,-23.330000000000002,0,0,0,True,False,True,False,1776835372,800000000,-34.57,-18.38,-23.330000000000002,0,0,0,True,False,1776835372,800000000,3,3,18,6,8,5,3,6,19,117,True,1776835372,800000000,-0.36546785,-0.41846147,0.0030957921,0.82222766,0.0250756,0.03833396,0.003041682,
2026/5/4 下午 03:35:46.080,2026/4/22 上午 05:23:02.851,1776835382,851,422545556,2357423,1776835382,800000000,-17.72,34.43,-23.61,0,0,0,True,False,True,False,1776835382,800000000,-34.43,-17.72,-23.61,0,0,0,True,False,1776835382,800000000,3,3,17,6,8,5,3,6,19,117,True,1776835382,800000000,-0.36444977,-0.41485107,0.0030813692,0.82450587,0.017330943,0.04594701,0.010553865,
2026/5/4 下午 03:35:46.080,2026/4/22 上午 05:23:12.851,1776835392,851,422555556,2357433,1776835392,800000000,-17.1,34.24,-23.93,0,0,0,True,False,True,False,1776835392,800000000,-34.24,-17.1,-23.93,0,0,0,True,False,1776835392,800000000,3,3,17,6,8,5,3,8,18,117,True,1776835392,800000000,-0.36341724,-0.41130635,0.0030553876,0.8267348,0.017081864,0.043548506,0.003064177,
2026/5/4 下午 03:35:46.080,2026/4/22 上午 05:23:22.851,1776835402,851,422565556,2357443,1776835402,800000000,-16.38,34.14,-24.37,0,0,0,True,False,True,False,1776835402,800000000,-34.14,-16.38,-24.37,0,0,0,True,False,1776835402,800000000,3,3,17,6,8,5,3,7,18,117,True,1776835402,800000000,-0.36251724,-0.40764156,0.0031119836,0.8289418,0.021839034,0.04863515,0.0130889155,
2026/5/4 下午 03:35:46.080,2026/4/22 上午 05:23:32.851,1776835412,851,422575556,2357453,1776835412,800000000,-15.69,33.99,-24.48,0,0,0,True,False,True,False,1776835412,800000000,-33.99,-15.69,-24.48,0,0,0,True,False,1776835412,800000000,3,3,17,7,8,5,3,7,18,116,True,1776835412,800000000,-0.36152408,-0.40403217,0.00312667,0.8311394,0.026585728,0.051225465,0.018102976,
2026/5/4 下午 03:35:46.080,2026/4/22 上午 05:23:42.851,1776835422,851,422585557,2357463,1776835422,800000000,-15.06,33.82,-24.85,0,0,0,True,False,True,False,1776835422,800000000,-33.82,-15.06,-24.85,0,0,0,True,False,1776835422,800000000,3,3,17,7,8,5,3,7,18,116,True,1776835422,800000000,-0.3606471,-0.40045255,0.0031057037,0.8332498,0.01883257,0.04380723,0.0031186084,
2026/5/4 下午 03:35:46.080,2026/4/22 上午 05:23:52.851,1776835432,851,422595557,2357473,1776835432,800000000,-14.34,33.77,-25.16,0,0,0,True,False,True,False,1776835432,800000000,-33.77,-14.34,-25.16,0,0,0,True,False,1776835432,800000000,3,3,17,7,8,5,3,7,18,117,True,1776835432,800000000,-0.35961646,-0.39668202,0.0030134325,0.8354962,0.026056696,0.05141323,0.013133609,
2026/5/4 下午 03:35:46.080,2026/4/22 上午 05:24:02.851,1776835442,851,422605556,2357483,1776835442,800000000,-13.64,33.54,-25.53,0,0,0,True,False,True,False,1776835442,800000000,-33.54,-13.64,-25.53,0,0,0,True,False,1776835442,800000000,3,3,17,7,8,6,3,8,18,116,True,1776835442,800000000,-0.3587061,-0.393007,0.0030150206,0.8376217,0.018294081,0.038994316,0.008154395,
2026/5/4 下午 03:35:46.080,2026/4/22 上午 05:24:12.851,1776835452,851,422615557,2357493,1776835452,800000000,-12.93,33.33,-25.75,0,0,0,True,False,True,False,1776835452,800000000,-33.33,-12.93,-25.75,0,0,0,True,False,1776835452,800000000,3,3,17,7,8,6,3,7,18,116,True,1776835452,800000000,-0.3578185,-0.38935655,0.003047871,0.8397037,0.02054226,0.046565715,0.013178623,
2026/5/4 下午 03:35:46.080,2026/4/22 上午 05:24:22.851,1776835462,851,422625557,2357503,1776835462,800000000,-12.18,33.15,-25.89,0,0,0,True,False,True,False,1776835462,800000000,-33.15,-12.18,-25.89,0,0,0,True,False,1776835462,800000000,3,3,19,7,8,6,3,7,18,116,True,1776835462,800000000,-0.35696578,-0.3856088,0.003133714,0.84179306,0.025292087,0.044134814,0.01571123,
2026/5/4 下午 03:35:46.080,2026/4/22 上午 05:24:32.851,1776835472,851,422635557,2357513,1776835472,800000000,-11.44,32.99,-26.16,0,0,0,True,False,True,False,1776835472,800000000,-32.99,-11.44,-26.16,0,0,0,True,False,1776835472,800000000,3,3,17,7,8,6,3,8,18,116,True,1776835472,800000000,-0.3560163,-0.3818841,0.0031062765,0.8438907,0.022529138,0.05171119,0.010741817,
2026/5/4 下午 03:35:46.080,2026/4/22 上午 05:24:42.851,1776835482,851,422645557,2357523,1776835482,800000000,-10.790000000000001,32.76,-26.36,0,0,0,True,False,True,False,1776835482,800000000,-32.76,-10.790000000000001,-26.36,0,0,0,True,False,1776835482,800000000,3,3,17,7,8,6,3,8,18,116,True,1776835482,800000000,-0.35512963,-0.37810892,0.003097687,0.84596187,0.024777588,0.041793615,0.015773974,
2026/5/4 下午 03:35:46.080,2026/4/22 上午 05:24:52.851,1776835492,851,422655557,2357533,1776835492,800000000,-9.9,32.54,-26.59,0,0,0,True,False,True,False,1776835492,800000000,-32.54,-9.9,-26.59,0,0,0,True,False,1776835492,800000000,3,3,17,7,8,6,3,8,18,116,True,1776835492,800000000,-0.35425752,-0.374245,0.003095995,0.8480435,0.017033854,0.044387788,0.0058123777,
2026/5/4 下午 03:35:46.080,2026/4/22 上午 05:25:02.851,1776835502,851,422665557,2357543,1776835502,800000000,-9.21,32.36,-26.75,0,0,0,True,False,True,False,1776835502,800000000,-32.36,-9.21,-26.75,0,0,0,True,False,1776835502,800000000,3,3,17,7,8,6,3,8,18,116,True,1776835502,800000000,-0.35338762,-0.3704361,0.00314526,0.85007644,0.021805797,0.039488357,0.015869753,
2026/5/4 下午 03:35:46.080,2026/4/22 上午 05:25:12.851,1776835512,851,422675557,2357553,1776835512,800000000,-8.49,32.1,-26.95,0,0,0,True,False,True,False,1776835512,800000000,-32.1,-8.49,-26.95,0,0,0,True,False,1776835512,800000000,3,3,17,7,8,7,3,8,19,116,True,1776835512,800000000,-0.3525088,-0.36656803,0.0031680216,0.8521155,0.011591513,0.03960554,0.013422899,
2026/5/4 下午 03:35:46.080,2026/4/22 上午 05:25:22.851,1776835522,851,422685557,2357563,1776835522,800000000,-7.71,31.84,-27.07,0,0,0,True,False,True,False,1776835522,800000000,-31.84,-7.71,-27.07,0,0,0,True,False,1776835522,800000000,4,4,17,8,9,7,3,9,20,116,True,1776835522,800000000,-0.35163656,-0.36264214,0.0031965373,0.85415316,0.018884426,0.04971758,0.00598553,
2026/5/4 下午 03:35:46.080,2026/4/22 上午 05:25:32.851,1776835532,851,422695557,2357573,1776835532,800000000,-6.98,31.650000000000002,-27.2,0,0,0,True,False,True,False,1776835532,800000000,-31.650000000000002,-6.98,-27.2,0,0,0,True,False,1776835532,800000000,3,3,17,8,8,7,3,9,19,116,True,1776835532,800000000,-0.3507772,-0.35881644,0.003147539,0.85612,0.016177882,0.049821462,0.008530296,
2026/5/4 下午 03:35:46.080,2026/4/22 上午 05:25:42.851,1776835542,851,422705558,2357583,1776835542,800000000,-6.25,31.41,-27.43,0,0,0,True,False,True,False,1776835542,800000000,-31.41,-6.25,-27.43,0,0,0,True,False,1776835542,800000000,3,3,17,8,8,7,3,9,19,116,True,1776835542,800000000,-0.34994724,-0.35496306,0.0031629452,0.85806376,0.013484189,0.047422025,0.016057903,
2026/5/4 下午 03:35:46.080,2026/4/22 上午 05:25:52.850,1776835552,850,422715557,2357593,1776835552,800000000,-5.46,31.17,-27.59,0,0,0,True,False,True,False,1776835552,800000000,-31.17,-5.46,-27.59,0,0,0,True,False,1776835552,800000000,4,4,17,8,9,7,3,9,20,116,True,1776835552,800000000,-0.34910974,-0.3510925,0.0030899781,0.85999566,0.010775976,0.047517,0.008590284,
2026/5/4 下午 03:35:46.080,2026/4/22 上午 05:26:02.851,1776835562,851,422725558,2357603,1776835562,800000000,-4.69,30.89,-27.62,0,0,0,True,False,True,False,1776835562,800000000,-30.89,-4.69,-27.62,0,0,0,True,False,1776835562,800000000,3,3,17,8,8,7,3,9,19,116,True,1776835562,800000000,-0.3483347,-0.3473007,0.0031669214,0.86184746,0.018085463,0.042597074,0.003622478,
2026/5/4 下午 03:35:46.080,2026/4/22 上午 05:26:12.851,1776835572,851,422735558,2357613,1776835572,800000000,-3.98,30.67,-27.67,0,0,0,True,False,True,False,1776835572,800000000,-30.67,-3.98,-27.67,0,0,0,True,False,1776835572,800000000,3,3,17,8,8,7,3,8,19,116,True,1776835572,800000000,-0.3475505,-0.34343088,0.0031521902,0.86371297,0.012876065,0.042666357,0.0011580739,
2026/5/4 下午 03:35:46.080,2026/4/22 上午 05:26:22.853,1776835582,853,422745560,2357623,1776835582,800000000,-3.16,30.41,-27.76,0,0,0,True,False,True,False,1776835582,800000000,-30.41,-3.16,-27.76,0,0,0,True,False,1776835582,800000000,4,4,17,8,9,7,3,9,20,116,True,1776835582,800000000,-0.346878,-0.33952826,0.00314407,0.86552477,0.0126595935,0.05272454,0.00870759,
2026/5/4 下午 03:35:46.080,2026/4/22 上午 05:26:32.851,1776835592,851,422755558,2357633,1776835592,800000000,-2.44,30.09,-27.72,0,0,0,True,False,True,False,1776835592,800000000,-30.09,-2.44,-27.72,0,0,0,True,False,1776835592,800000000,3,3,17,8,9,7,3,9,19,116,True,1776835592,800000000,-0.34609598,-0.33561853,0.003153896,0.867361,0.014940902,0.047791157,0.011235436,
2026/5/4 下午 03:35:46.080,2026/4/22 上午 05:26:42.851,1776835602,851,422765558,2357643,1776835602,800000000,-1.68,29.830000000000002,-27.7,0,0,0,True,False,True,False,1776835602,800000000,-29.830000000000002,-1.68,-27.7,0,0,0,True,False,1776835602,800000000,3,3,17,8,9,7,3,9,19,116,True,1776835602,800000000,-0.34538049,-0.33157125,0.003043852,0.8692011,0.017198889,0.052851375,0.013777407,
2026/5/4 下午 03:35:46.080,2026/4/22 上午 05:26:52.851,1776835612,851,422775558,2357653,1776835612,800000000,-0.91,29.62,-27.810000000000002,0,0,0,True,False,True,False,1776835612,800000000,-29.62,-0.91,-27.810000000000002,0,0,0,True,False,1776835612,800000000,4,4,17,8,9,7,3,9,20,116,True,1776835612,800000000,-0.34468934,-0.32768425,0.0030712585,0.8709473,0.021972803,0.0403899,0.011304039,
2026/5/4 下午 03:35:46.080,2026/4/22 上午 05:27:02.852,1776835622,852,422785559,2357663,1776835622,800000000,-0.13,29.26,-27.68,0,0,0,True,False,True,False,1776835622,800000000,-29.26,-0.13,-27.68,0,0,0,True,False,1776835622,800000000,3,3,17,8,9,7,3,9,19,116,True,1776835622,800000000,-0.34398076,-0.32378873,0.0030298,0.8726831,0.014235365,0.047926355,0.013817174,
2026/5/4 下午 03:35:46.080,2026/4/22 上午 05:27:12.852,1776835632,852,422795559,2357673,1776835632,800000000,0.63,28.990000000000002,-27.62,0,0,0,True,False,True,False,1776835632,800000000,-28.990000000000002,0.63,-27.62,0,0,0,True,False,1776835632,800000000,3,3,16,8,9,7,3,10,19,116,True,1776835632,800000000,-0.3432594,-0.31977388,0.0030226994,0.87444574,0.023981072,0.047964327,0.016335342,
2026/5/4 下午 03:35:46.080,2026/4/22 上午 05:27:22.851,1776835642,851,422805558,2357683,1776835642,800000000,1.4000000000000001,28.68,-27.61,0,0,0,True,False,True,False,1776835642,800000000,-28.68,1.4000000000000001,-27.61,0,0,0,True,False,1776835642,800000000,4,4,16,8,9,7,3,9,20,116,True,1776835642,800000000,-0.34260756,-0.31571594,0.0029775123,0.87617445,0.016222743,0.050531726,0.013849164,
2026/5/4 下午 03:35:46.080,2026/4/22 上午 05:27:32.851,1776835652,851,422815558,2357693,1776835652,800000000,2.16,28.3,-27.45,0,0,0,True,False,True,False,1776835652,800000000,-28.3,2.16,-27.45,0,0,0,True,False,1776835652,800000000,3,3,16,8,9,7,3,10,19,115,True,1776835652,800000000,-0.34196928,-0.31167045,0.0028522476,0.87787074,0.020950638,0.040589392,0.003846784,
2026/5/4 下午 03:35:46.080,2026/4/22 上午 05:27:42.852,1776835662,852,422825559,2357703,1776835662,800000000,2.9,28.04,-27.37,0,0,0,True,False,True,False,1776835662,800000000,-28.04,2.9,-27.37,0,0,0,True,False,1776835662,800000000,3,3,16,8,9,7,3,10,19,116,True,1776835662,800000000,-0.34131566,-0.30763498,0.0027860394,0.87954724,0.018176187,0.053143375,0.016340375,
2026/5/4 下午 03:35:46.080,2026/4/22 上午 05:27:52.851,1776835672,851,422835559,2357713,1776835672,800000000,3.7,27.66,-27.3,0,0,0,True,False,True,False,1776835672,800000000,-27.66,3.7,-27.3,0,0,0,True,False,1776835672,800000000,3,3,16,8,9,7,3,9,19,115,True,1776835672,800000000,-0.3405847,-0.30368972,0.0027794235,0.8812004,0.017914306,0.048194353,0.011311372,
2026/5/4 下午 03:35:46.080,2026/4/22 上午 05:28:02.852,1776835682,852,422845559,2357723,1776835682,800000000,4.46,27.32,-27.12,0,0,0,True,False,True,False,1776835682,800000000,-27.32,4.46,-27.12,0,0,0,True,False,1776835682,800000000,3,3,16,8,9,7,3,10,19,116,True,1776835682,800000000,-0.33995637,-0.2995101,0.00274717,0.8828722,0.015130818,0.048241585,0.0137994215,
2026/5/4 下午 03:35:46.080,2026/4/22 上午 05:28:12.851,1776835692,851,422855559,2357733,1776835692,800000000,5.16,27,-26.91,0,0,0,True,False,True,False,1776835692,800000000,-27,5.16,-26.91,0,0,0,True,False,1776835692,800000000,3,3,17,8,9,7,3,9,19,115,True,1776835692,800000000,-0.3394359,-0.2955152,0.002801814,0.88441706,0.009845362,0.045749404,0.018783985,
2026/5/4 下午 03:35:46.080,2026/4/22 上午 05:28:22.851,1776835702,851,422865559,2357743,1776835702,800000000,5.91,26.59,-26.76,0,0,0,True,False,True,False,1776835702,800000000,-26.59,5.91,-26.76,0,0,0,True,False,1776835702,800000000,3,3,17,8,9,7,3,10,19,115,True,1776835702,800000000,-0.3389075,-0.29164475,0.0027695908,0.88590354,0.014534661,0.045691267,0.016267499,
2026/5/4 下午 03:35:46.080,2026/4/22 上午 05:28:32.852,1776835712,852,422875560,2357753,1776835712,800000000,6.67,26.16,-26.5,0,0,0,True,False,True,False,1776835712,800000000,-26.16,6.67,-26.5,0,0,0,True,False,1776835712,800000000,3,3,17,8,9,8,3,10,19,115,True,1776835712,800000000,-0.33826968,-0.28759933,0.0026801378,0.8874692,0.014225503,0.05567827,0.021240983,
2026/5/4 下午 03:35:46.080,2026/4/22 上午 05:28:42.852,1776835722,852,422885560,2357763,1776835722,800000000,7.42,25.810000000000002,-26.28,0,0,0,True,False,True,False,1776835722,800000000,-25.810000000000002,7.42,-26.28,0,0,0,True,False,1776835722,800000000,3,3,17,8,9,7,3,10,19,115,True,1776835722,800000000,-0.33750397,-0.28332368,0.002698609,0.8891348,0.011440841,0.05072187,0.018683456,
2026/5/4 下午 03:35:46.080,2026/4/22 上午 05:28:52.851,1776835732,851,422895559,2357773,1776835732,800000000,8.2,25.45,-26.11,0,0,0,True,False,True,False,1776835732,800000000,-25.45,8.2,-26.11,0,0,0,True,False,1776835732,800000000,3,3,17,8,9,8,3,10,19,115,True,1776835732,800000000,-0.33686727,-0.27921224,0.0026735885,0.89067584,0.016162133,0.050746378,0.01362851,
2026/5/4 下午 03:35:46.080,2026/4/22 上午 05:29:02.851,1776835742,851,422905559,2357783,1776835742,800000000,8.91,25.07,-25.82,0,0,0,True,False,True,False,1776835742,800000000,-25.07,8.91,-25.82,0,0,0,True,False,1776835742,800000000,3,3,17,8,9,8,3,10,19,115,True,1776835742,800000000,-0.33633593,-0.27499264,0.002614735,0.8921885,0.018362718,0.055762567,0.018588489,
2026/5/4 下午 03:35:46.080,2026/4/22 上午 05:29:12.852,1776835752,852,422915560,2357793,1776835752,800000000,9.68,24.75,-25.48,0,0,0,True,False,True,False,1776835752,800000000,-24.75,9.68,-25.48,0,0,0,True,False,1776835752,800000000,3,3,18,8,9,7,3,9,19,116,True,1776835752,800000000,-0.33577326,-0.27087784,0.002568121,0.8936587,0.015557297,0.045772675,0.016035942,
2026/5/4 下午 03:35:46.080,2026/4/22 上午 05:29:22.852,1776835762,852,422925560,2357803,1776835762,800000000,10.38,24.27,-25.13,0,0,0,True,False,True,False,1776835762,800000000,-24.27,10.38,-25.13,0,0,0,True,False,1776835762,800000000,3,3,18,8,9,7,3,9,20,115,True,1776835762,800000000,-0.33530614,-0.2668305,0.0026895367,0.89505094,0.010252696,0.048221957,0.011008519,
2026/5/4 下午 03:35:46.080,2026/4/22 上午 05:29:32.851,1776835772,851,422935560,2357813,1776835772,800000000,11.08,23.88,-24.8,0,0,0,True,False,True,False,1776835772,800000000,-23.88,11.08,-24.8,0,0,0,True,False,1776835772,800000000,3,3,18,8,9,8,3,10,20,115,True,1776835772,800000000,-0.33481786,-0.26278904,0.0027005684,0.8964292,0.012424079,0.043163642,0.0184735,
2026/5/4 下午 03:35:46.080,2026/4/22 上午 05:29:42.852,1776835782,852,422945560,2357823,1776835782,800000000,11.84,23.42,-24.48,0,0,0,True,False,True,False,1776835782,800000000,-23.42,11.84,-24.48,0,0,0,True,False,1776835782,800000000,3,3,18,8,9,7,3,10,20,115,True,1776835782,800000000,-0.3342679,-0.25861093,0.0026304019,0.89784896,0.022075742,0.053120684,0.015937941,
2026/5/4 下午 03:35:46.080,2026/4/22 上午 05:29:52.851,1776835792,851,422955560,2357833,1776835792,800000000,12.52,23.01,-24.16,0,0,0,True,False,True,False,1776835792,800000000,-23.01,12.52,-24.16,0,0,0,True,False,1776835792,800000000,3,3,19,8,9,8,3,10,20,115,True,1776835792,800000000,-0.3338242,-0.2543148,0.00259844,0.89924073,0.024225915,0.0481042,0.015903307,
2026/5/4 下午 03:35:46.080,2026/4/22 上午 05:30:02.851,1776835802,851,422965560,2357843,1776835802,800000000,13.22,22.650000000000002,-23.84,0,0,0,True,False,True,False,1776835802,800000000,-22.650000000000002,13.22,-23.84,0,0,0,True,False,1776835802,800000000,3,3,19,9,9,8,3,10,21,115,True,1776835802,800000000,-0.3332415,-0.2500105,0.0025062584,0.9006635,0.016382972,0.055633422,0.013344432,
2026/5/4 下午 03:35:46.080,2026/4/22 上午 05:30:12.851,1776835812,851,422975560,2357853,1776835812,800000000,13.89,22.22,-23.47,0,0,0,True,False,True,False,1776835812,800000000,-22.22,13.89,-23.47,0,0,0,True,False,1776835812,800000000,3,3,20,9,9,8,3,10,22,115,True,1776835812,800000000,-0.3327118,-0.24568595,0.0024053839,0.902049,0.013538777,0.05318469,0.018283838,
2026/5/4 下午 03:35:46.081,2026/4/22 上午 05:30:22.851,1776835822,851,422985560,2357863,1776835822,800000000,14.6,21.71,-23.07,0,0,0,True,False,True,False,1776835822,800000000,-21.71,14.6,-23.07,0,0,0,True,False,1776835822,800000000,3,3,20,10,9,9,3,11,23,115,True,1776835822,800000000,-0.33212426,-0.2414294,0.0024082845,0.9034138,0.013219223,0.04073023,0.015703443,
2026/5/4 下午 03:35:46.081,2026/4/22 上午 05:30:32.851,1776835832,851,422995560,2357873,1776835832,800000000,15.24,21.17,-22.66,0,0,0,True,False,True,False,1776835832,800000000,-21.17,15.24,-22.66,0,0,0,True,False,1776835832,800000000,3,3,20,10,9,8,3,11,24,115,True,1776835832,800000000,-0.33160827,-0.23726134,0.0024830808,0.9047066,0.015421313,0.043244183,0.018122528,
2026/5/4 下午 03:35:46.081,2026/4/22 上午 05:30:42.851,1776835842,851,423005560,2357883,1776835842,800000000,15.83,20.76,-22.240000000000002,0,0,0,True,False,True,False,1776835842,800000000,-20.76,15.83,-22.240000000000002,0,0,0,True,False,1776835842,800000000,3,3,20,11,9,9,3,13,25,115,True,1776835842,800000000,-0.33109608,-0.23305883,0.0024312148,0.9059861,0.010115668,0.04575608,0.02304578,
2026/5/4 下午 03:35:46.081,2026/4/22 上午 05:30:52.851,1776835852,851,423015560,2357893,1776835852,800000000,16.490000000000002,20.36,-21.91,0,0,0,True,False,True,False,1776835852,800000000,-20.36,16.490000000000002,-21.91,0,0,0,True,False,1776835852,800000000,3,3,20,12,9,9,3,13,26,115,True,1776835852,800000000,-0.33061326,-0.22882308,0.0024439632,0.90724146,0.017314719,0.045770656,0.020462543,
2026/5/4 下午 03:35:46.081,2026/4/22 上午 05:31:02.853,1776835862,853,423025561,2357903,1776835862,800000000,17.14,19.900000000000002,-21.34,0,0,0,True,False,True,False,1776835862,800000000,-19.900000000000002,17.14,-21.34,0,0,0,True,False,1776835862,800000000,3,3,19,13,9,10,3,14,27,115,True,1776835862,800000000,-0.33022857,-0.22447184,0.0023084881,0.9084682,0.014478864,0.048309676,0.010388059,
2026/5/4 下午 03:35:46.081,2026/4/22 上午 05:31:12.851,1776835872,851,423035560,2357913,1776835872,800000000,17.82,19.34,-20.84,0,0,0,True,False,True,False,1776835872,800000000,-19.34,17.82,-20.84,0,0,0,True,False,1776835872,800000000,3,3,19,14,10,10,3,14,28,115,True,1776835872,800000000,-0.32977968,-0.22013745,0.0022668699,0.90969163,0.014141113,0.043344006,0.015301753,
2026/5/4 下午 03:35:46.081,2026/4/22 上午 05:31:22.851,1776835882,851,423045560,2357923,1776835882,800000000,18.32,18.86,-20.34,0,0,0,True,False,True,False,1776835882,800000000,-18.86,18.32,-20.34,0,0,0,True,False,1776835882,800000000,3,3,18,14,10,11,3,16,28,114,True,1776835882,800000000,-0.32929093,-0.21590894,0.0023210424,0.91088134,0.013856391,0.040887594,0.017709024,
2026/5/4 下午 03:35:46.081,2026/4/22 上午 05:31:32.852,1776835892,852,423055561,2357933,1776835892,800000000,19.07,18.52,-20.080000000000002,0,0,0,True,False,True,False,1776835892,800000000,-18.52,19.07,-20.080000000000002,0,0,0,True,False,1776835892,800000000,3,3,17,15,10,11,3,16,29,115,True,1776835892,800000000,-0.3287506,-0.21156178,0.0023588233,0.9120959,0.008573207,0.040926836,0.020105414,
2026/5/4 下午 03:35:46.081,2026/4/22 上午 05:31:42.851,1776835902,851,423065561,2357943,1776835902,800000000,19.63,17.88,-19.38,0,0,0,True,False,True,False,1776835902,800000000,-17.88,19.63,-19.38,0,0,0,True,False,1776835902,800000000,3,3,17,15,10,11,3,17,29,115,True,1776835902,800000000,-0.3284076,-0.20728491,0.002304371,0.91320145,0.008288199,0.050954018,0.01752172,
2026/5/4 下午 03:35:46.081,2026/4/22 上午 05:31:52.852,1776835912,852,423075561,2357953,1776835912,800000000,20.06,17.36,-18.82,0,0,0,True,False,True,False,1776835912,800000000,-17.36,20.06,-18.82,0,0,0,True,False,1776835912,800000000,3,3,16,15,10,12,3,17,28,114,True,1776835912,800000000,-0.3278984,-0.2029572,0.0023049775,0.9143557,0.018017301,0.050995808,0.017422922,
2026/5/4 下午 03:35:46.081,2026/4/22 上午 05:32:02.851,1776835922,851,423085560,2357963,1776835922,800000000,20.650000000000002,16.96,-18.48,0,0,0,True,False,True,False,1776835922,800000000,-16.96,20.650000000000002,-18.48,0,0,0,True,False,1776835922,800000000,3,3,15,15,11,11,3,17,28,114,True,1776835922,800000000,-0.327463,-0.19862288,0.0023042087,0.915463,0.01274894,0.0485375,0.022331111,
2026/5/4 下午 03:35:46.081,2026/4/22 上午 05:32:12.852,1776835932,852,423095561,2357973,1776835932,800000000,21.240000000000002,16.28,-17.77,0,0,0,True,False,True,False,1776835932,800000000,-16.28,21.240000000000002,-17.77,0,0,0,True,False,1776835932,800000000,3,3,14,14,11,11,3,16,27,114,True,1776835932,800000000,-0.3270064,-0.19423759,0.0022952459,0.9165667,0.0124871805,0.056082137,0.01724403,
2026/5/4 下午 03:35:46.081,2026/4/22 上午 05:32:22.852,1776835942,852,423105561,2357983,1776835942,800000000,21.7,15.8,-17.18,0,0,0,True,False,True,False,1776835942,800000000,-15.8,21.7,-17.18,0,0,0,True,False,1776835942,800000000,3,3,14,14,12,11,3,16,26,114,True,1776835942,800000000,-0.3266333,-0.18987323,0.0024449998,0.9176137,0.009744128,0.053622194,0.029678686,
2026/5/4 下午 03:35:46.081,2026/4/22 上午 05:32:32.851,1776835952,851,423115560,2357993,1776835952,800000000,22.23,15.38,-16.8,0,0,0,True,False,True,False,1776835952,800000000,-15.38,22.23,-16.8,0,0,0,True,False,1776835952,800000000,3,3,13,13,12,11,3,16,25,114,True,1776835952,800000000,-0.32630005,-0.18547261,0.0024280183,0.9186317,0.016979437,0.04617068,0.022125259,
2026/5/4 下午 03:35:46.081,2026/4/22 上午 05:32:42.851,1776835962,851,423125561,2358003,1776835962,800000000,22.71,14.83,-16.18,0,0,0,True,False,True,False,1776835962,800000000,-14.83,22.71,-16.18,0,0,0,True,False,1776835962,800000000,3,3,13,12,12,10,3,16,25,114,True,1776835962,800000000,-0.32589713,-0.1810899,0.002347123,0.9196489,0.019212855,0.056218512,0.019536253,
2026/5/4 下午 03:35:46.081,2026/4/22 上午 05:32:52.852,1776835972,852,423135561,2358013,1776835972,800000000,23.12,14.27,-15.55,0,0,0,True,False,True,False,1776835972,800000000,-14.27,23.12,-15.55,0,0,0,True,False,1776835972,800000000,3,3,12,11,12,10,3,14,24,114,True,1776835972,800000000,-0.32554394,-0.17684622,0.002344082,0.92059946,0.006456091,0.0462578,0.016939929,
2026/5/4 下午 03:35:46.081,2026/4/22 上午 05:33:02.852,1776835982,852,423145561,2358023,1776835982,800000000,23.59,13.77,-15.030000000000001,0,0,0,True,False,True,False,1776835982,800000000,-13.77,23.59,-15.030000000000001,0,0,0,True,False,1776835982,800000000,3,3,12,11,12,9,3,13,23,114,True,1776835982,800000000,-0.32522804,-0.17244713,0.0023369624,0.9215455,0.01119849,0.048796266,0.016865158,
2026/5/4 下午 03:35:46.081,2026/4/22 上午 05:33:12.850,1776835992,850,423155560,2358033,1776835992,800000000,24.02,13.23,-14.35,0,0,0,True,False,True,False,1776835992,800000000,-13.23,24.02,-14.35,0,0,0,True,False,1776835992,800000000,3,3,12,10,12,9,3,12,22,114,True,1776835992,800000000,-0.3248422,-0.16806202,0.0023641586,0.92249095,0.01595347,0.048823476,0.01678734,
2026/5/4 下午 03:35:46.081,2026/4/22 上午 05:33:22.852,1776836002,852,423165561,2358043,1776836002,800000000,24.38,12.63,-13.72,0,0,0,True,False,True,False,1776836002,800000000,-12.63,24.38,-13.72,0,0,0,True,False,1776836002,800000000,3,3,11,9,12,8,3,11,21,114,True,1776836002,800000000,-0.32454324,-0.1637199,0.0023824435,0.92337704,0.01070259,0.03885615,0.02421639,
2026/5/4 下午 03:35:46.081,2026/4/22 上午 05:33:32.850,1776836012,850,423175560,2358053,1776836012,800000000,24.900000000000002,12.09,-13.01,0,0,0,True,False,True,False,1776836012,800000000,-12.09,24.900000000000002,-13.01,0,0,0,True,False,1776836012,800000000,3,3,11,8,12,7,3,10,20,114,True,1776836012,800000000,-0.324269,-0.15914884,0.002442726,0.92427194,0.012949336,0.04641568,0.019185089,
2026/5/4 下午 03:35:46.081,2026/4/22 上午 05:33:42.851,1776836022,851,423185561,2358063,1776836022,800000000,25.27,11.540000000000001,-12.450000000000001,0,0,0,True,False,True,False,1776836022,800000000,-11.540000000000001,25.27,-12.450000000000001,0,0,0,True,False,1776836022,800000000,3,3,11,8,12,7,3,9,19,114,True,1776836022,800000000,-0.32394275,-0.1547977,0.0025155474,0.925125,0.0052044014,0.043966662,0.02165007,
2026/5/4 下午 03:35:46.081,2026/4/22 上午 05:33:52.851,1776836032,851,423195561,2358073,1776836032,800000000,25.69,11.040000000000001,-11.88,0,0,0,True,False,True,False,1776836032,800000000,-11.040000000000001,25.69,-11.88,0,0,0,True,False,1776836032,800000000,3,3,11,7,12,6,3,8,19,114,True,1776836032,800000000,-0.3236699,-0.1503336,0.002525049,0.92595625,0.002454824,0.04650543,0.01411379,
2026/5/4 下午 03:35:46.081,2026/4/22 上午 05:34:02.850,1776836042,850,423205560,2358083,1776836042,800000000,25.95,10.450000000000001,-11.15,0,0,0,True,False,True,False,1776836042,800000000,-10.450000000000001,25.95,-11.15,0,0,0,True,False,1776836042,800000000,3,3,11,7,12,6,3,8,18,114,True,1776836042,800000000,-0.32336774,-0.14592245,0.0025577466,0.92676693,0.0022055905,0.046552736,0.02408843,
2026/5/4 下午 03:35:46.081,2026/4/22 上午 05:34:12.851,1776836052,851,423215561,2358093,1776836052,800000000,26.310000000000002,9.86,-10.31,0,0,0,True,False,True,False,1776836052,800000000,-9.86,26.310000000000002,-10.31,0,0,0,True,False,1776836052,800000000,3,3,11,7,11,6,3,8,17,114,True,1776836052,800000000,-0.3230762,-0.14141732,0.0026209948,0.927567,0.009465232,0.04660514,0.024076553,
2026/5/4 下午 03:35:46.081,2026/4/22 上午 05:34:22.851,1776836062,851,423225561,2358103,1776836062,800000000,26.61,9.36,-9.83,0,0,0,True,False,True,False,1776836062,800000000,-9.36,26.61,-9.83,0,0,0,True,False,1776836062,800000000,3,3,11,6,11,6,3,7,17,114,True,1776836062,800000000,-0.32279932,-0.13703568,0.0026586335,0.92832136,0.011727463,0.04665234,0.011569679,
2026/5/4 下午 03:35:46.081,2026/4/22 上午 05:34:32.851,1776836072,851,423235561,2358113,1776836072,800000000,26.89,8.790000000000001,-9.120000000000001,0,0,0,True,False,True,False,1776836072,800000000,-8.790000000000001,26.89,-9.120000000000001,0,0,0,True,False,1776836072,800000000,3,3,11,6,11,5,3,7,17,114,True,1776836072,800000000,-0.3225204,-0.13255914,0.0027157757,0.929068,0.011486052,0.04670571,0.009065372,
2026/5/4 下午 03:35:46.081,2026/4/22 上午 05:34:42.852,1776836082,852,423245562,2358123,1776836082,800000000,27.21,8.21,-8.28,0,0,0,True,False,True,False,1776836082,800000000,-8.21,27.21,-8.28,0,0,0,True,False,1776836082,800000000,4,4,11,6,11,6,3,7,17,114,True,1776836082,800000000,-0.3222844,-0.1281396,0.0026528055,0.9297701,0.006222588,0.041758083,0.014070436,
2026/5/4 下午 03:35:46.081,2026/4/22 上午 05:34:52.852,1776836092,852,423255562,2358133,1776836092,800000000,27.36,7.67,-7.73,0,0,0,True,False,True,False,1776836092,800000000,-7.67,27.36,-7.73,0,0,0,True,False,1776836092,800000000,3,3,11,6,10,5,3,7,16,114,True,1776836092,800000000,-0.32208046,-0.12368776,0.0026929602,0.9304434,0.013465899,0.044301216,0.016580896,
2026/5/4 下午 03:35:46.083,2026/4/22 上午 05:35:02.851,1776836102,851,423265562,2358143,1776836102,800000000,27.64,7.11,-6.8500000000000005,0,0,0,True,False,True,False,1776836102,800000000,-7.11,27.64,-6.8500000000000005,0,0,0,True,False,1776836102,800000000,3,3,11,6,10,5,3,7,16,114,True,1776836102,800000000,-0.3219064,-0.11919792,0.0026654268,0.9310899,0.010698145,0.046851218,0.014101448,
2026/5/4 下午 03:35:46.083,2026/4/22 上午 05:35:12.852,1776836112,852,423275562,2358153,1776836112,800000000,27.82,6.54,-6.29,0,0,0,True,False,True,False,1776836112,800000000,-6.54,27.82,-6.29,0,0,0,True,False,1776836112,800000000,4,4,11,6,10,6,3,6,17,114,True,1776836112,800000000,-0.3216371,-0.11479786,0.0027734584,0.93173534,0.005454041,0.041898176,0.019098869,
2026/5/4 下午 03:35:46.083,2026/4/22 上午 05:35:22.852,1776836122,852,423285562,2358163,1776836122,800000000,28.150000000000002,5.93,-5.48,0,0,0,True,False,True,False,1776836122,800000000,-5.93,28.150000000000002,-5.48,0,0,0,True,False,1776836122,800000000,3,3,11,6,10,5,3,6,16,114,True,1776836122,800000000,-0.32144073,-0.11035559,0.0027036737,0.9323398,0.0076953587,0.049436435,0.019129034,
2026/5/4 下午 03:35:46.083,2026/4/22 上午 05:35:32.852,1776836132,852,423295562,2358173,1776836132,800000000,28.14,5.38,-4.79,0,0,0,True,False,True,False,1776836132,800000000,-5.38,28.14,-4.79,0,0,0,True,False,1776836132,800000000,3,3,11,6,10,6,3,6,16,114,True,1776836132,800000000,-0.32119027,-0.105791435,0.002836939,0.93295485,0.0024639403,0.03948005,0.019159012,
2026/5/4 下午 03:35:46.083,2026/4/22 上午 05:35:42.851,1776836142,851,423305562,2358183,1776836142,800000000,28.36,4.84,-4.14,0,0,0,True,False,True,False,1776836142,800000000,-4.84,28.36,-4.14,0,0,0,True,False,1776836142,800000000,4,4,11,6,10,6,3,7,17,114,True,1776836142,800000000,-0.320904,-0.10138238,0.0028714605,0.93354285,0.0097466735,0.054506637,0.014191896,
2026/5/4 下午 03:35:46.083,2026/4/22 上午 05:35:52.852,1776836152,852,423315562,2358193,1776836152,800000000,28.59,4.23,-3.33,0,0,0,True,False,True,False,1776836152,800000000,-4.23,28.59,-3.33,0,0,0,True,False,1776836152,800000000,3,3,11,6,10,6,3,7,17,114,True,1776836152,800000000,-0.32059243,-0.0968553,0.0028645021,0.93413067,0.009544607,0.052067496,0.0042321794,
2026/5/4 下午 03:35:46.083,2026/4/22 上午 05:36:02.851,1776836162,851,423325562,2358203,1776836162,800000000,28.69,3.68,-2.57,0,0,0,True,False,True,False,1776836162,800000000,-3.68,28.69,-2.57,0,0,0,True,False,1776836162,800000000,3,3,11,6,10,5,3,6,17,114,True,1776836162,800000000,-0.32039237,-0.09245743,0.002927048,0.93464476,0.0018391068,0.047102854,0.019286338,
2026/5/4 下午 03:35:46.083,2026/4/22 上午 05:36:12.852,1776836172,852,423335562,2358213,1776836172,800000000,28.77,3.1,-1.96,0,0,0,True,False,True,False,1776836172,800000000,-3.1,28.77,-1.96,0,0,0,True,False,1776836172,800000000,4,4,11,6,10,6,3,7,17,114,True,1776836172,800000000,-0.32036272,-0.087958656,0.003003719,0.93508923,0.0041190935,0.049593363,0.014362285,
2026/5/4 下午 03:35:46.083,2026/4/22 上午 05:36:22.853,1776836182,853,423345564,2358223,1776836182,801000000,28.82,2.56,-1.19,0,0,0,True,False,True,False,1776836182,801000000,-2.56,28.82,-1.19,0,0,0,True,False,1776836182,801000000,3,3,11,6,10,5,3,7,17,114,True,1776836182,801000000,-0.3200376,-0.08350357,0.0029861692,0.93560946,0.011405163,0.047125705,0.014405942,
2026/5/4 下午 03:35:46.083,2026/4/22 上午 05:36:32.852,1776836192,852,423355562,2358233,1776836192,800000000,28.86,1.97,-0.52,0,0,0,True,False,True,False,1776836192,800000000,-1.97,28.86,-0.52,0,0,0,True,False,1776836192,800000000,3,3,11,6,10,5,3,7,17,114,True,1776836192,800000000,-0.31991062,-0.07895787,0.0030749054,0.93604714,0.011198618,0.0421555,0.016981216,
2026/5/4 下午 03:35:46.083,2026/4/22 上午 05:36:42.851,1776836202,851,423365562,2358243,1776836202,800000000,28.91,1.4000000000000001,0.3,0,0,0,True,False,True,False,1776836202,800000000,-1.4000000000000001,28.91,0.3,0,0,0,True,False,1776836202,800000000,4,4,11,7,10,6,3,7,18,114,True,1776836202,800000000,-0.3197726,-0.074377574,0.0030696255,0.9364696,0.0009811535,0.042203628,0.012066995,
2026/5/4 下午 03:35:46.083,2026/4/22 上午 05:36:52.852,1776836212,852,423375562,2358253,1776836212,800000000,28.94,0.87,1.06,0,0,0,True,False,True,False,1776836212,800000000,-0.87,28.94,1.06,0,0,0,True,False,1776836212,800000000,3,3,11,7,10,6,3,7,17,114,True,1776836212,800000000,-0.31966266,-0.0699094,0.003140144,0.9368508,0.013262334,0.047226842,0.019652909,
2026/5/4 下午 03:35:46.083,2026/4/22 上午 05:37:02.851,1776836222,851,423385562,2358263,1776836222,800000000,28.97,0.31,1.71,0,0,0,True,False,True,False,1776836222,800000000,-0.31,28.97,1.71,0,0,0,True,False,1776836222,800000000,3,3,11,7,10,6,3,7,17,114,True,1776836222,800000000,-0.31960687,-0.065540545,0.0031437718,0.9371859,0.010514876,0.047189623,0.01725444,
2026/5/4 下午 03:35:46.083,2026/4/22 上午 05:37:12.851,1776836232,851,423395562,2358273,1776836232,800000000,28.92,-0.25,2.54,0,0,0,True,False,True,False,1776836232,800000000,0.25,28.92,2.54,0,0,0,True,False,1776836232,800000000,3,3,11,6,10,5,3,7,17,114,True,1776836232,800000000,-0.31950155,-0.061103087,0.0032208045,0.93752116,-0.0047208467,0.042177707,0.01485601,
2026/5/4 下午 03:35:46.083,2026/4/22 上午 05:37:22.852,1776836242,852,423405562,2358283,1776836242,800000000,28.92,-0.88,3.49,0,0,0,True,False,True,False,1776836242,800000000,0.88,28.92,3.49,0,0,0,True,False,1776836242,800000000,3,3,11,6,10,6,3,7,17,114,True,1776836242,800000000,-0.31932655,-0.05641879,0.0031710893,0.937875,0.0025425614,0.049731396,0.012458452,
2026/5/4 下午 03:35:46.083,2026/4/22 上午 05:37:32.851,1776836252,851,423415562,2358293,1776836252,800000000,28.87,-1.37,4.01,0,0,0,True,False,True,False,1776836252,800000000,1.37,28.87,4.01,0,0,0,True,False,1776836252,800000000,3,3,11,6,10,5,3,7,17,114,True,1776836252,800000000,-0.31910497,-0.051767185,0.0031521046,0.9382195,0.0073127006,0.039816283,0.010046367,
2026/5/4 下午 03:35:46.083,2026/4/22 上午 05:37:42.851,1776836262,851,423425562,2358303,1776836262,800000000,28.810000000000002,-1.94,4.78,0,0,0,True,False,True,False,1776836262,800000000,1.94,28.810000000000002,4.78,0,0,0,True,False,1776836262,800000000,3,3,11,6,10,6,3,7,17,114,True,1776836262,800000000,-0.31910565,-0.04725725,0.0031052188,0.9384581,-0.0029216222,0.04737121,0.010152813,
2026/5/4 下午 03:35:46.083,2026/4/22 上午 05:37:52.852,1776836272,852,423435563,2358313,1776836272,800000000,28.7,-2.45,5.55,0,0,0,True,False,True,False,1776836272,800000000,2.45,28.7,5.55,0,0,0,True,False,1776836272,800000000,3,3,11,6,10,6,3,7,17,114,True,1776836272,800000000,-0.31894287,-0.04270983,0.003126006,0.93873173,0.0018535753,0.04743126,0.0052440143,
2026/5/4 下午 03:35:46.083,2026/4/22 上午 05:38:02.851,1776836282,851,423445562,2358323,1776836282,800000000,28.61,-2.96,6.22,0,0,0,True,False,True,False,1776836282,800000000,2.96,28.61,6.22,0,0,0,True,False,1776836282,800000000,3,3,11,6,10,6,3,7,17,114,True,1776836282,800000000,-0.3188679,-0.038300693,0.003120302,0.9389473,0.0066254768,0.049964134,0.012828039,
2026/5/4 下午 03:35:46.083,2026/4/22 上午 05:38:12.852,1776836292,852,423455563,2358333,1776836292,800000000,28.490000000000002,-3.5300000000000002,7.07,0,0,0,True,False,True,False,1776836292,800000000,3.5300000000000002,28.490000000000002,7.07,0,0,0,True,False,1776836292,800000000,3,3,12,6,10,5,3,7,17,114,True,1776836292,800000000,-0.31880584,-0.03389892,0.0030724814,0.9391383,-0.0061064684,0.039988577,0.007904466,
2026/5/4 下午 03:35:46.083,2026/4/22 上午 05:38:22.851,1776836302,851,423465562,2358343,1776836302,800000000,28.35,-4.1,7.96,0,0,0,True,False,True,False,1776836302,800000000,4.1,28.35,7.96,0,0,0,True,False,1776836302,800000000,3,3,12,6,10,6,3,7,18,114,True,1776836302,800000000,-0.31868035,-0.029432444,0.0031104167,0.939331,0.003677502,0.054996815,0.005478672,
2026/5/4 下午 03:35:46.083,2026/4/22 上午 05:38:32.850,1776836312,850,423475561,2358353,1776836312,800000000,28.16,-4.5600000000000005,8.46,0,0,0,True,False,True,False,1776836312,800000000,4.5600000000000005,28.16,8.46,0,0,0,True,False,1776836312,800000000,3,3,12,6,10,5,3,7,18,114,True,1776836312,800000000,-0.3186063,-0.024895722,0.0031126593,0.9394877,0.005943961,0.050008576,0.018053027,
2026/5/4 下午 03:35:46.083,2026/4/22 上午 05:38:42.851,1776836322,851,423485563,2358363,1776836322,800000000,28.12,-5.16,9.31,0,0,0,True,False,True,False,1776836322,800000000,5.16,28.12,9.31,0,0,0,True,False,1776836322,800000000,3,3,13,7,10,6,3,7,18,114,True,1776836322,800000000,-0.3185738,-0.020404067,0.00308864,0.9396078,-0.0043001533,0.04502265,0.01311999,
2026/5/4 下午 03:35:46.083,2026/4/22 上午 05:38:52.850,1776836332,850,423495562,2358373,1776836332,800000000,27.86,-5.7,10.15,0,0,0,True,False,True,False,1776836332,800000000,5.7,27.86,10.15,0,0,0,True,False,1776836332,800000000,3,3,13,7,10,6,3,7,18,114,True,1776836332,800000000,-0.31861588,-0.015938953,0.0030854875,0.9396807,0.0029339371,0.04250021,0.01569582,
2026/5/4 下午 03:35:46.083,2026/4/22 上午 05:39:02.850,1776836342,850,423505562,2358383,1776836342,800000000,27.55,-6.21,10.77,0,0,0,True,False,True,False,1776836342,800000000,6.21,27.55,10.77,0,0,0,True,False,1776836342,800000000,3,3,13,7,10,6,3,8,19,114,True,1776836342,800000000,-0.318673,-0.011497917,0.003052932,0.9397264,-0.0023475736,0.05496203,0.018265968,
2026/5/4 下午 03:35:46.083,2026/4/22 上午 05:39:12.850,1776836352,850,423515561,2358393,1776836352,800000000,27.3,-6.72,11.47,0,0,0,True,False,True,False,1776836352,800000000,6.72,27.3,11.47,0,0,0,True,False,1776836352,800000000,3,3,13,8,10,6,3,8,19,114,True,1776836352,800000000,-0.31865528,-0.0070372946,0.0030342648,0.9397767,0.009874395,0.05493174,0.018331686,
2026/5/4 下午 03:35:46.083,2026/4/22 上午 05:39:22.850,1776836362,850,423525562,2358403,1776836362,800000000,27.12,-7.23,12.22,0,0,0,True,False,True,False,1776836362,800000000,7.23,27.12,12.22,0,0,0,True,False,1776836362,800000000,3,3,14,8,10,7,3,9,20,114,True,1776836362,800000000,-0.31862324,-0.002540744,0.0030253252,0.93981034,-0.00040132843,0.049906377,0.02088544,
2026/5/4 下午 03:35:46.083,2026/4/22 上午 05:39:32.850,1776836372,850,423535561,2358413,1776836372,800000000,26.82,-7.7700000000000005,12.92,0,0,0,True,False,True,False,1776836372,800000000,7.7700000000000005,26.82,12.92,0,0,0,True,False,1776836372,800000000,3,3,14,9,10,7,3,9,21,114,True,1776836372,800000000,-0.31856677,0.0021240024,0.0030688692,0.93983084,-0.008151154,0.047411256,0.020938491,
2026/5/4 下午 03:35:46.083,2026/4/22 上午 05:39:42.851,1776836382,851,423545562,2358423,1776836382,800000000,26.490000000000002,-8.27,13.71,0,0,0,True,False,True,False,1776836382,800000000,8.27,26.490000000000002,13.71,0,0,0,True,False,1776836382,800000000,3,3,14,9,10,7,3,11,22,114,True,1776836382,800000000,-0.31847084,0.006676337,0.002980669,0.9398424,0.0016186035,0.049938183,0.010977543,
2026/5/4 下午 03:35:46.083,2026/4/22 上午 05:39:52.850,1776836392,850,423555562,2358433,1776836392,800000000,26.16,-8.76,14.41,0,0,0,True,False,True,False,1776836392,800000000,8.76,26.16,14.41,0,0,0,True,False,1776836392,800000000,3,3,15,10,10,8,3,10,24,114,True,1776836392,800000000,-0.31835103,0.011164576,0.0029700133,0.9398403,0.0039010185,0.049964666,0.01602333,
2026/5/4 下午 03:35:46.083,2026/4/22 上午 05:40:02.851,1776836402,851,423565562,2358443,1776836402,800000000,25.82,-9.31,15.06,0,0,0,True,False,True,False,1776836402,800000000,9.31,25.82,15.06,0,0,0,True,False,1776836402,800000000,3,3,15,10,11,8,3,11,24,114,True,1776836402,800000000,-0.3184113,0.015694365,0.002949063,0.93975574,0.0036819826,0.039984602,0.013573987,
2026/5/4 下午 03:35:46.083,2026/4/22 上午 05:40:12.851,1776836412,851,423575562,2358453,1776836412,800000000,25.52,-9.83,15.85,0,0,0,True,False,True,False,1776836412,800000000,9.83,25.52,15.85,0,0,0,True,False,1776836412,800000000,3,3,16,11,11,8,3,12,26,114,True,1776836412,800000000,-0.31833568,0.020314759,0.0029960724,0.9396928,0.0034687922,0.047523238,0.016120007,
2026/5/4 下午 03:35:46.083,2026/4/22 上午 05:40:22.851,1776836422,851,423585562,2358463,1776836422,800000000,25.11,-10.31,16.57,0,0,0,True,False,True,False,1776836422,800000000,10.31,25.11,16.57,0,0,0,True,False,1776836422,800000000,3,3,16,11,11,9,3,13,27,114,True,1776836422,800000000,-0.31838784,0.024917576,0.0029845478,0.93956476,0.0032452121,0.050063033,0.016177379,
2026/5/4 下午 03:35:46.083,2026/4/22 上午 05:40:32.850,1776836432,850,423595562,2358473,1776836432,800000000,24.77,-10.83,17.150000000000002,0,0,0,True,False,True,False,1776836432,800000000,10.83,24.77,17.150000000000002,0,0,0,True,False,1776836432,800000000,3,3,17,12,11,9,3,14,28,114,True,1776836432,800000000,-0.3184292,0.029383045,0.0029435325,0.93942183,-0.0019729764,0.05010097,0.01872779,
2026/5/4 下午 03:35:46.083,2026/4/22 上午 05:40:42.851,1776836442,851,423605562,2358483,1776836442,800000000,24.38,-11.32,17.94,0,0,0,True,False,True,False,1776836442,800000000,11.32,24.38,17.94,0,0,0,True,False,1776836442,800000000,3,3,17,13,11,10,3,15,30,114,True,1776836442,800000000,-0.31848204,0.033906657,0.002973716,0.9392517,-0.0021791519,0.04763516,0.016281933,
2026/5/4 下午 03:35:46.083,2026/4/22 上午 05:40:52.850,1776836452,850,423615562,2358493,1776836452,800000000,23.92,-11.78,18.580000000000002,0,0,0,True,False,True,False,1776836452,800000000,11.78,23.92,18.580000000000002,0,0,0,True,False,1776836452,800000000,3,3,17,15,11,11,3,16,32,114,True,1776836452,800000000,-0.31845185,0.038420778,0.00295871,0.9390889,0.012617759,0.05768243,0.013835404,
2026/5/4 下午 03:35:46.083,2026/4/22 上午 05:41:02.851,1776836462,851,423625563,2358503,1776836462,800000000,23.56,-12.24,19.19,0,0,0,True,False,True,False,1776836462,800000000,12.24,23.56,19.19,0,0,0,True,False,1776836462,800000000,3,3,18,16,12,12,3,18,34,114,True,1776836462,800000000,-0.31854177,0.042992137,0.0029647215,0.9388612,-9.0515015E-05,0.045228664,0.021387773,
2026/5/4 下午 03:35:46.083,2026/4/22 上午 05:41:12.852,1776836472,852,423635563,2358513,1776836472,800000000,23.04,-12.76,19.91,0,0,0,True,False,True,False,1776836472,800000000,12.76,23.04,19.91,0,0,0,True,False,1776836472,800000000,3,3,18,18,12,13,3,19,36,114,True,1776836472,800000000,-0.318612,0.047565475,0.002935694,0.93861765,-0.0028024095,0.04777524,0.01394474,
2026/5/4 下午 03:35:46.083,2026/4/22 上午 05:41:22.851,1776836482,851,423645562,2358523,1776836482,800000000,22.55,-13.23,20.59,0,0,0,True,False,True,False,1776836482,800000000,13.23,22.55,20.59,0,0,0,True,False,1776836482,800000000,3,3,18,20,12,14,3,21,38,114,True,1776836482,800000000,-0.31867322,0.052044168,0.0030332843,0.9383596,0.00200207,0.05032161,0.014021908,
2026/5/4 下午 03:35:46.083,2026/4/22 上午 05:41:32.851,1776836492,851,423655562,2358533,1776836492,800000000,22.06,-13.69,21.13,0,0,0,True,False,True,False,1776836492,800000000,13.69,22.06,21.13,0,0,0,True,False,1776836492,800000000,3,3,17,21,12,15,3,24,41,114,True,1776836492,800000000,-0.31880087,0.05659942,0.0030495215,0.93805265,-0.0032136566,0.052860633,0.016593266,
2026/5/4 下午 03:35:46.083,2026/4/22 上午 05:41:42.851,1776836502,851,423665563,2358543,1776836502,800000000,21.7,-14.18,21.830000000000002,0,0,0,True,False,True,False,1776836502,800000000,14.18,21.7,21.830000000000002,0,0,0,True,False,1776836502,800000000,3,3,17,23,13,17,3,25,43,114,True,1776836502,800000000,-0.3189139,0.061004806,0.0030156155,0.937738,0.0065706056,0.045384094,0.01915778,
2026/5/4 下午 03:35:46.083,2026/4/22 上午 05:41:52.851,1776836512,851,423675563,2358553,1776836512,800000000,21.09,-14.620000000000001,22.45,0,0,0,True,False,True,False,1776836512,800000000,14.620000000000001,21.09,22.45,0,0,0,True,False,1776836512,800000000,3,3,16,24,14,18,3,27,46,114,True,1776836512,800000000,-0.31898245,0.06542046,0.0030990557,0.93741655,0.0013821122,0.045379028,0.024230113,
2026/5/4 下午 03:35:46.083,2026/4/22 上午 05:42:02.851,1776836522,851,423685563,2358563,1776836522,800000000,20.62,-15.200000000000001,22.98,0,0,0,True,False,True,False,1776836522,800000000,15.200000000000001,20.62,22.98,0,0,0,True,False,1776836522,800000000,3,3,15,25,16,19,3,29,47,114,True,1776836522,800000000,-0.31908056,0.069901705,0.0031442698,0.93706,-0.0013044073,0.04788472,0.0018086928,
2026/5/4 下午 03:35:46.083,2026/4/22 上午 05:42:12.851,1776836532,851,423695563,2358573,1776836532,800000000,20.150000000000002,-15.57,23.54,0,0,0,True,False,True,False,1776836532,800000000,15.57,20.150000000000002,23.54,0,0,0,True,False,1776836532,800000000,3,3,14,25,17,20,3,31,48,114,True,1776836532,800000000,-0.3191384,0.07441136,0.0031255945,0.9366931,0.0009907612,0.055389516,0.016877098,
2026/5/4 下午 03:35:46.083,2026/4/22 上午 05:42:22.851,1776836542,851,423705563,2358583,1776836542,800000000,19.59,-16.01,24.16,0,0,0,True,False,True,False,1776836542,800000000,16.01,19.59,24.16,0,0,0,True,False,1776836542,800000000,3,3,13,26,19,21,3,32,49,114,True,1776836542,800000000,-0.3193448,0.0788776,0.0031058441,0.9362574,0.0007846547,0.042880613,0.009440799,
2026/5/4 下午 03:35:46.083,2026/4/22 上午 05:42:32.851,1776836552,851,423715563,2358593,1776836552,800000000,19,-16.41,24.68,0,0,0,True,False,True,False,1776836552,800000000,16.41,19,24.68,0,0,0,True,False,1776836552,800000000,3,3,12,26,21,21,3,31,49,114,True,1776836552,800000000,-0.31943834,0.08333507,0.003020043,0.93583983,0.0005747841,0.042886913,0.011997566,
2026/5/4 下午 03:35:46.083,2026/4/22 上午 05:42:42.851,1776836562,851,423725563,2358603,1776836562,800000000,18.34,-16.84,25.25,0,0,0,True,False,True,False,1776836562,800000000,16.84,18.34,25.25,0,0,0,True,False,1776836562,800000000,3,3,12,26,23,21,3,31,48,114,True,1776836562,800000000,-0.31955126,0.08793024,0.0030786574,0.9353808,-0.0046158424,0.047896884,0.014556192,
2026/5/4 下午 03:35:46.083,2026/4/22 上午 05:42:52.851,1776836572,851,423735563,2358613,1776836572,800000000,17.72,-17.14,25.89,0,0,0,True,False,True,False,1776836572,800000000,17.14,17.72,25.89,0,0,0,True,False,1776836572,800000000,3,3,12,25,24,21,3,30,47,114,True,1776836572,800000000,-0.31964785,0.0923969,0.0030909455,0.9349172,0.00020033102,0.05291522,0.012111943,
2026/5/4 下午 03:35:46.083,2026/4/22 上午 05:43:02.851,1776836582,851,423745563,2358623,1776836582,800000000,17.09,-17.53,26.46,0,0,0,True,False,True,False,1776836582,800000000,17.53,17.09,26.46,0,0,0,True,False,1776836582,800000000,3,3,11,24,26,20,3,29,45,114,True,1776836582,800000000,-0.31980392,0.09694864,0.0030376138,0.934403,7.398399E-06,0.047944184,0.01717168,
2026/5/4 下午 03:35:46.083,2026/4/22 上午 05:43:12.851,1776836592,851,423755563,2358633,1776836592,800000000,16.68,-18.04,26.990000000000002,0,0,0,True,False,True,False,1776836592,800000000,18.04,16.68,26.990000000000002,0,0,0,True,False,1776836592,800000000,3,3,11,23,27,19,3,28,43,114,True,1776836592,800000000,-0.31994936,0.10145533,0.002984852,0.9338748,-0.0051874234,0.05297045,0.00972301,
2026/5/4 下午 03:35:46.083,2026/4/22 上午 05:43:22.851,1776836602,851,423765563,2358643,1776836602,800000000,15.83,-18.35,27.560000000000002,0,0,0,True,False,True,False,1776836602,800000000,18.35,15.83,27.560000000000002,0,0,0,True,False,1776836602,800000000,3,3,11,21,27,18,3,26,40,114,True,1776836602,800000000,-0.3201472,0.10586945,0.0030215823,0.9333168,0.0046150694,0.045479078,0.009794076,
2026/5/4 下午 03:35:46.083,2026/4/22 上午 05:43:32.851,1776836612,851,423775563,2358653,1776836612,800000000,15.09,-18.7,27.82,0,0,0,True,False,True,False,1776836612,800000000,18.7,15.09,27.82,0,0,0,True,False,1776836612,800000000,3,3,11,20,27,17,3,25,37,114,True,1776836612,800000000,-0.32045004,0.1103662,0.00307255,0.9326919,-0.0006032094,0.050495613,0.019879948,
2026/5/4 下午 03:35:46.083,2026/4/22 上午 05:43:42.851,1776836622,851,423785563,2358663,1776836622,800000000,14.530000000000001,-19.240000000000002,28.490000000000002,0,0,0,True,False,True,False,1776836622,800000000,19.240000000000002,14.530000000000001,28.490000000000002,0,0,0,True,False,1776836622,800000000,3,3,11,19,27,16,3,23,35,114,True,1776836622,800000000,-0.32067332,0.11487077,0.0032113711,0.9320705,-0.0083302045,0.050497256,0.022480031,
2026/5/4 下午 03:35:46.083,2026/4/22 上午 05:43:52.851,1776836632,851,423795562,2358673,1776836632,800000000,13.84,-19.55,29.04,0,0,0,True,False,True,False,1776836632,800000000,19.55,13.84,29.04,0,0,0,True,False,1776836632,800000000,3,3,11,18,27,15,3,21,33,114,True,1776836632,800000000,-0.3208593,0.119337305,0.0032396845,0.93144524,0.003938711,0.045498323,0.005081774,
2026/5/4 下午 03:35:46.083,2026/4/22 上午 05:44:02.851,1776836642,851,423805563,2358683,1776836642,800000000,13.120000000000001,-19.8,29.2,0,0,0,True,False,True,False,1776836642,800000000,19.8,13.120000000000001,29.2,0,0,0,True,False,1776836642,800000000,4,4,12,17,26,15,4,20,32,114,True,1776836642,800000000,-0.32109952,0.12382849,0.0032781865,0.9307763,0.006197149,0.037986845,0.017699216,
2026/5/4 下午 03:35:46.083,2026/4/22 上午 05:44:12.851,1776836652,851,423815563,2358693,1776836652,800000000,12.450000000000001,-20.11,29.66,0,0,0,True,False,True,False,1776836652,800000000,20.11,12.450000000000001,29.66,0,0,0,True,False,1776836652,800000000,3,3,12,16,25,14,3,19,30,114,True,1776836652,800000000,-0.3212766,0.12822005,0.0033879394,0.93012005,-0.0040280754,0.04796783,0.007813226,
2026/5/4 下午 03:35:46.083,2026/4/22 上午 05:44:22.851,1776836662,851,423825563,2358703,1776836662,800000000,11.700000000000001,-20.52,30.080000000000002,0,0,0,True,False,True,False,1776836662,800000000,20.52,11.700000000000001,30.080000000000002,0,0,0,True,False,1776836662,800000000,3,3,12,16,24,13,3,18,29,114,True,1776836662,800000000,-0.32151854,0.13262565,0.0034249446,0.92941856,0.0032256707,0.047935564,0.012956977,
2026/5/4 下午 03:35:46.083,2026/4/22 上午 05:44:32.852,1776836672,852,423835564,2358713,1776836672,800000000,10.97,-20.82,30.37,0,0,0,True,False,True,False,1776836672,800000000,20.82,10.97,30.37,0,0,0,True,False,1776836672,800000000,4,4,12,16,23,14,4,18,28,114,True,1776836672,800000000,-0.32180306,0.1369895,0.0035362851,0.9286867,-0.0020151914,0.050398186,0.008100434,
2026/5/4 下午 03:35:46.083,2026/4/22 上午 05:44:42.851,1776836682,851,423845563,2358723,1776836682,800000000,10.290000000000001,-21.16,30.85,0,0,0,True,False,True,False,1776836682,800000000,21.16,10.290000000000001,30.85,0,0,0,True,False,1776836682,800000000,3,3,12,16,22,14,3,18,27,114,True,1776836682,800000000,-0.3221254,0.14157906,0.0036622132,0.92788595,0.00022983729,0.055381253,0.008279006,
2026/5/4 下午 03:35:46.083,2026/4/22 上午 05:44:52.851,1776836692,851,423855563,2358733,1776836692,800000000,9.59,-21.53,31.35,0,0,0,True,False,True,False,1776836692,800000000,21.53,9.59,31.35,0,0,0,True,False,1776836692,800000000,3,3,12,16,21,14,3,19,27,114,True,1776836692,800000000,-0.32233024,0.14612234,0.0035566513,0.9271104,-0.007549188,0.050406687,0.010924437,
2026/5/4 下午 03:35:46.083,2026/4/22 上午 05:45:02.851,1776836702,851,423865563,2358743,1776836702,800000000,8.91,-21.93,31.84,0,0,0,True,False,True,False,1776836702,800000000,21.93,8.91,31.84,0,0,0,True,False,1776836702,800000000,4,4,12,16,21,15,4,18,27,114,True,1776836702,800000000,-0.32262498,0.15054667,0.0035551179,0.9262998,-0.0028097646,0.0454251,0.011074226,
2026/5/4 下午 03:35:46.083,2026/4/22 上午 05:45:12.851,1776836712,851,423875562,2358753,1776836712,800000000,8.08,-22.07,31.900000000000002,0,0,0,True,False,True,False,1776836712,800000000,22.07,8.08,31.900000000000002,0,0,0,True,False,1776836712,800000000,3,3,12,17,20,15,3,19,26,114,True,1776836712,800000000,-0.32281137,0.155049,0.0036343564,0.9254914,-0.010562592,0.045459427,0.0037365605,
2026/5/4 下午 03:35:46.083,2026/4/22 上午 05:45:22.851,1776836722,851,423885563,2358763,1776836722,800000000,7.29,-22.46,32.2,0,0,0,True,False,True,False,1776836722,800000000,22.46,7.29,32.2,0,0,0,True,False,1776836722,800000000,3,3,12,17,20,15,3,20,26,114,True,1776836722,800000000,-0.32313326,0.15955135,0.0036784373,0.9246133,-0.0058241356,0.045476254,0.00643081,
2026/5/4 下午 03:35:46.083,2026/4/22 上午 05:45:32.851,1776836732,851,423895563,2358773,1776836732,800000000,6.59,-22.69,32.410000000000004,0,0,0,True,False,True,False,1776836732,800000000,22.69,6.59,32.410000000000004,0,0,0,True,False,1776836732,800000000,4,4,12,18,20,16,4,20,27,114,True,1776836732,800000000,-0.3234138,0.16389236,0.0037327532,0.92375547,-0.0010752283,0.045490626,0.006618293,
2026/5/4 下午 03:35:46.083,2026/4/22 上午 05:45:42.851,1776836742,851,423905563,2358783,1776836742,800000000,5.84,-22.93,32.79,0,0,0,True,False,True,False,1776836742,800000000,22.93,5.84,32.79,0,0,0,True,False,1776836742,800000000,3,3,12,19,19,16,3,21,27,114,True,1776836742,800000000,-0.32369888,0.16832611,0.0037371172,0.92285794,-0.008828349,0.045506716,0.00930718,
2026/5/4 下午 03:35:46.083,2026/4/22 上午 05:45:52.851,1776836752,851,423915563,2358793,1776836752,800000000,5.04,-23.26,33.08,0,0,0,True,False,True,False,1776836752,800000000,23.26,5.04,33.08,0,0,0,True,False,1776836752,800000000,3,3,12,19,20,17,3,21,27,114,True,1776836752,800000000,-0.323929,0.17279008,0.0038178137,0.92195183,0.0034341095,0.055525735,0.012000561,
2026/5/4 下午 03:35:46.083,2026/4/22 上午 05:46:02.851,1776836762,851,423925563,2358803,1776836762,800000000,4.4,-23.53,33.43,0,0,0,True,False,True,False,1776836762,800000000,23.53,4.4,33.43,0,0,0,True,False,1776836762,800000000,4,4,12,20,20,18,4,22,28,114,True,1776836762,800000000,-0.32427236,0.17711626,0.0038287106,0.92101,-0.0018172797,0.040531594,0.0097012995,
2026/5/4 下午 03:35:46.083,2026/4/22 上午 05:46:12.851,1776836772,851,423935563,2358813,1776836772,800000000,3.62,-23.82,33.64,0,0,0,True,False,True,False,1776836772,800000000,23.82,3.62,33.64,0,0,0,True,False,1776836772,800000000,3,3,12,20,20,20,3,23,28,114,True,1776836772,800000000,-0.32453892,0.1814632,0.0038123827,0.9200698,-0.0020725955,0.05053881,-0.00011430228,
2026/5/4 下午 03:35:46.083,2026/4/22 上午 05:46:22.851,1776836782,851,423945563,2358823,1776836782,800000000,2.8000000000000003,-23.98,33.7,0,0,0,True,False,True,False,1776836782,800000000,23.98,2.8000000000000003,33.7,0,0,0,True,False,1776836782,800000000,3,3,12,21,20,18,3,23,28,114,True,1776836782,800000000,-0.32500973,0.18571948,0.0039019298,0.91905284,-0.0023413366,0.05300645,9.676991E-05,
2026/5/4 下午 03:35:46.083,2026/4/22 上午 05:46:32.851,1776836792,851,423955563,2358833,1776836792,800000000,2.0100000000000002,-24.240000000000002,33.84,0,0,0,True,False,True,False,1776836792,800000000,24.240000000000002,2.0100000000000002,33.84,0,0,0,True,False,1776836792,800000000,3,3,12,21,21,19,3,24,29,114,True,1776836792,800000000,-0.32538408,0.19016713,0.003924272,0.9180101,-0.007629004,0.050487593,0.005313847,
2026/5/4 下午 03:35:46.083,2026/4/22 上午 05:46:42.851,1776836802,851,423965563,2358843,1776836802,800000000,1.36,-24.45,34.17,0,0,0,True,False,True,False,1776836802,800000000,24.45,1.36,34.17,0,0,0,True,False,1776836802,800000000,3,3,12,22,21,19,3,24,29,114,True,1776836802,800000000,-0.3256832,0.19454208,0.0039020374,0.91698706,0.002089216,0.045489457,0.0055166516,
2026/5/4 下午 03:35:46.083,2026/4/22 上午 05:46:52.851,1776836812,851,423975563,2358853,1776836812,800000000,0.5700000000000001,-24.72,34.27,0,0,0,True,False,True,False,1776836812,800000000,24.72,0.5700000000000001,34.27,0,0,0,True,False,1776836812,800000000,3,3,12,22,21,19,4,25,30,114,True,1776836812,800000000,-0.32607,0.1989788,0.003935329,0.91589725,-0.0007125808,0.045494292,0.0057329666,
2026/5/4 下午 03:35:46.083,2026/4/22 上午 05:47:02.851,1776836822,851,423985563,2358863,1776836822,800000000,-0.31,-24.89,34.27,0,0,0,True,False,True,False,1776836822,800000000,24.89,-0.31,34.27,0,0,0,True,False,1776836822,800000000,3,3,12,22,22,20,4,25,30,114,True,1776836822,800000000,-0.32657623,0.20338574,0.003974795,0.9147482,-0.011033968,0.048001718,0.013457557,
2026/5/4 下午 03:35:46.083,2026/4/22 上午 05:47:12.851,1776836832,851,423995563,2358873,1776836832,800000000,-1.04,-25.12,34.44,0,0,0,True,False,True,False,1776836832,800000000,25.12,-1.04,34.44,0,0,0,True,False,1776836832,800000000,3,3,12,23,22,20,4,26,30,114,True,1776836832,800000000,-0.32691604,0.20770787,0.0039510992,0.91365486,-0.001359161,0.0505067,0.0036704228,
2026/5/4 下午 03:35:46.083,2026/4/22 上午 05:47:22.851,1776836842,851,424005563,2358883,1776836842,800000000,-1.81,-25.330000000000002,34.52,0,0,0,True,False,True,False,1776836842,800000000,25.330000000000002,-1.81,34.52,0,0,0,True,False,1776836842,800000000,3,3,11,23,23,20,4,26,31,114,True,1776836842,800000000,-0.3273914,0.2120002,0.0040583713,0.9124976,0.003323599,0.045491505,0.001405915,
2026/5/4 下午 03:35:46.083,2026/4/22 上午 05:47:32.851,1776836852,851,424015563,2358893,1776836852,800000000,-2.5500000000000003,-25.48,34.56,0,0,0,True,False,True,False,1776836852,800000000,25.48,-2.5500000000000003,34.56,0,0,0,True,False,1776836852,800000000,3,3,11,23,23,20,4,26,32,114,True,1776836852,800000000,-0.32774228,0.21626237,0.004084172,0.9113706,-0.006994167,0.045489922,0.0041070846,
2026/5/4 下午 03:35:46.083,2026/4/22 上午 05:47:42.852,1776836862,852,424025564,2358903,1776836862,800000000,-3.3000000000000003,-25.650000000000002,34.64,0,0,0,True,False,True,False,1776836862,800000000,25.650000000000002,-3.3000000000000003,34.64,0,0,0,True,False,1776836862,800000000,3,3,11,23,24,20,3,26,32,114,True,1776836862,800000000,-0.32812235,0.22060886,0.004038121,0.9101913,-0.002321088,0.045493588,0.0068130204,
2026/5/4 下午 03:35:46.083,2026/4/22 上午 05:47:52.851,1776836872,851,424035563,2358913,1776836872,800000000,-4.13,-25.86,34.69,0,0,0,True,False,True,False,1776836872,800000000,25.86,-4.13,34.69,0,0,0,True,False,1776836872,800000000,3,3,11,23,25,20,4,27,33,114,True,1776836872,800000000,-0.3285777,0.22499475,0.004066797,0.908952,-0.002651856,0.04299788,0.0095399935,
2026/5/4 下午 03:35:46.083,2026/4/22 上午 05:48:02.851,1776836882,851,424045563,2358923,1776836882,800000000,-4.8500000000000005,-26.02,34.67,0,0,0,True,False,True,False,1776836882,800000000,26.02,-4.8500000000000005,34.67,0,0,0,True,False,1776836882,800000000,3,3,11,23,25,20,4,27,34,114,True,1776836882,800000000,-0.32896444,0.22926268,0.0040772855,0.9077448,-0.0029771286,0.04300569,0.009755061,
2026/5/4 下午 03:35:46.083,2026/4/22 上午 05:48:12.852,1776836892,852,424055564,2358933,1776836892,800000000,-5.64,-26.23,34.82,0,0,0,True,False,True,False,1776836892,800000000,26.23,-5.64,34.82,0,0,0,True,False,1776836892,800000000,3,3,11,23,26,19,4,27,34,114,True,1776836892,800000000,-0.32948938,0.23353745,0.0040253326,0.90646434,-0.0033310528,0.043006115,0.009949924,
2026/5/4 下午 03:35:46.083,2026/4/22 上午 05:48:22.851,1776836902,851,424065563,2358943,1776836902,800000000,-6.3100000000000005,-26.38,34.75,0,0,0,True,False,True,False,1776836902,800000000,26.38,-6.3100000000000005,34.75,0,0,0,True,False,1776836902,800000000,3,3,11,22,26,19,4,27,34,114,True,1776836902,800000000,-0.3300519,0.23789728,0.0038694027,0.90512604,0.0012871714,0.043031055,0.015142401,
2026/5/4 下午 03:35:46.083,2026/4/22 上午 05:48:32.851,1776836912,851,424075563,2358953,1776836912,800000000,-7.05,-26.59,34.71,0,0,0,True,False,True,False,1776836912,800000000,26.59,-7.05,34.71,0,0,0,True,False,1776836912,800000000,3,3,10,22,27,19,4,26,35,114,True,1776836912,800000000,-0.33050406,0.24208799,0.0037985174,0.90384924,0.0009265078,0.040538393,0.0027980465,
2026/5/4 下午 03:35:46.083,2026/4/22 上午 05:48:42.851,1776836922,851,424085563,2358963,1776836922,800000000,-7.930000000000001,-26.75,34.72,0,0,0,True,False,True,False,1776836922,800000000,26.75,-7.930000000000001,34.72,0,0,0,True,False,1776836922,800000000,3,3,10,22,28,18,4,26,35,114,True,1776836922,800000000,-0.33098024,0.24621728,0.0039289943,0.9025582,0.0005880708,0.050506543,0.005494947,
2026/5/4 下午 03:35:46.083,2026/4/22 上午 05:48:52.851,1776836932,851,424095563,2358973,1776836932,800000000,-8.59,-26.71,34.51,0,0,0,True,False,True,False,1776836932,800000000,26.71,-8.59,34.51,0,0,0,True,False,1776836932,800000000,3,3,10,21,28,18,4,25,35,114,True,1776836932,800000000,-0.3313727,0.25049338,0.004038993,0.9012362,-0.0022442332,0.050489876,0.0031894648,
2026/5/4 下午 03:35:46.083,2026/4/22 上午 05:49:02.851,1776836942,851,424105563,2358983,1776836942,800000000,-9.39,-26.88,34.480000000000004,0,0,0,True,False,True,False,1776836942,800000000,26.88,-9.39,34.480000000000004,0,0,0,True,False,1776836942,800000000,3,3,10,20,29,17,4,25,35,114,True,1776836942,800000000,-0.33184496,0.25466216,0.0039820266,0.899894,-0.0025852583,0.055465393,0.008365364,
2026/5/4 下午 03:35:46.083,2026/4/22 上午 05:49:12.851,1776836952,851,424115563,2358993,1776836952,800000000,-10.120000000000001,-26.98,34.28,0,0,0,True,False,True,False,1776836952,800000000,26.98,-10.120000000000001,34.28,0,0,0,True,False,1776836952,800000000,3,3,10,20,29,17,3,23,35,114,True,1776836952,800000000,-0.3323251,0.2589513,0.003943474,0.89849156,-0.00791673,0.045453683,0.011052087,
2026/5/4 下午 03:35:46.083,2026/4/22 上午 05:49:22.851,1776836962,851,424125563,2359003,1776836962,800000000,-10.870000000000001,-27,34.17,0,0,0,True,False,True,False,1776836962,800000000,27,-10.870000000000001,34.17,0,0,0,True,False,1776836962,800000000,3,3,10,19,29,16,4,24,34,114,True,1776836962,800000000,-0.33272755,0.263227,0.00397645,0.8970993,-0.0032199682,0.05045437,-0.0012572184,
2026/5/4 下午 03:35:46.083,2026/4/22 上午 05:49:32.851,1776836972,851,424135562,2359013,1776836972,800000000,-11.63,-27.17,34.08,0,0,0,True,False,True,False,1776836972,800000000,27.17,-11.63,34.08,0,0,0,True,False,1776836972,800000000,3,3,10,19,29,16,4,22,34,114,True,1776836972,800000000,-0.33322266,0.26739702,0.003948854,0.8956815,-0.0035307559,0.050446387,0.0064358725,
2026/5/4 下午 03:35:46.083,2026/4/22 上午 05:49:42.851,1776836982,851,424145563,2359023,1776836982,800000000,-12.31,-27.26,33.87,0,0,0,True,False,True,False,1776836982,800000000,27.26,-12.31,33.87,0,0,0,True,False,1776836982,800000000,3,3,10,18,29,15,4,22,33,114,True,1776836982,800000000,-0.33374655,0.27160686,0.0039656707,0.894219,-0.01133973,0.047936343,0.009111276,
2026/5/4 下午 03:35:46.083,2026/4/22 上午 05:49:52.851,1776836992,851,424155562,2359033,1776836992,800000000,-13.07,-27.310000000000002,33.77,0,0,0,True,False,True,False,1776836992,800000000,27.310000000000002,-13.07,33.77,0,0,0,True,False,1776836992,800000000,3,3,10,18,29,15,4,21,33,114,True,1776836992,800000000,-0.33423743,0.2757541,0.0038750954,0.8927656,-0.0066395374,0.047922634,0.0067749005,
2026/5/4 下午 03:35:46.083,2026/4/22 上午 05:50:02.851,1776837002,851,424165563,2359043,1776837002,800000000,-13.71,-27.34,33.52,0,0,0,True,False,True,False,1776837002,800000000,27.34,-13.71,33.52,0,0,0,True,False,1776837002,800000000,3,3,10,17,29,14,4,20,32,115,True,1776837002,800000000,-0.3346882,0.27987772,0.003849087,0.8913128,-0.009426705,0.0429178,0.006924521,
2026/5/4 下午 03:35:46.083,2026/4/22 上午 05:50:12.851,1776837012,851,424175563,2359053,1776837012,800000000,-14.44,-27.47,33.37,0,0,0,True,False,True,False,1776837012,800000000,27.47,-14.44,33.37,0,0,0,True,False,1776837012,800000000,3,3,10,17,29,14,3,21,32,115,True,1776837012,800000000,-0.3353166,0.28409117,0.0036858753,0.8897432,-0.0022429142,0.04790298,0.0045539453,
2026/5/4 下午 03:35:46.083,2026/4/22 上午 05:50:22.851,1776837022,851,424185562,2359063,1776837022,800000000,-15.09,-27.580000000000002,33.28,0,0,0,True,False,True,False,1776837022,800000000,27.580000000000002,-15.09,33.28,0,0,0,True,False,1776837022,800000000,3,3,10,17,28,14,4,20,31,115,True,1776837022,800000000,-0.33600748,0.2881405,0.0035473919,0.8881799,-0.010059908,0.042879466,0.00966856,
2026/5/4 下午 03:35:46.083,2026/4/22 上午 05:50:32.851,1776837032,851,424195563,2359073,1776837032,800000000,-15.81,-27.560000000000002,32.92,0,0,0,True,False,True,False,1776837032,800000000,27.560000000000002,-15.81,32.92,0,0,0,True,False,1776837032,800000000,3,3,10,17,28,14,4,20,31,115,True,1776837032,800000000,-0.336542,0.29232183,0.003550719,0.8866099,-0.0028641245,0.052858848,0.01476996,
2026/5/4 下午 03:35:46.083,2026/4/22 上午 05:50:42.851,1776837042,851,424205562,2359083,1776837042,800000000,-16.490000000000002,-27.62,32.7,0,0,0,True,False,True,False,1776837042,800000000,27.62,-16.490000000000002,32.7,0,0,0,True,False,1776837042,800000000,3,3,10,17,28,14,3,20,31,115,True,1776837042,800000000,-0.337152,0.2963164,0.0035160668,0.88505155,-0.013170156,0.05031536,0.017364992,
2026/5/4 下午 03:35:46.083,2026/4/22 上午 05:50:52.852,1776837052,852,424215563,2359093,1776837052,800000000,-17.17,-27.8,32.6,0,0,0,True,False,True,False,1776837052,800000000,27.8,-17.17,32.6,0,0,0,True,False,1776837052,800000000,3,3,10,17,28,14,4,20,31,115,True,1776837052,800000000,-0.33774477,0.3003989,0.0035733513,0.8834484,-0.008477192,0.045266826,0.009969559,
2026/5/4 下午 03:35:46.083,2026/4/22 上午 05:51:02.851,1776837062,851,424225562,2359103,1776837062,800000000,-17.740000000000002,-27.7,32.24,0,0,0,True,False,True,False,1776837062,800000000,27.7,-17.740000000000002,32.24,0,0,0,True,False,1776837062,800000000,3,3,10,17,28,14,4,20,30,115,True,1776837062,800000000,-0.33844268,0.30446652,0.0035479448,0.8817877,-0.011309151,0.0502002,0.010074389,
2026/5/4 下午 03:35:46.083,2026/4/22 上午 05:51:12.851,1776837072,851,424235562,2359113,1776837072,800000000,-18.51,-27.68,31.85,0,0,0,True,False,True,False,1776837072,800000000,27.68,-18.51,31.85,0,0,0,True,False,1776837072,800000000,3,3,10,17,28,14,4,22,30,115,True,1776837072,800000000,-0.3390212,0.3085008,0.003664986,0.8801612,-0.004131953,0.050136216,0.0076745246,
2026/5/4 下午 03:35:46.083,2026/4/22 上午 05:51:22.852,1776837082,852,424245564,2359123,1776837082,800000000,-19.16,-27.78,31.560000000000002,0,0,0,True,False,True,False,1776837082,800000000,27.78,-19.16,31.560000000000002,0,0,0,True,False,1776837082,800000000,3,3,10,17,28,14,4,20,30,115,True,1776837082,800000000,-0.33974364,0.31259197,0.0036351164,0.87843835,-0.0069920383,0.055070568,0.012781847,
2026/5/4 下午 03:35:46.083,2026/4/22 上午 05:51:32.851,1776837092,851,424255563,2359133,1776837092,800000000,-19.73,-27.7,31.17,0,0,0,True,False,True,False,1776837092,800000000,27.7,-19.73,31.17,0,0,0,True,False,1776837092,800000000,3,3,10,17,28,14,3,20,30,115,True,1776837092,800000000,-0.34048098,0.3166206,0.0036310453,0.8767084,-0.009850586,0.055001702,0.007880988,
2026/5/4 下午 03:35:46.083,2026/4/22 上午 05:51:42.851,1776837102,851,424265563,2359143,1776837102,800000000,-20.38,-27.72,30.89,0,0,0,True,False,True,False,1776837102,800000000,27.72,-20.38,30.89,0,0,0,True,False,1776837102,800000000,3,3,10,17,28,14,3,20,31,115,True,1776837102,800000000,-0.34114933,0.32068095,0.0035998863,0.8749711,0.004787519,0.052438293,0.012968885,
2026/5/4 下午 03:35:46.083,2026/4/22 上午 05:51:52.852,1776837112,852,424275563,2359153,1776837112,800000000,-20.98,-27.76,30.560000000000002,0,0,0,True,False,True,False,1776837112,800000000,27.76,-20.98,30.560000000000002,0,0,0,True,False,1776837112,800000000,3,3,10,17,28,14,4,20,31,115,True,1776837112,800000000,-0.341762,0.32468116,0.0035727457,0.8732555,-0.0055662976,0.04987347,0.008034477,
2026/5/4 下午 03:35:46.083,2026/4/22 上午 05:52:02.851,1776837122,851,424285562,2359163,1776837122,800000000,-21.45,-27.68,30.3,0,0,0,True,False,True,False,1776837122,800000000,27.68,-21.45,30.3,0,0,0,True,False,1776837122,800000000,3,3,9,17,28,14,4,21,32,115,True,1776837122,800000000,-0.34244096,0.32861322,0.0035592383,0.87151754,-0.010911103,0.04478775,0.010583213,
2026/5/4 下午 03:35:46.083,2026/4/22 上午 05:52:12.851,1776837132,851,424295562,2359173,1776837132,800000000,-21.97,-27.64,29.97,0,0,0,True,False,True,False,1776837132,800000000,27.64,-21.97,29.97,0,0,0,True,False,1776837132,800000000,3,3,9,17,29,14,3,20,32,115,True,1776837132,800000000,-0.34320563,0.33244944,0.003355122,0.86976147,-0.013759174,0.052189313,0.010581444,
2026/5/4 下午 03:35:46.083,2026/4/22 上午 05:52:22.852,1776837142,852,424305564,2359183,1776837142,800000000,-22.63,-27.650000000000002,29.66,0,0,0,True,False,True,False,1776837142,800000000,27.650000000000002,-22.63,29.66,0,0,0,True,False,1776837142,800000000,3,3,9,17,29,14,4,21,33,115,True,1776837142,800000000,-0.34383997,0.33651754,0.003239937,0.8679451,-0.009075229,0.054616537,0.00556508,
2026/5/4 下午 03:35:46.083,2026/4/22 上午 05:52:32.851,1776837152,851,424315562,2359193,1776837152,800000000,-23.19,-27.45,29.080000000000002,0,0,0,True,False,True,False,1776837152,800000000,27.45,-23.19,29.080000000000002,0,0,0,True,False,1776837152,800000000,3,3,9,17,29,14,3,20,33,115,True,1776837152,800000000,-0.34438938,0.3405187,0.003141423,0.866166,-0.009346413,0.052053798,0.013041752,
2026/5/4 下午 03:35:46.083,2026/4/22 上午 05:52:42.851,1776837162,851,424325562,2359203,1776837162,800000000,-23.72,-27.47,28.86,0,0,0,True,False,True,False,1776837162,800000000,27.47,-23.72,28.86,0,0,0,True,False,1776837162,800000000,3,3,6,17,30,14,4,21,34,115,True,1776837162,800000000,-0.34509027,0.34444478,0.003105254,0.8643335,-0.012113642,0.039471883,0.010543288,
2026/5/4 下午 03:35:46.083,2026/4/22 上午 05:52:52.852,1776837172,852,424335563,2359213,1776837172,800000000,-24.41,-27.47,28.44,0,0,0,True,False,True,False,1776837172,800000000,27.47,-24.41,28.44,0,0,0,True,False,1776837172,800000000,3,3,9,17,30,14,4,21,34,115,True,1776837172,800000000,-0.34574494,0.34840712,0.0031108106,0.86248237,-0.014866912,0.046898402,0.0030504297,
2026/5/4 下午 03:35:46.083,2026/4/22 上午 05:53:02.851,1776837182,851,424345562,2359223,1776837182,800000000,-24.8,-27.28,27.96,0,0,0,True,False,True,False,1776837182,800000000,27.28,-24.8,27.96,0,0,0,True,False,1776837182,800000000,3,3,9,17,31,14,4,21,34,115,True,1776837182,800000000,-0.3464542,0.3523921,0.0031529865,0.86057657,-0.0026145568,0.061821576,0.013065492,
2026/5/4 下午 03:35:46.083,2026/4/22 上午 05:53:12.851,1776837192,851,424355562,2359233,1776837192,800000000,-25.32,-27.23,27.59,0,0,0,True,False,True,False,1776837192,800000000,27.23,-25.32,27.59,0,0,0,True,False,1776837192,800000000,3,3,9,17,31,14,3,21,35,115,True,1776837192,800000000,-0.34712172,0.35625356,0.003102827,0.85871583,-0.010347797,0.049253516,0.0055575497,
2026/5/4 下午 03:35:46.083,2026/4/22 上午 05:53:22.852,1776837202,852,424365563,2359243,1776837202,800000000,-25.98,-27.19,27.03,0,0,0,True,False,True,False,1776837202,800000000,27.19,-25.98,27.03,0,0,0,True,False,1776837202,800000000,4,4,12,17,32,14,4,20,35,116,True,1776837202,800000000,-0.34795144,0.36016902,0.0030996003,0.85674447,-0.018094737,0.05167594,0.01805862,
2026/5/4 下午 03:35:46.083,2026/4/22 上午 05:53:32.851,1776837212,851,424375562,2359253,1776837212,800000000,-26.310000000000002,-27.060000000000002,26.650000000000002,0,0,0,True,False,True,False,1776837212,800000000,27.060000000000002,-26.310000000000002,26.650000000000002,0,0,0,True,False,1776837212,800000000,3,3,9,16,32,13,4,20,34,115,True,1776837212,800000000,-0.3487755,0.3640637,0.0030476975,0.85476106,-0.015851079,0.044107478,0.0130582675,
2026/5/4 下午 03:35:46.083,2026/4/22 上午 05:53:42.851,1776837222,851,424385562,2359263,1776837222,800000000,-26.82,-26.95,26.27,0,0,0,True,False,True,False,1776837222,800000000,26.95,-26.82,26.27,0,0,0,True,False,1776837222,800000000,3,3,9,16,32,13,4,20,34,115,True,1776837222,800000000,-0.34954903,0.36795196,0.0030307784,0.8527779,-0.016106328,0.04154355,0.010551885,
2026/5/4 下午 03:35:46.083,2026/4/22 上午 05:53:52.852,1776837232,852,424395563,2359273,1776837232,800000000,-27.44,-26.96,25.79,0,0,0,True,False,True,False,1776837232,800000000,26.96,-27.44,25.79,0,0,0,True,False,1776837232,800000000,4,4,9,15,33,13,4,19,35,116,True,1776837232,800000000,-0.35027942,0.3719235,0.0030959216,0.85075265,-0.008862751,0.0539949,0.010558289,
2026/5/4 下午 03:35:46.083,2026/4/22 上午 05:54:02.851,1776837242,851,424405562,2359283,1776837242,800000000,-27.73,-26.740000000000002,25.27,0,0,0,True,False,True,False,1776837242,800000000,26.740000000000002,-27.73,25.27,0,0,0,True,False,1776837242,800000000,3,3,9,15,32,12,4,19,33,115,True,1776837242,800000000,-0.35121787,0.3757879,0.0030799983,0.8486652,-0.014148778,0.048949968,0.010582514,
2026/5/4 下午 03:35:46.083,2026/4/22 上午 05:54:12.850,1776837252,850,424415561,2359293,1776837252,800000000,-28.11,-26.650000000000002,24.77,0,0,0,True,False,True,False,1776837252,800000000,26.650000000000002,-28.11,24.77,0,0,0,True,False,1776837252,800000000,3,3,9,14,33,13,3,18,34,116,True,1776837252,800000000,-0.35205358,0.37960687,0.0031982472,0.8466164,-0.019418262,0.043923564,0.0106083,
2026/5/4 下午 03:35:46.083,2026/4/22 上午 05:54:22.852,1776837262,852,424425563,2359303,1776837262,800000000,-28.76,-26.61,24.36,0,0,0,True,False,True,False,1776837262,800000000,26.61,-28.76,24.36,0,0,0,True,False,1776837262,800000000,4,4,9,14,33,12,4,18,33,116,True,1776837262,800000000,-0.3528769,0.3834499,0.0031400356,0.84453976,-0.019714167,0.04389558,0.015619479,
2026/5/4 下午 03:35:46.083,2026/4/22 上午 05:54:32.851,1776837272,851,424435562,2359313,1776837272,800000000,-29,-26.400000000000002,23.88,0,0,0,True,False,True,False,1776837272,800000000,26.400000000000002,-29,23.88,0,0,0,True,False,1776837272,800000000,3,3,8,13,33,11,4,16,31,116,True,1776837272,800000000,-0.3538448,0.3872322,0.003288097,0.8424057,-0.020024039,0.046326462,0.015667364,
