hk_type,rbf_deploy_pin,sp_status,posY_sp_dply_count,negY_sp_dply_count,current_bcn_int,current_hk_int,current_obc_mode,current_obc_states,t_to_start,mission_time,mission_q_cnt,next_mission_index,timer_contact,timer_payload,backup_time,tsync_time,leop_complete,last_hk_fsize,sp_temp[0],sp_temp[1],sp_temp[2],uart_rx_ops,last_mo_fsize,saved_packets,dropped_packets,rdm_check_err,rdm_checkts_s, last_rdm_err,fs_mounted,ram_image,temp_mcu,temp_ram,i_GSSB1,i_GSSB2,i_Flash,i_PWM,resetcause,bootcause,bootcount,clock,uptime,major_version,minor_version,temp_board,temp_pa,last_rssi,last_rferr,tx_count,rx_count,tx_bytes,rx_bytes,bootcount,bootcause,last_contact,pll_lock_tx,pll_lock_rx,bgnd_rssi,tx_duty,tot_tx_count,tot_rx_count,tot_tx_bytes,tot_rx_bytes,cur_rf3v3_raw,cur_rf3v3,cur_5v_raw,cur_5v,hw_det,rx_mode,gnd_wdt_cnt,gnd_wdt_left,sys_cur_out[0],sys_cur_out[1],sys_cur_out[2],sys_cur_out[3],sys_cur_out[4],sys_cur_out[5],sys_cur_out[6],sys_cur_out[7],sys_cur_out[8],sys_cur_out[9],sys_cur_out[10],sys_cur_out[11],sys_cur_out[12],sys_volt_out[0],sys_volt_out[1],sys_volt_out[2],sys_volt_out[3],sys_volt_out[4],sys_volt_out[5],sys_volt_out[6],sys_volt_out[7],sys_volt_out[8],sys_volt_out[9],sys_volt_out[10],sys_volt_out[11],sys_volt_out[12],output_ch_en[0],output_ch_en[1],output_ch_en[2],output_ch_en[3],output_ch_en[4],output_ch_en[5],output_ch_en[6],output_ch_en[7],output_ch_en[8],output_ch_en[9],output_ch_en[10],output_ch_en[11],output_ch_en[12],temp[0],temp[1],bootcause,bootcount,uptime,resetcause,batt_mode,heater_on,conv_5v_en,latchup[0],latchup[1],latchup[2],latchup[3],latchup[4],latchup[5],latchup[6],latchup[7],latchup[8],latchup[9],latchup[10],latchup[11],latchup[12],vbat_line_volt,vcc_line_cur,batt_cur,batt_volt,batt_temp[0],batt_temp[1],device_type[0],device_type[1],device_type[2],device_type[3],device_type[4],device_type[5],device_type[6],device_type[7],device_status[0],device_status[1],device_status[2],device_status[3],device_status[4],device_status[5],device_status[6],device_status[7],dearm_status,wdt_cnt_gnd,wdt_cnt_i2c,wdt_cnt_can,wdt_cnt_csp[0],wdt_cnt_csp[1],wdt_gnd_left,wdt_i2c_left,wdt_can_left,wdt_csp_left[0],wdt_csp_left[1],batt_charge,batt_discharge,ant6_depl_stat,ar6_depl_stat,PDU1cur_output_mA[0],PDU1cur_output_mA[1],PDU1cur_output_mA[2],PDU1cur_output_mA[3],PDU1cur_output_mA[4],PDU1cur_output_mA[5],PDU1cur_output_mA[6],PDU1cur_output_mA[7],PDU1cur_output_mA[8],PDU1volt_output_mV[0],PDU1volt_output_mV[1],PDU1volt_output_mV[2],PDU1volt_output_mV[3],PDU1volt_output_mV[4],PDU1volt_output_mV[5],PDU1volt_output_mV[6],PDU1volt_output_mV[7],PDU1volt_output_mV[8],PDU1vcc_mV,PDU1vbat_mV,PDU1temp,PDU1converter_en[0],PDU1converter_en[1],PDU1converter_en[2],PDU1output_ch_en[0],PDU1output_ch_en[1],PDU1output_ch_en[2],PDU1output_ch_en[3],PDU1output_ch_en[4],PDU1output_ch_en[5],PDU1output_ch_en[6],PDU1output_ch_en[7],PDU1output_ch_en[8],PDU1bootcause,PDU1bootcount,PDU1uptime,PDU1resetcause,PDU1batt_mode,PDU1latchup[0],PDU1latchup[1],PDU1latchup[2],PDU1latchup[3],PDU1latchup[4],PDU1latchup[5],PDU1latchup[6],PDU1latchup[7],PDU1latchup[8],PDU1device_type[0],PDU1device_type[1],PDU1device_type[2],PDU1device_type[3],PDU1device_type[4],PDU1device_type[5],PDU1device_type[6],PDU1device_type[7],PDU1device_status[0],PDU1device_status[1],PDU1device_status[2],PDU1device_status[3],PDU1device_status[4],PDU1device_status[5],PDU1device_status[6],PDU1device_status[7],PDU1wdt_cnt_gnd,PDU1wdt_cnt_i2c,PDU1wdt_cnt_can,PDU1wdt_cnt_csp[0],PDU1wdt_cnt_csp[1],PDU1wdt_gnd_left,PDU1wdt_i2c_left,PDU1wdt_can_left,PDU1wdt_csp_left[0],PDU1wdt_csp_left[1],PDU2cur_output_mA[0],PDU2cur_output_mA[1],PDU2cur_output_mA[2],PDU2cur_output_mA[3],PDU2cur_output_mA[4],PDU2cur_output_mA[5],PDU2cur_output_mA[6],PDU2cur_output_mA[7],PDU2cur_output_mA[8],PDU2volt_output_mV[0],PDU2volt_output_mV[1],PDU2volt_output_mV[2],PDU2volt_output_mV[3],PDU2volt_output_mV[4],PDU2volt_output_mV[5],PDU2volt_output_mV[6],PDU2volt_output_mV[7],PDU2volt_output_mV[8],PDU2vcc_mV,PDU2vbat_mV,PDU2temp,PDU2converter_en[0],PDU2converter_en[1],PDU2converter_en[2],PDU2output_ch_en[0],PDU2output_ch_en[1],PDU2output_ch_en[2],PDU2output_ch_en[3],PDU2output_ch_en[4],PDU2output_ch_en[5],PDU2output_ch_en[6],PDU2output_ch_en[7],PDU2output_ch_en[8],PDU2bootcause,PDU2bootcount,PDU2uptime,PDU2resetcause,PDU2batt_mode,PDU2latchup[0],PDU2latchup[1],PDU2latchup[2],PDU2latchup[3],PDU2latchup[4],PDU2latchup[5],PDU2latchup[6],PDU2latchup[7],PDU2latchup[8],PDU2device_type[0],PDU2device_type[1],PDU2device_type[2],PDU2device_type[3],PDU2device_type[4],PDU2device_type[5],PDU2device_type[6],PDU2device_type[7],PDU2device_status[0],PDU2device_status[1],PDU2device_status[2],PDU2device_status[3],PDU2device_status[4],PDU2device_status[5],PDU2device_status[6],PDU2device_status[7],PDU2wdt_cnt_gnd,PDU2wdt_cnt_i2c,PDU2wdt_cnt_can,PDU2wdt_cnt_csp[0],PDU2wdt_cnt_csp[1],PDU2wdt_gnd_left,PDU2wdt_i2c_left,PDU2wdt_can_left,PDU2wdt_csp_left[0],PDU2wdt_csp_left[1],current_in_mA[0],current_in_mA[1],current_in_mA[2],current_in_mA[3],current_in_mA[4],current_in_mA[5],voltage_in_mV[0],voltage_in_mV[1],voltage_in_mV[2],voltage_in_mV[3],voltage_in_mV[4],voltage_in_mV[5],vbat_mV,vcc_mV,temp[0],temp[1],temp[2],mppt_mode,vboost_mV[0],vboost_mV[1],vboost_mV[2],vboost_mV[3],vboost_mV[4],vboost_mV[5],power_mW[0],power_mW[1],power_mW[2],power_mW[3],power_mW[4],power_mW[5],dac_en_status[0],dac_en_status[1],dac_en_status[2],dac_raw_value[0],dac_raw_value[1],dac_raw_value[2],dac_raw_value[3],dac_raw_value[4],dac_raw_value[5],bootcause,bootcount,uptime,resetcause,mppt_time,mppt_period,device_type[0],device_type[1],device_type[2],device_type[3],device_type[4],device_type[5],device_type[6],device_type[7],device_status[0],device_status[1],device_status[2],device_status[3],device_status[4],device_status[5],device_status[6],device_status[7],wdt_cnt_gnd,wdt_gnd_left,BPX1c_charge,BPX1c_dcharge,BPX1c_heater,BPX1vbatt,BPX1bat_temp1,BPX1bat_temp2,BPX1bat_temp3,BPX1bat_temp4,BPX1bootcount,BPX1bootcause,BPX2c_charge,BPX2c_dcharge,BPX2c_heater,BPX2vbatt,BPX2bat_temp1,BPX2bat_temp2,BPX2bat_temp3,BPX2bat_temp4,BPX2bootcount,BPX2bootcause,iMCUTemperature,uMCUCurrent,uMCUVoltageInternal,uMCUSupplyVoltage,u5VSupplyVoltage,uBatteryVoltage,uHardwareVersionVoltage,uSRAM1Current,uSRAM2Current,uFPGACurrent1v5,uFRAMCurrent,uADCCurrent,uFlashCurrent,uRS485Current,uCANCurrent,uGyroCurrent,uRedundantGyroCurrent,Gyrodata0,uaWatchdogCounters[0],uaWatchdogCounters[1],uaWatchdogCounters[2],uaWatchdogCounters[3],uaWatchdogCounters[4],iMAG0MCUTemperature,uMAG0MCUCurrent,uMAG0MCUVoltage,iMAG0PrimaryTemperature,iMAG0RedundantTemperature,uMAG0BurnCurrent,MAGdata0,iMAG1MCUTemperature,uMAG1MCUCurrent,uMAG1MCUVoltage,iMAG1PrimaryTemperature,iMAG1RedundantTemperature,uMAG1BurnCurrent,MAGdata1,iSTR0MCUTemperature,uSTR0MCUCurrent,uSTR0MCUVoltage,uSTR0Current,uSTR0PeakCurrent,iSTR0PCBTemperature,STRdata0,uSTR0ErrorCode,iSTR1MCUTemperature,uSTR1MCUCurrent,uSTR1MCUVoltage,uSTR1Current,uSTR1PeakCurrent,iSTR1PCBTemperature,STRdata1,uSTR1ErrorCode,iFSS0MCUTemperature,uFSS0MCUCurrent,uFSS0MCUVoltage,uFSS0CAMcurrent,uFSS0SRAMcurrent,FSSdata0,iFSS1MCUTemperature,uFSS1MCUCurrent,uFSS1MCUVoltage,uFSS1CAMcurrent,uFSS1SRAMcurrent,FSSdata1,iFSS2MCUTemperature,uFSS2MCUCurrent,uFSS2MCUVoltage,uFSS2CAMcurrent,uFSS2SRAMcurrent,FSSdata2,iFSS3MCUTemperature,uFSS3MCUCurrent,uFSS3MCUVoltage,uFSS3CAMcurrent,uFSS3SRAMcurrent,FSSdata3,iRWL0MCUTemperature,uRWL0MCUCurrent,uRWL0BatteryVoltage,uRWL0BatteryCurrent,iRWL1MCUTemperature,uRWL1MCUCurrent,uRWL1BatteryVoltage,uRWL1BatteryCurrent,iRWL2MCUTemperature,uRWL2MCUCurrent,uRWL2BatteryVoltage,uRWL2BatteryCurrent,iRWL3MCUTemperature,uRWL3MCUCurrent,uRWL3BatteryVoltage,uRWL3BatteryCurrent,fMTQ1positivecurrentpeakmA,fMTQ1positivecurrentaveragemA,fMTQ1negativecurrentpeakmA,fMTQ1negativecurrentaveragemA,fMTQ2positivecurrentpeakmA,fMTQ2positivecurrentaveragemA,fMTQ2negativecurrentpeakmA,fMTQ2negativecurrentaveragemA,fMTQ3positivecurrentpeakmA,fMTQ3positivecurrentaveragemA,fMTQ3negativecurrentpeakmA,fMTQ3negativecurrentaveragemA,MTQdata0,eRWL0powerstate,eRWL1powerstate,eRWL2powerstate,eRWL3powerstate,eMAG0powerstate,eMAG1powerstate,eGYR0powerstate,eGYR1powerstate,eFSS0powerstate,eFSS1powerstate,eFSS2powerstate,eFSS3powerstate,eHSS0powerstate,eHSS1powerstate,eSTR0powerstate,eSTR1powerstate,eExtSensor0powerstate,eExtSensor1powerstate,eEXTGYR0powerstate,eEXTGYR1powerstate,iMTQ0openloopontimecommand,iMTQ1openloopontimecommand,iMTQ2openloopontimecommand,fRWL0openloopspeedcommand,fRWL1openloopspeedcommand,fRWL2openloopspeedcommand,fRWL3openloopspeedcommand,eOrbitmode,eADCSrunmode,eControlmode,uMagneticcontroltimeout,eDefaultADCSrunmode,eDefaultADCSoperationalstate,eDefaultcontrolmodeinOpStateSafe,eDefaultcontrolmodeinOpStateAuto,eMainestimatormode,eBackupestimatormode,uCSSTimeintegerseconds,uCSSTimenanoseconds,uCSS0rawmeasurement,uCSS1rawmeasurement,uCSS2rawmeasurement,uCSS3rawmeasurement,uCSS4rawmeasurement,uCSS5rawmeasurement,uCSS6rawmeasurement,uCSS7rawmeasurement,uCSS8rawmeasurement,uCSS9rawmeasurement,bCSSvalidflag,uRTCTimes,uRTCTimens,iRTCDriftns,fSatelliteECEFpositionvectorXcomponent,fSatelliteECEFpositionvectorYcomponent,fSatelliteECEFpositionvectorZcomponent,fSatelliteECEFvelocityvectorXcomponent,fSatelliteECEFvelocityvectorYcomponent,fSatelliteECEFvelocityvectorZcomponent,uGNSSsuppliedunixtimeintegerseconds,uGNSSsuppliedunixtimenanoseconds,uGPSweeknumber,uGNSSTimeofWeek,iGNSSUTCOffset,rGNSSdata0,uGYRTimeintegerseconds,uGYRTimenanoseconds,fGYR0rawrateXcomponent,fGYR0rawrateYcomponent,fGYR0rawrateZcomponent,fGYR1rawrateXcomponent,fGYR1rawrateYcomponent,fGYR1rawrateZcomponent,rGYRdata0,uMAGTimeintegerseconds,uMAGTimenanoseconds,iMAG0rawvectorXcomponent,iMAG0rawvectorYcomponent,iMAG0rawvectorZcomponent,iMAG1rawvectorXcomponent,iMAG1rawvectorYcomponent,iMAG1rawvectorZcomponent,rMAGdata0,uRWLTimeintegerseconds,uRWLTimenanoseconds,fRWL0measuredspeed,fRWL1measuredspeed,fRWL2measuredspeed,fRWL3measuredspeed,rRWLdata0,uSTRTimeintegerseconds,uSTRTimenanoseconds,rSTRdata0,rSTRdata1,uSTR0NumberDetectedStars,uSTR0NumberIdentifiedStars,iSTR0AngularRateX,iSTR0AngularRateY,iSTR0AngularRateZ,rSTRdata2,rSTRdata3,uSTR1NumberDetectedStars,uSTR1NumberIdentifiedStars,iSTR1AngularRateX,iSTR1AngularRateY,iSTR1AngularRateZ,uFSSTimeintegerseconds,uFSSTimenanoseconds,iFSS0alphaangle,iFSS0betaangle,eFSS0captureresult,eFSS0detectionresult,iFSS1alphaangle,iFSS1betaangle,eFSS1captureresult,eFSS1detectionresult,iFSS2alphaangle,iFSS2betaangle,eFSS2captureresult,eFSS2detectionresult,iFSS3alphaangle,iFSS3betaangle,eFSS3captureresult,eFSS3detectionresult,rFSSdata0,uEstTimeintegerseconds,uEstTimenanoseconds,iEstimatedrollangle,iEstimatedpitchangle,iEstimatedyawangle,iEstimatedORCquaternionQ0,iEstimatedORCquaternionQ1,iEstimatedORCquaternionQ2,iEstimatedORCquaternionQ3,iEstimatedgyrobiasXcomponent,iEstimatedgyrobiasYcomponent,iEstimatedgyrobiasZcomponent,iEstimatedbodyrateORCXcomponent,iEstimatedbodyrateORCYcomponent,iEstimatedbodyrateORCZcomponent,iEstimatedbodyrateIRCXcomponent,iEstimatedbodyrateIRCYcomponent,iEstimatedbodyrateIRCZcomponent,fEstimatedgyroscopictorqueXcomponent,fEstimatedgyroscopictorqueYcomponent,fEstimatedgyroscopictorqueZcomponent,iInnovationvectorXcomponent,iInnovationvectorYcomponent,iInnovationvectorZcomponent,iStdDevofestimatedrateXcomponent,iStdDevofestimatedrateYcomponent,iStdDevofestimatedrateZcomponent,iStdDevofestimatedquaternionQ0component,iStdDevofestimatedquaternionQ1component,iStdDevofestimatedquaternionQ2component,eActiveestimatormode,uGYRTimeintegerseconds,uGYRTimenanoseconds,fGYR0calibratedrateXcomponent,fGYR0calibratedrateYcomponent,fGYR0calibratedrateZcomponent,fGYR1calibratedrateXcomponent,fGYR1calibratedrateYcomponent,fGYR1calibratedrateZcomponent,fEXTGYR0calibratedrateXcomponent,fEXTGYR0calibratedrateYcomponent,fEXTGYR0calibratedrateZcomponent,fEXTGYR1calibratedrateXcomponent,fEXTGYR1calibratedrateYcomponent,fEXTGYR1calibratedrateZcomponent,cGYRdata0
1,0,3,237,237,15,240,4,4,39,1785970100,0,1,0,0,1785969976,1785957740,1,34464,-4,4,59,3,15705,181454,0,0,0,0,01,0,246,249,0,0,0,0,0,2,330,1785970001,662152,2,0,222,203,-118,-4387,189347,6478,46413554,107510,4,0,158323,143,173,257,255,2299002880,12416,3942646292,2049825410,-30976,8984,-9216,32256,64,0,4352,251725056,42,49,6,48,18,160,-20,3,-12,6,4,6,9,0,0,0,0,32527,32589,259,32582,274,0,0,0,0,1,1,0,1,1,1,0,1,0,0,0,1,1,375,374,256,4,662163,512,4,0,1,0,0,0,0,0,0,0,0,0,0,0,0,0,32596,-121,137,32593,0,0,7,2,2,1,4,6,0,0,1,1,1,1,1,1,0,0,1,0,0,0,0,0,592544,0,5992,5,5,347,210,3,3,392,55,238,106,59,1,0,-1,-2,3361,12044,3375,5020,3390,5023,168,3390,0,3279,32601,392,1,1,1,1,1,1,1,1,1,0,1,0,1,3,662156,768,4,6,0,0,0,0,0,0,0,0,7,2,2,4,0,0,0,0,1,1,1,1,0,0,0,0,0,0,0,0,0,2685012224,0,1359085568,5,5,4,-9,-1,3,-2,-1,0,2,-1,0,364,0,0,0,0,363,0,0,3280,32618,370,0,0,0,0,0,0,0,0,0,0,0,0,1,3,662159,768,4,0,0,0,1,0,0,0,0,0,7,2,2,4,0,0,0,0,1,1,1,1,0,0,0,0,0,0,0,0,0,2701789440,0,1359085568,5,5,540,532,541,541,540,543,3935,3912,3876,3919,3945,3936,32593,3279,412,404,405,2,4005,4005,4005,4005,4005,4005,2124,2081,2096,2120,2130,2137,1,1,1,147,147,147,147,147,147,1,4,662158,0,22,49,7,1,1,3,3,3,4,0,1,1,1,1,1,1,1,0,0,592545,1,1,0,32619,12,12,12,11,3,5,1,1,0,32600,12,12,13,13,3,5,600,2600,3304,3302,5000,11925,498,0,85,205,235,315,45,85,680,1820,0,0,0,0,0,0,0,-1200,1000,3283,-1293,-850,0,1,0,0,0,0,0,0,0,200,1600,3278,500,500,0,3,0,0,0,0,0,0,0,0,0,3000,800,3263,600,0,0,0,0,0,0,0,0,0,0,0,0,0,0,0,0,0,0,0,0,1500,2800,11962,1100,1200,2800,11926,1200,1400,2800,11985,1100,1100,2800,11948,1000,0.000000,0.000000,0.000000,0.000000,0.000000,0.000000,0.000000,0.000000,0.000000,0.000000,28.901388,1.272720,32,1,1,1,1,1,0,1,0,1,0,0,0,0,0,1,0,0,0,0,0,0,0,0,0.000000,0.000000,0.000000,0.000000,0,1,13,65535,1,0,1,13,6,0,1785969998,600000000,3,3,17,7,8,7,3,6,18,104,1,1785969998,770111083,0,0.000000,0.000000,0.000000,0.000000,0.000000,0.000000,0,0,0,0,0,4,1785969998,600000000,0.017500,-0.117500,0.057500,0.000000,0.000000,0.000000,1,1785969998,600000000,-2024,460,-1638,0,0,0,1,1785969998,600000000,984.960754,-1015.777832,965.563904,-1034.723999,15,1785969998,600000000,35,1,0,0,0,0,0,0,0,0,0,0,0,0,1785969998,600000000,6,16,5,7,0,0,0,0,0,0,0,0,0,0,0,0,1,1785969998,600000000,-3484,-5456,1841,-3304,-3946,34,8685,537,-1181,103,2,5,1,0,0,-3,0.000000,0.000000,0.000000,-29,-5,0,0,0,1,0,0,0,6,1785969998,600000000,0.057500,-0.117500,-0.017500,0.000000,0.000000,0.000000,0.000000,0.000000,0.000000,0.000000,0.000000,0.000000,1
1,0,3,237,237,15,240,4,4,31,1785970100,0,1,0,0,1785969976,1785957740,1,34464,-4,4,59,3,15705,181454,0,0,0,0,01,0,247,250,0,0,0,0,0,2,330,1785970009,662160,2,0,222,206,-120,-6034,189351,6478,46414542,107510,4,0,158323,143,173,257,255,2299002880,12416,4009755156,2049825414,25344,8984,-9216,-32768,65,0,4608,268502272,42,49,6,48,18,157,-20,0,-12,9,7,6,9,0,0,0,0,32588,32574,275,32582,274,0,0,0,0,1,1,0,1,1,1,0,1,0,0,0,1,1,375,374,256,4,662171,512,4,0,1,0,0,0,0,0,0,0,0,0,0,0,0,0,32596,-122,133,32593,0,0,7,2,2,1,4,6,0,0,1,1,1,1,1,1,0,0,1,0,0,0,0,0,592536,0,5993,5,5,343,210,3,3,395,61,247,109,62,1,3,-1,-2,3377,12044,3375,5020,3390,5023,168,3390,0,3277,32586,392,1,1,1,1,1,1,1,1,1,0,1,0,1,3,662164,768,4,6,0,0,0,0,0,0,0,0,7,2,2,4,0,0,0,0,1,1,1,1,0,0,0,0,0,0,0,0,0,2550794496,0,1359085568,5,5,4,-9,-1,3,-2,-1,-3,2,-1,0,364,0,0,0,0,363,0,0,3280,32603,370,0,0,0,0,0,0,0,0,0,0,0,0,1,3,662167,768,4,0,0,0,1,0,0,0,0,0,7,2,2,4,0,0,0,0,1,1,1,1,0,0,0,0,0,0,0,0,0,2567571712,0,1359085568,5,5,540,532,541,540,540,543,3976,3954,3973,3974,3973,4019,32624,3275,412,404,406,2,4059,4059,4059,4059,4059,4059,2147,2103,2149,2145,2145,2182,1,1,1,147,147,147,147,147,147,1,4,662167,0,22,49,7,1,1,3,3,3,4,0,1,1,1,1,1,1,1,0,0,592536,1,1,0,32619,13,12,12,11,3,5,1,1,0,32600,12,12,13,13,3,5,600,2605,3295,3293,4996,11950,498,0,80,205,235,310,45,85,680,1825,0,0,0,0,0,0,0,-1100,1100,3266,-1284,-850,0,1,0,0,0,0,0,0,0,200,1600,3267,1400,1400,0,3,0,0,0,0,0,0,0,0,0,3100,800,3252,2300,0,0,0,0,0,0,0,0,0,0,0,0,0,0,0,0,0,0,0,0,1400,2800,11974,1000,1300,2800,11933,1100,1500,2800,11991,1100,1000,2800,11911,1000,0.000000,0.000000,0.000000,0.000000,0.000000,0.000000,0.000000,0.000000,0.000000,0.000000,29.121168,1.315225,32,1,1,1,1,1,0,1,0,1,0,0,0,0,0,1,0,0,0,0,0,0,0,0,0.000000,0.000000,0.000000,0.000000,0,1,13,65535,1,0,1,13,6,0,1785970006,800000000,3,3,17,7,8,6,3,6,18,104,1,1785970007,83435058,0,0.000000,0.000000,0.000000,0.000000,0.000000,0.000000,0,0,0,0,0,4,1785970006,800000000,0.017500,-0.115000,0.052500,0.000000,0.000000,0.000000,1,1785970006,800000000,-2002,503,-1639,0,0,0,1,1785970006,800000000,986.670288,-1015.847473,965.141052,-1033.664551,15,1785970007,0,18,1,0,0,0,0,0,0,0,0,0,0,0,0,1785970007,0,5,17,5,7,0,0,0,0,0,0,0,0,0,0,0,0,1,1785970007,0,-3485,-5403,1822,-3298,-3911,34,8703,536,-1180,102,1,6,1,-1,1,-3,0.000000,0.000000,-0.000000,-30,-4,0,0,0,1,0,0,0,6,1785970007,0,0.047500,-0.110000,-0.020000,0.000000,0.000000,0.000000,0.000000,0.000000,0.000000,0.000000,0.000000,0.000000,1
1,0,3,237,237,15,240,4,4,22,1785970100,0,1,0,0,1785969976,1785957740,1,34464,-4,4,59,3,15705,181454,0,0,0,0,01,0,248,250,0,0,0,0,0,2,330,1785970018,662169,2,0,223,206,-119,-3429,189355,6478,46415530,107510,4,0,158323,143,173,257,255,2332557312,12416,4076864020,2049825418,16128,8984,-9216,-22784,84,2,50434,2583758080,42,49,9,48,18,269,-20,0,-12,6,10,9,9,0,0,0,0,32588,32559,259,32567,259,0,0,0,0,1,1,0,1,1,1,0,1,0,0,0,1,1,377,375,256,4,662180,512,4,0,1,0,0,0,0,0,0,0,0,0,0,0,0,0,32566,-121,49,32581,0,0,7,2,2,1,4,6,0,0,1,1,1,1,1,1,0,0,1,0,0,0,0,0,592527,0,5992,5,5,370,321,3,3,386,58,271,768,59,1,0,-1,-2,3361,12044,3375,5005,3390,5023,153,3390,0,3277,32571,395,1,1,1,1,1,1,1,1,1,0,1,0,1,3,662172,768,4,6,0,0,0,0,0,0,0,0,7,2,2,4,0,0,0,0,1,1,1,1,0,0,0,0,0,0,0,0,0,2416576768,0,1359085568,5,5,4,-9,-1,0,-2,-1,-3,2,-1,0,364,0,0,0,0,363,0,0,3280,32603,370,0,0,0,0,0,0,0,0,0,0,0,0,1,3,662176,768,4,0,0,0,1,0,0,0,0,0,7,2,2,4,0,0,0,0,1,1,1,1,0,0,0,0,0,0,0,0,0,2416576768,0,1359085568,5,5,539,531,540,540,539,542,4337,4341,4317,4376,4345,4366,32593,3279,412,404,406,2,4435,4435,4435,4435,4435,4435,2337,2305,2331,2363,2341,2366,1,1,1,165,165,165,165,165,165,1,4,662175,0,22,49,7,1,1,3,3,3,4,0,1,1,1,1,1,1,1,0,0,592528,1,1,0,32619,12,12,12,11,3,5,1,1,0,32600,12,12,13,13,3,5,600,2595,3302,3302,4996,11925,498,0,80,205,235,310,45,85,680,1820,0,0,0,0,0,0,0,-1100,1100,3281,-1277,-850,0,1,0,0,0,0,0,0,0,200,1600,3278,500,500,0,3,0,0,0,0,0,0,0,0,0,3000,800,3269,600,0,0,0,0,0,0,0,0,0,0,0,0,0,0,0,0,0,0,0,0,1500,2800,11969,1100,1300,2800,11924,1200,1400,2800,11984,1100,1100,2800,11943,1000,0.000000,0.000000,0.000000,0.000000,0.000000,0.000000,0.000000,0.000000,0.000000,0.000000,29.121168,1.319852,32,1,1,1,1,1,0,1,0,1,0,0,0,0,0,1,0,0,0,0,0,0,0,0,0.000000,0.000000,0.000000,0.000000,0,1,13,65535,1,0,1,13,6,0,1785970015,200000000,4,3,17,7,8,7,3,6,18,104,1,1785970015,380340576,0,0.000000,0.000000,0.000000,0.000000,0.000000,0.000000,0,0,0,0,0,4,1785970015,200000000,0.020000,-0.112500,0.055000,0.000000,0.000000,0.000000,1,1785970015,200000000,-1979,545,-1640,0,0,0,1,1785970015,200000000,986.025208,-1015.800781,966.354065,-1033.123535,15,1785970015,200000000,35,1,0,0,0,0,0,0,0,0,0,0,0,0,1785970015,200000000,4,17,5,7,0,0,0,0,0,0,0,0,0,0,0,0,1,1785970015,200000000,-3485,-5352,1803,-3291,-3878,34,8720,536,-1180,101,2,6,1,0,1,-3,0.000000,0.000000,0.000000,-30,-3,0,0,0,1,0,0,0,6,1785970015,200000000,0.055000,-0.112500,-0.020000,0.000000,0.000000,0.000000,0.000000,0.000000,0.000000,0.000000,0.000000,0.000000,1
1,0,3,237,237,15,240,4,4,12,1785970100,0,1,0,0,1785969976,1785957740,1,34464,-4,5,59,3,15705,181454,0,0,0,0,01,0,248,251,0,0,0,0,0,2,330,1785970028,662179,2,0,223,206,-118,1583,189355,6478,46415530,107510,4,0,158323,143,173,257,255,2315780096,12416,4076864020,2049825418,16128,8984,-9216,-32768,65,0,4864,285279488,42,52,3,48,15,166,-17,0,-12,6,4,9,6,0,0,0,0,32604,32574,259,32551,274,0,0,0,0,1,1,0,1,1,1,0,1,0,0,0,1,1,377,375,256,4,662188,512,4,0,1,0,0,0,0,0,0,0,0,0,0,0,0,0,32596,-121,142,32596,0,0,7,2,2,1,4,6,0,0,1,1,1,1,1,1,0,0,1,0,0,0,0,0,592519,0,5992,5,5,357,215,3,3,386,61,283,106,59,4,0,-1,-2,3377,12044,3375,5020,3390,5023,153,3390,0,3277,32601,392,1,1,1,1,1,1,1,1,1,0,1,0,1,3,662180,768,4,6,0,0,0,0,0,0,0,0,7,2,2,4,0,0,0,0,1,1,1,1,0,0,0,0,0,0,0,0,0,2282359040,0,1359085568,5,5,4,-9,-1,0,-2,-1,0,2,-1,0,364,0,0,0,0,363,0,0,3280,32618,370,0,0,0,0,0,0,0,0,0,0,0,0,1,3,662184,768,4,0,0,0,1,0,0,0,0,0,7,2,2,4,0,0,0,0,1,1,1,1,0,0,0,0,0,0,0,0,0,2282359040,0,1359085568,5,5,539,531,540,539,539,542,4018,4037,4014,4057,4055,4047,32593,3279,412,405,407,2,4059,4059,4059,4059,4059,4059,2165,2143,2167,2186,2185,2193,1,1,1,155,155,155,155,155,155,1,4,662183,0,22,49,7,1,1,3,3,3,4,0,1,1,1,1,1,1,1,0,0,592520,1,1,0,32619,12,12,12,11,3,5,1,1,0,32600,12,12,13,13,3,5,600,2605,3291,3289,4996,11975,498,0,80,205,235,310,45,85,680,1825,0,0,0,0,0,0,0,-1100,1000,3279,-1269,-850,0,1,0,0,0,0,0,0,0,100,1700,3252,4400,4400,0,3,0,0,0,0,0,0,0,0,0,3000,800,3254,600,0,0,0,0,0,0,0,0,0,0,0,0,0,0,0,0,0,0,0,0,1400,2800,11977,800,1300,2800,11938,1000,1400,2800,11974,1200,1100,2800,11967,1000,0.000000,0.000000,0.000000,0.000000,0.000000,0.000000,0.000000,0.000000,0.000000,0.000000,29.121168,1.312911,32,1,1,1,1,1,0,1,0,1,0,0,0,0,0,1,0,0,0,0,0,0,0,0,0.000000,0.000000,0.000000,0.000000,0,1,13,65535,1,0,1,13,6,0,1785970023,400000000,3,3,16,7,8,7,3,6,18,104,1,1785970023,697692871,0,0.000000,0.000000,0.000000,0.000000,0.000000,0.000000,0,0,0,0,0,4,1785970023,400000000,0.022500,-0.120000,0.055000,0.000000,0.000000,0.000000,1,1785970023,400000000,-1957,580,-1637,0,0,0,1,1785970023,600000000,987.997864,-1016.681641,963.995667,-1032.991333,15,1785970023,600000000,35,1,0,0,0,0,0,0,0,0,0,0,0,0,1785970023,600000000,3,18,5,7,0,0,0,0,0,0,0,0,0,0,0,0,1,1785970023,600000000,-3485,-5300,1784,-3285,-3844,34,8738,536,-1179,100,1,5,1,0,0,-3,0.000000,0.000000,-0.000000,-31,-1,0,0,0,1,0,0,0,6,1785970023,600000000,0.050000,-0.117500,-0.017500,0.000000,0.000000,0.000000,0.000000,0.000000,0.000000,0.000000,0.000000,0.000000,1
1,0,3,237,237,15,240,4,4,2,1785970100,0,1,0,0,1785970037,1785957740,1,34464,-4,5,59,3,15705,181454,0,0,0,0,01,0,248,251,0,0,0,0,0,2,330,1785970038,662189,2,0,223,215,-120,-3507,189359,6478,46416518,107510,4,0,158323,143,173,257,255,2315780096,12416,4143972884,2049825422,6912,8984,-9216,-32768,65,0,4864,285279488,42,49,3,45,18,160,-20,0,-12,9,4,6,9,0,0,0,0,32604,32589,259,32597,274,0,0,0,0,1,1,0,1,1,1,0,1,0,0,0,1,1,377,375,256,4,662196,512,4,0,1,0,0,0,0,0,0,0,0,0,0,0,0,0,32596,-121,166,32598,0,0,7,2,2,1,4,6,0,0,1,1,1,1,1,1,0,0,1,0,0,0,0,0,592511,0,5993,5,5,376,210,3,3,392,58,241,106,59,1,0,-1,-2,3377,12044,3375,5020,3390,5023,168,3390,0,3277,32601,395,1,1,1,1,1,1,1,1,1,0,1,0,1,3,662189,768,4,6,0,0,0,0,0,0,0,0,7,2,2,4,0,0,0,0,1,1,1,1,0,0,0,0,0,0,0,0,0,2131364096,0,1359085568,5,5,4,-9,-1,0,1,-1,-3,2,-4,0,364,0,0,0,0,363,0,0,3280,32618,370,0,0,0,0,0,0,0,0,0,0,0,0,1,3,662192,768,4,0,0,0,1,0,0,0,0,0,7,2,2,4,0,0,0,0,1,1,1,1,0,0,0,0,0,0,0,0,0,2148141312,0,1359085568,5,5,538,531,539,539,538,541,4240,4258,4276,4293,4248,4283,32593,3279,412,405,407,2,4354,4354,4354,4354,4354,4354,2281,2260,2304,2313,2285,2317,1,1,1,159,159,159,159,159,159,1,4,662192,0,22,49,7,1,1,3,3,3,4,0,1,1,1,1,1,1,1,0,0,592511,1,1,0,32619,13,12,12,11,3,5,1,1,0,32600,12,12,13,13,3,5,600,2605,3297,3298,4996,11950,498,0,80,205,235,310,45,85,680,1825,0,0,0,0,0,0,0,-1100,1000,3283,-1260,-850,0,1,0,0,0,0,0,0,0,200,1500,3267,500,500,0,3,0,0,0,0,0,0,0,0,0,3000,800,3254,2300,0,0,0,0,0,0,0,0,0,0,0,0,0,0,0,0,0,0,0,0,1400,2800,11970,1100,1300,2800,11925,1100,1500,2800,12000,1200,1100,2800,11954,800,0.000000,0.000000,0.000000,0.000000,0.000000,0.000000,0.000000,0.000000,0.000000,0.000000,28.791496,1.282442,32,1,1,1,1,1,0,1,0,1,0,0,0,0,0,1,0,0,0,0,0,0,0,0,0.000000,0.000000,0.000000,0.000000,0,1,13,65535,1,0,1,13,6,0,1785970031,800000000,3,3,16,7,8,7,3,6,18,104,1,1785970031,990539550,0,0.000000,0.000000,0.000000,0.000000,0.000000,0.000000,0,0,0,0,0,4,1785970031,800000000,0.027500,-0.117500,0.052500,0.000000,0.000000,0.000000,1,1785970031,800000000,-1924,629,-1613,0,0,0,1,1785970031,800000000,989.239136,-1014.151917,964.712097,-1031.433838,15,1785970031,800000000,35,1,0,0,0,0,0,0,0,0,0,0,0,0,1785970031,800000000,-1,18,5,7,0,0,0,0,0,0,0,0,0,0,0,0,1,1785970031,800000000,-3485,-5248,1764,-3278,-3810,34,8755,536,-1179,100,1,5,0,0,0,-4,0.000000,0.000000,-0.000000,-31,1,0,0,0,1,0,0,0,6,1785970031,800000000,0.052500,-0.117500,-0.027500,0.000000,0.000000,0.000000,0.000000,0.000000,0.000000,0.000000,0.000000,0.000000,1
1,0,3,237,237,0,240,6,132,0,1785970100,0,1,0,0,1785970037,1785957740,1,34464,-4,5,59,3,88,181468,0,0,0,0,01,0,249,252,0,0,0,0,0,2,330,1785970047,662198,2,0,224,206,-119,-5405,189359,6478,46416518,107510,4,0,158323,143,173,257,255,2299002880,12416,4143972884,2049825422,6912,8984,-9216,-31488,67,0,4352,251725056,42,49,0,45,21,660,-20,64,-12,6,7,9,9,0,0,0,0,32573,32513,259,32536,274,0,0,0,0,1,1,0,1,1,1,0,1,0,0,0,1,1,377,376,256,4,662213,512,4,0,1,0,0,0,0,0,0,0,0,0,0,0,0,0,32535,-122,-95,32551,0,0,7,2,2,1,4,6,0,0,1,1,1,1,1,1,0,0,1,0,0,0,0,0,592494,0,5993,5,5,658,753,3,3,386,52,307,106,59,1,0,-4,1,3377,12044,3375,5020,3390,5008,153,3390,0,3277,32586,395,1,1,1,1,1,1,1,1,1,0,1,0,1,3,662197,768,4,6,0,0,0,0,0,0,0,0,7,2,2,4,0,0,0,0,1,1,1,1,0,0,0,0,0,0,0,0,0,1997146368,0,1359085568,5,5,4,-9,-1,0,-2,2,-3,2,-4,0,364,0,0,0,0,363,0,0,3280,32603,372,0,0,0,0,0,0,0,0,0,0,0,0,1,3,662201,768,4,0,0,0,1,0,0,0,0,0,7,2,2,4,0,0,0,0,1,1,1,1,0,0,0,0,0,0,0,0,0,1997146368,0,1359085568,5,5,538,530,539,538,538,541,4018,3995,3959,4016,4000,4019,32624,3279,415,405,407,2,4032,4032,4032,4032,4032,4032,2161,2117,2133,2160,2152,2174,1,1,1,151,151,151,151,151,151,1,4,662200,0,22,49,7,1,1,3,3,3,4,0,1,1,1,1,1,1,1,0,0,592503,1,1,0,32619,12,12,12,11,3,5,1,1,0,32600,12,12,13,13,3,5,700,2600,3304,3302,5000,11925,498,0,80,205,235,310,45,85,680,1820,0,0,0,0,0,0,0,-1100,1000,3268,-1252,-850,0,1,0,0,0,0,0,0,0,200,1500,3278,500,500,0,3,0,0,0,0,0,0,0,0,0,3100,800,3269,600,0,0,0,0,0,0,0,0,0,0,0,0,0,0,0,0,0,0,0,0,1400,2800,11978,900,1200,2800,11931,900,1400,2800,11958,1200,1000,2800,11912,1000,0.000000,0.000000,0.000000,0.000000,0.000000,0.000000,0.000000,0.000000,0.000000,0.000000,28.901388,1.284708,32,1,1,1,1,1,0,1,0,1,0,0,0,0,0,1,0,0,0,0,0,0,0,0,0.000000,0.000000,0.000000,0.000000,0,1,13,65535,1,0,1,13,6,0,1785970040,600000000,3,3,16,7,8,6,3,6,18,104,1,1785970040,731628417,0,0.000000,0.000000,0.000000,0.000000,0.000000,0.000000,0,0,0,0,0,4,1785970040,600000000,0.020000,-0.120000,0.055000,0.000000,0.000000,0.000000,1,1785970040,600000000,-1914,669,-1625,0,0,0,1,1785970040,600000000,990.466003,-1013.398315,963.870972,-1030.126343,15,1785970040,600000000,35,1,0,0,0,0,0,0,0,0,0,0,0,0,1785970040,600000000,-1,19,5,7,0,0,0,0,0,0,0,0,0,0,0,0,1,1785970040,600000000,-3486,-5193,1744,-3272,-3773,34,8773,536,-1179,99,2,5,1,0,0,-3,0.000000,0.000000,0.000000,-32,1,0,0,0,1,0,0,0,6,1785970040,600000000,0.055000,-0.120000,-0.020000,0.000000,0.000000,0.000000,0.000000,0.000000,0.000000,0.000000,0.000000,0.000000,1
1,0,3,237,237,0,240,6,132,0,1785970100,0,1,0,0,1785970037,1785957740,1,34464,-3,5,59,3,88,181468,0,0,0,0,01,0,250,253,0,0,0,0,0,2,330,1785970057,662208,2,0,225,205,-119,800,189359,6478,46416518,107510,4,0,158323,143,173,257,255,2282225664,12416,4143972884,2049825422,6912,8984,-9216,32256,64,0,4096,251725056,42,49,6,45,18,675,-20,33,-12,9,7,6,9,0,0,0,0,32588,32543,259,32582,274,0,0,0,0,1,1,0,1,1,1,0,1,0,0,0,1,1,377,377,256,4,662221,512,4,0,1,0,0,0,0,0,0,0,0,0,0,0,0,0,32550,-121,87,32580,0,0,7,2,2,1,4,6,0,0,1,1,1,1,1,1,0,0,1,0,0,0,0,0,592486,0,5992,5,5,836,749,3,3,395,52,250,112,80,116,1277,-10,-2,3377,12044,3375,5020,3390,5023,11955,920,0,3277,32571,397,1,1,1,1,1,1,1,1,1,1,0,0,1,3,662214,768,4,6,0,0,0,0,0,0,0,0,7,2,2,4,0,0,0,0,1,1,1,1,0,0,0,0,0,0,0,0,0,1711933696,0,1359085568,5,5,4,27,-1,0,-2,-1,6,2,-4,0,17955,0,0,0,0,17955,0,0,3282,32588,372,1,0,0,0,1,0,0,0,0,1,0,0,1,3,662217,768,4,0,0,0,1,0,0,0,0,0,7,2,2,4,0,0,0,0,1,1,1,1,0,0,0,0,0,0,0,0,0,1728710912,0,1359085568,5,5,522,511,521,513,525,516,9838,9885,9849,9916,9905,9952,32593,3279,415,408,410,2,9731,9731,9731,9731,9731,9731,5135,5051,5131,5086,5200,5135,1,1,1,359,359,359,359,359,359,1,4,662216,0,22,49,7,1,1,3,3,3,4,0,1,1,1,1,1,1,1,0,0,592487,1,1,0,32592,12,12,12,11,3,5,1,1,0,32600,12,12,13,13,3,5,600,2760,3293,3289,4957,11962,498,0,80,205,235,310,45,85,675,1825,0,0,0,0,0,0,0,-1000,1000,3276,-1236,-850,0,1,0,0,0,0,0,0,0,200,1700,3269,1400,1400,0,3,0,0,0,0,0,0,0,0,0,3200,700,3256,600,0,0,0,0,0,0,0,0,0,0,0,0,0,0,0,0,0,0,0,0,1500,2800,11972,1200,1200,2800,11941,1100,1400,2800,11952,800,1100,2800,11957,1200,0.000000,0.000000,117.034134,97.706032,0.000000,0.000000,119.781410,25.211344,107.473602,10.059086,0.000000,0.000000,26,1,1,1,1,1,0,1,0,1,0,0,0,0,0,1,0,0,0,0,0,0,0,0,0.000000,0.000000,0.000000,0.000000,0,1,19,65535,1,0,1,13,6,0,1785970056,601000000,3,3,37,9,3,7,4,6,7,103,1,1785970056,742828369,0,0.000000,0.000000,0.000000,0.000000,0.000000,0.000000,0,0,0,0,0,4,1785970056,601000000,2.297500,0.397500,0.285000,0.000000,0.000000,0.000000,1,1785970056,601000000,-1848,-275,-1698,0,0,0,1,1785970056,601000000,2411.585938,-1368.098145,-1098.807861,-1314.628418,15,1785970056,601000000,18,1,0,0,0,0,0,0,0,0,0,0,0,0,1785970056,601000000,-923,-121,5,7,0,0,0,0,0,0,0,0,0,0,0,0,1,1785970056,601000000,-2965,-4120,-2828,-1457,-3913,-3098,8654,537,-1170,93,21,56,-228,23,51,-231,0.000012,0.000013,0.000004,42,-80,9,0,0,1,0,0,0,6,1785970056,601000000,0.285000,0.397500,-2.297500,0.000000,0.000000,0.000000,0.000000,0.000000,0.000000,0.000000,0.000000,0.000000,1
1,0,3,237,237,0,240,6,132,0,1785970100,0,1,0,0,1785970037,1785957740,1,34464,-3,5,59,3,117,181472,0,0,0,0,01,0,251,254,0,0,0,0,0,2,330,1785970067,662218,2,0,225,205,-121,3122,189359,6478,46416518,107510,4,0,158323,143,173,257,255,2315780096,12416,4143972884,2049825422,6912,8984,-9216,-32768,65,0,4864,285279488,42,49,9,48,18,682,-20,692,-12,6,4,6,9,0,0,0,0,32511,32436,259,32460,274,0,0,0,0,1,1,0,1,1,1,0,1,0,0,0,1,1,380,377,256,4,662229,512,4,0,1,0,0,0,0,0,0,0,0,0,0,0,0,0,32459,-122,-412,32494,0,0,7,2,2,1,4,6,0,0,1,1,1,1,1,1,0,0,1,0,0,0,0,0,592478,0,5993,5,5,1006,1418,3,3,395,49,241,109,71,110,1283,-10,-2,3361,12044,3375,5020,3390,5023,11955,920,0,3277,32464,397,1,1,1,1,1,1,1,1,1,1,0,0,1,3,662222,768,4,6,0,0,0,0,0,0,0,0,7,2,2,4,0,0,0,0,1,1,1,1,0,0,0,0,0,0,0,0,0,1577715968,0,1359085568,5,5,4,617,-1,0,-2,-1,579,-1,-4,0,17924,0,0,0,0,17925,0,0,3278,32466,372,1,0,0,0,1,0,0,0,0,1,0,0,1,3,662225,768,4,0,0,0,1,0,0,0,0,0,7,2,2,4,0,0,0,0,1,1,1,1,0,0,0,0,0,0,0,0,0,1594493184,0,1359085568,5,5,515,505,510,499,519,517,12041,12139,12043,12215,12153,12128,32532,3279,420,410,414,2,12043,12043,12043,12043,12043,12043,6201,6130,6141,6095,6307,6270,1,1,1,445,445,445,445,445,445,1,4,662225,0,22,49,7,1,1,3,3,3,4,0,1,1,1,1,1,1,1,0,0,592478,1,1,0,32525,13,12,12,11,3,5,1,1,0,32533,12,12,13,13,3,5,600,2605,3295,3293,4992,11962,498,0,85,205,235,315,45,85,680,1825,0,0,0,0,0,0,0,-1100,1000,3276,-1227,-850,0,1,0,0,0,0,0,0,0,200,1500,3267,500,500,0,3,0,0,0,0,0,0,0,0,0,3100,800,3254,2300,0,0,0,0,0,0,0,0,0,0,0,0,0,0,0,0,0,0,0,0,1500,2800,11983,1000,1200,2800,11917,1100,1400,2800,11984,300,1100,2800,11948,1100,0.000000,0.000000,116.814354,67.436195,0.000000,0.000000,119.891304,32.303383,92.528389,6.289238,0.000000,0.000000,26,1,1,1,1,1,0,1,0,1,0,0,0,0,0,1,0,0,0,0,0,0,0,0,0.000000,0.000000,0.000000,0.000000,0,1,19,65535,1,0,1,13,6,0,1785970064,800000000,3,3,45,9,3,9,5,6,5,103,1,1785970065,47943115,0,0.000000,0.000000,0.000000,0.000000,0.000000,0.000000,0,0,0,0,0,4,1785970064,800000000,1.310000,0.150000,0.182500,0.000000,0.000000,0.000000,1,1785970064,800000000,-1662,-614,-1749,0,0,0,1,1785970064,800000000,1759.277588,-1184.648682,-157.725266,-1218.525879,15,1785970064,800000000,35,1,0,0,0,0,0,0,0,0,0,0,0,0,1785970064,800000000,-1325,32,5,7,0,0,0,0,0,0,0,0,0,0,0,0,1,1785970064,800000000,-2650,-3883,-4363,-771,-3830,-4148,8333,534,-1169,94,9,31,-129,13,27,-132,0.000007,0.000008,0.000002,16,60,4,0,0,1,0,0,0,6,1785970064,800000000,0.182500,0.150000,-1.310000,0.000000,0.000000,0.000000,0.000000,0.000000,0.000000,0.000000,0.000000,0.000000,1
1,0,3,237,237,0,240,6,132,0,1785970100,0,1,0,0,1785970037,1785957740,1,34464,-3,5,59,3,117,181472,0,0,0,0,01,0,252,255,0,0,0,0,0,2,330,1785970077,662228,2,0,225,205,-119,-5580,189359,6478,46416518,107510,4,0,158323,143,173,257,255,2299002880,12416,4143972884,2049825422,6912,8984,-9216,32512,64,0,4096,251725056,42,49,6,48,18,651,-20,631,-9,6,4,6,9,0,0,0,0,32511,32436,259,32460,274,0,0,0,0,1,1,0,1,1,1,0,1,0,0,0,1,1,380,378,256,4,662238,512,4,0,1,0,0,0,0,0,0,0,0,0,0,0,0,0,32459,-121,-368,32492,0,0,7,2,2,1,4,6,0,0,1,1,1,1,1,1,0,0,1,0,0,0,0,0,592469,0,5992,5,5,957,1325,3,3,383,58,268,106,71,1,1283,-13,-2,3361,12044,3375,5020,3390,5008,11955,920,0,3279,32464,397,1,1,1,1,1,1,1,1,1,1,0,0,1,3,662230,768,4,6,0,0,0,0,0,0,0,0,7,2,2,4,0,0,0,0,1,1,1,1,0,0,0,0,0,0,0,0,0,1443498240,0,1359085568,5,5,4,566,-1,3,-2,-4,522,2,-4,0,17939,0,0,0,0,17940,0,0,3280,32482,375,1,0,0,0,1,0,0,0,0,1,0,0,1,3,662234,768,4,0,0,0,1,0,0,0,0,0,7,2,2,4,0,0,0,0,1,1,1,1,0,0,0,0,0,0,0,0,0,1443498240,0,1359085568,5,5,509,500,77,24,505,511,16503,16466,14885,14971,16499,16564,32532,3275,422,413,416,2,16532,16532,14919,14919,16532,16532,8400,8233,1146,359,8331,8464,1,1,1,615,615,555,555,615,615,1,4,662233,0,22,49,7,1,1,3,3,3,4,0,1,1,1,1,1,1,1,0,0,592470,1,1,0,32525,12,12,12,11,3,5,1,1,0,32533,12,12,13,13,3,5,700,2715,3288,3285,4884,11975,498,0,80,205,235,310,45,85,680,1825,0,0,0,0,0,0,0,-1000,1000,3281,-1218,-850,0,1,0,0,0,0,0,0,0,200,1500,3265,500,500,0,3,0,0,0,0,0,0,0,0,0,3200,800,3258,600,0,0,0,0,0,0,0,0,0,0,0,0,0,0,0,0,0,0,0,0,1500,2800,11940,1100,1300,2800,11853,1100,1400,2800,11982,1100,1100,2800,11944,1100,0.000000,0.000000,116.374786,31.055708,0.000000,0.000000,119.341843,20.211962,48.681801,2.500026,0.000000,0.000000,26,1,1,1,1,1,0,1,0,1,0,0,0,0,0,1,0,0,0,0,0,0,0,0,0.000000,0.000000,0.000000,0.000000,0,1,19,65535,1,0,1,13,6,0,1785970073,200000000,3,3,47,9,3,9,7,6,5,102,1,1785970073,356994628,0,0.000000,0.000000,0.000000,0.000000,0.000000,0.000000,0,0,0,0,0,4,1785970073,200000000,0.717500,-0.010000,0.117500,0.000000,0.000000,0.000000,1,1785970073,200000000,-1570,-753,-1784,0,0,0,1,1785970073,200000000,1389.614136,-1066.905884,385.660522,-1156.546753,15,1785970073,200000000,35,1,0,0,0,0,0,0,0,0,0,0,0,0,1785970073,200000000,-1476,146,5,7,0,0,0,0,0,0,0,0,0,0,0,0,1,1785970073,200000000,-2467,-3784,-5210,-391,-3754,-4717,8088,531,-1171,95,2,14,-70,6,11,-73,0.000004,0.000004,0.000001,9,66,4,0,0,1,0,0,0,6,1785970073,200000000,0.117500,-0.010000,-0.717500,0.000000,0.000000,0.000000,0.000000,0.000000,0.000000,0.000000,0.000000,0.000000,1
1,0,3,237,237,0,240,6,132,0,1785970100,0,1,0,0,1785970037,1785957740,1,34464,-2,5,58,3,2838,181590,0,0,0,0,01,0,252,255,0,0,0,0,0,2,330,1785970087,662238,2,0,226,205,-111,-562,189359,6478,46416518,107510,4,0,158323,143,173,257,255,2299002880,12416,4143972884,2049825422,6912,8984,-9216,-32768,65,0,4352,251725056,42,49,6,48,18,660,-20,613,-9,6,4,3,9,0,0,0,0,32450,32375,259,32398,274,0,0,0,0,1,1,0,1,1,1,0,1,0,0,0,1,1,382,379,256,4,662246,512,4,0,1,0,0,0,0,0,0,0,0,0,0,0,0,0,32397,-121,-697,32432,0,0,7,2,2,1,4,6,0,0,1,1,1,1,1,1,0,0,1,0,0,0,0,0,592461,0,5992,5,5,619,1316,3,3,386,55,268,106,71,-2,1286,-10,-2,3361,12044,3375,5020,3390,5023,11955,920,0,3277,32388,400,1,1,1,1,1,1,1,1,1,1,0,0,1,3,662238,768,4,6,0,0,0,0,0,0,0,0,7,2,2,4,0,0,0,0,1,1,1,1,0,0,0,0,0,0,0,0,0,1309280512,0,1392640000,5,5,4,548,-1,0,-2,2,507,2,-1,0,17939,0,0,0,0,17940,0,0,3278,32406,375,1,0,0,0,1,0,0,0,0,1,0,0,1,3,662242,768,4,0,0,0,1,0,0,0,0,0,7,2,2,4,0,0,0,0,1,1,1,1,0,0,0,0,0,0,0,0,0,1309280512,0,1359085568,5,5,396,180,59,14,74,396,20965,19895,14871,14985,19961,21055,32470,3279,422,415,417,2,20994,19919,14919,14919,19919,20994,8302,3581,877,209,1477,8337,1,1,1,775,741,555,555,741,775,1,4,662241,0,22,49,7,1,1,3,3,3,4,0,1,1,1,1,1,1,1,0,0,592462,1,1,0,32457,12,12,12,11,3,5,1,1,0,32465,12,12,13,13,3,5,600,2600,3302,3298,4996,11937,498,0,80,205,235,310,45,85,680,1825,0,0,0,0,0,0,0,-1000,1100,3283,-1209,-850,0,1,0,0,0,0,0,0,0,200,1500,3274,500,500,0,3,0,0,0,0,0,0,0,0,0,3200,800,3267,600,0,0,0,0,0,0,0,0,0,0,0,0,0,0,0,0,0,0,0,0,1400,2800,11952,1000,1200,2800,11928,1200,1500,2800,11987,900,1100,2800,11943,1000,0.000000,0.000000,114.616524,16.540356,0.000000,0.000000,104.286751,8.084516,0.000000,0.000000,0.000000,0.000000,10,1,1,1,1,1,0,1,0,1,0,0,0,0,0,1,0,0,0,0,0,0,0,0,0.000000,0.000000,0.000000,0.000000,0,1,19,65535,1,0,1,13,6,0,1785970081,400000000,3,3,48,9,3,8,6,6,4,102,1,1785970081,661224365,0,0.000000,0.000000,0.000000,0.000000,0.000000,0.000000,0,0,0,0,0,4,1785970081,400000000,0.390000,-0.090000,0.097500,0.000000,0.000000,0.000000,1,1785970081,400000000,-1519,-823,-1759,0,0,0,1,1785970081,400000000,1177.976929,-1005.913330,695.741089,-1119.981079,15,1785970081,400000000,35,1,0,0,0,0,0,0,0,0,0,0,0,0,1785970081,400000000,-1521,217,5,7,0,0,0,0,0,0,0,0,0,0,0,0,1,1785970081,400000000,-2385,-3739,-5658,-204,-3709,-5015,7935,528,-1173,98,0,6,-37,4,3,-40,0.000002,0.000002,0.000000,-2,63,2,0,0,1,0,0,0,6,1785970081,400000000,0.097500,-0.090000,-0.390000,0.000000,0.000000,0.000000,0.000000,0.000000,0.000000,0.000000,0.000000,0.000000,1
1,0,3,237,237,0,240,6,132,0,1785970100,0,1,0,0,1785970037,1785957740,1,34464,-1,4,58,3,13551,181860,0,0,0,0,01,0,253,256,0,0,0,0,0,2,330,1785970097,662248,2,0,226,205,-115,-5383,189359,6478,46416518,107510,4,0,158323,143,173,257,255,2299002880,12416,4143972884,2049825422,6912,8984,-9216,-32768,65,0,4352,251725056,42,49,6,45,18,660,-20,1244,-12,6,7,6,6,0,0,0,0,32204,32146,229,32138,274,0,0,0,0,1,1,0,1,1,1,0,1,0,0,0,1,1,385,381,256,4,662263,512,4,0,1,0,0,0,0,0,0,0,0,0,0,0,0,0,32153,-121,-1753,32205,0,0,7,2,2,1,4,6,0,0,1,1,1,1,1,1,0,0,1,0,0,0,0,0,592444,0,5992,5,5,194,1947,3,3,386,58,280,109,71,-2,1295,-10,-2,3377,12044,3390,5020,3390,5023,11955,920,0,3277,32159,402,1,1,1,1,1,1,1,1,1,1,0,0,1,3,662255,768,4,6,0,0,0,0,0,0,0,0,7,2,2,4,0,0,0,0,1,1,1,1,0,0,0,0,0,0,0,0,0,1024067840,0,1359085568,5,5,4,1078,-1,0,-2,-1,1062,2,-4,0,17909,0,0,0,0,17910,0,0,3282,32162,380,1,0,0,0,1,0,0,0,0,1,0,0,1,3,662259,768,4,0,0,0,1,0,0,0,0,0,7,2,2,4,0,0,0,0,1,1,1,1,0,0,0,0,0,0,0,0,0,1024067840,0,1359085568,5,5,81,160,41,14,28,82,22351,19909,14871,14943,19961,22455,32224,3279,420,412,413,2,22392,19919,14919,14919,19919,22392,1810,3185,609,209,558,1841,1,1,1,833,741,555,555,741,833,1,4,662258,0,22,49,7,1,1,3,3,3,4,0,1,1,1,1,1,1,1,0,0,592445,1,1,0,32255,12,12,12,11,3,5,1,1,0,32262,12,12,13,13,3,5,600,2610,3286,3285,4992,11987,498,0,80,205,235,310,50,85,680,1825,0,0,0,0,0,0,0,-900,1000,3279,-1191,-850,0,1,0,0,0,0,0,0,0,200,1600,3252,1500,1500,0,3,0,0,0,0,0,0,0,0,0,3100,700,3239,2400,1300,0,0,0,0,0,0,0,0,0,0,0,0,0,0,0,0,0,0,0,1500,2800,11944,900,1300,2800,11941,800,1400,2800,11974,1200,1100,2800,11917,1100,0.000000,0.000000,66.374290,3.682501,29.011280,1.286643,0.000000,0.000000,0.000000,0.000000,49.451042,2.527498,38,1,1,1,1,1,0,1,0,1,0,0,0,0,0,1,0,0,0,0,0,0,0,0,0.000000,0.000000,0.000000,0.000000,0,1,19,65535,1,0,1,13,6,0,1785970098,0,3,3,46,9,3,9,5,6,4,103,1,1785970098,175292968,0,0.000000,0.000000,0.000000,0.000000,0.000000,0.000000,0,0,0,0,0,4,1785970098,0,0.142500,-0.162500,0.082500,0.000000,0.000000,0.000000,1,1785970098,0,-1503,-862,-1737,0,0,0,1,1785970098,0,1034.164551,-961.287231,920.166199,-1084.740601,15,1785970098,0,18,1,0,0,0,0,0,0,0,0,0,0,0,0,1785970098,0,-1484,275,5,7,0,0,0,0,0,0,0,0,0,0,0,0,1,1785970089,800000000,-2357,-3713,-5912,-113,-3685,-5186,7838,526,-1176,100,-1,1,-20,4,-2,-23,0.000001,0.000001,0.000000,-13,55,-1,0,0,1,0,0,0,6,1785970089,800000000,0.092500,-0.142500,-0.217500,0.000000,0.000000,0.000000,0.000000,0.000000,0.000000,0.000000,0.000000,0.000000,1
1,0,3,237,237,0,240,6,132,0,1785970100,0,1,0,0,1785970098,1785957740,1,34464,-1,4,58,3,13684,181864,0,0,0,0,01,0,254,257,0,0,3,0,0,2,330,1785970108,662259,2,0,226,206,-119,-4913,189359,6478,46416518,107510,4,0,158323,143,173,257,255,2299002880,12416,4143972884,2049825422,6912,8984,-9216,32512,64,0,4864,285279488,45,49,6,45,18,663,-20,1375,-9,6,4,6,9,0,0,0,0,32174,32101,259,31985,259,0,0,0,0,1,1,0,1,1,1,0,1,0,0,0,1,1,385,382,256,4,662271,512,4,0,1,0,0,0,0,0,0,0,0,0,0,0,0,0,32107,-121,-1914,32161,0,0,7,2,2,1,4,6,0,0,1,1,1,1,1,1,0,0,1,0,0,0,0,0,592436,0,5993,5,5,168,2082,3,3,386,55,268,106,89,1,1295,-10,-2,3361,12044,3375,5020,3390,5023,11955,920,0,3277,32113,402,1,1,1,1,1,1,1,1,1,1,0,0,1,3,662263,768,4,6,0,0,0,0,0,0,0,0,7,2,2,4,0,0,0,0,1,1,1,1,0,0,0,0,0,0,0,0,0,889850112,0,1359085568,5,5,4,1182,2,3,-2,-1,1182,2,-4,0,17909,0,0,0,0,17895,0,0,3282,32117,382,1,0,0,0,1,0,0,0,0,1,0,0,1,3,662267,768,4,0,0,0,1,0,0,0,0,0,7,2,2,4,0,0,0,0,1,1,1,1,0,0,0,0,0,0,0,0,0,889850112,0,1359085568,5,5,66,154,36,14,18,75,22365,19909,14885,14930,19947,22455,32193,3279,417,410,410,2,22392,19919,14919,14919,19919,22392,1476,3065,535,209,359,1684,1,1,1,833,741,555,555,741,833,1,4,662266,0,22,49,7,1,1,3,3,3,4,0,1,1,1,1,1,1,1,0,0,592437,1,1,0,32228,12,12,12,11,3,5,1,1,0,32235,12,12,13,13,3,5,600,2600,3297,3298,4992,11937,498,0,80,205,235,310,45,85,680,1825,0,0,0,0,0,0,0,-1000,1000,3279,-1181,-850,0,1,0,0,0,0,0,0,0,200,1500,3274,500,500,0,3,0,0,0,0,0,0,0,0,0,3200,800,3263,600,0,0,0,0,0,0,0,0,0,0,0,0,0,0,0,0,0,0,0,0,1400,2800,11986,1000,1300,2800,11907,1000,1400,2800,11992,1200,1000,2800,11892,1100,0.000000,0.000000,27.472801,1.260858,50.000500,2.569142,0.000000,0.000000,0.000000,0.000000,49.451042,2.554104,38,1,1,1,1,1,0,1,0,1,0,0,0,0,0,1,0,0,0,0,0,0,0,0,0.000000,0.000000,0.000000,0.000000,0,1,19,65535,1,0,1,13,6,0,1785970106,200000000,3,3,45,9,3,8,5,6,4,103,1,1785970106,417083740,0,0.000000,0.000000,0.000000,0.000000,0.000000,0.000000,0,0,0,0,0,4,1785970106,200000000,0.112500,-0.172500,0.090000,0.000000,0.000000,0.000000,1,1785970106,200000000,-1524,-863,-1734,0,0,0,1,1785970106,200000000,1013.390991,-957.867432,953.493042,-1076.575684,15,1785970106,200000000,35,1,0,0,0,0,0,0,0,0,0,0,0,0,1785970106,200000000,-1443,278,5,7,0,0,0,0,0,0,0,0,0,0,0,0,1,1785970106,200000000,-2373,-3689,-6165,-55,-3675,-5360,7725,524,-1181,104,-1,-3,-10,4,-5,-12,0.000000,0.000001,-0.000000,-15,34,-2,0,0,1,0,0,0,6,1785970106,200000000,0.090000,-0.172500,-0.112500,0.000000,0.000000,0.000000,0.000000,0.000000,0.000000,0.000000,0.000000,0.000000,1
1,0,3,237,237,0,240,6,132,0,1785970100,0,1,0,0,1785970098,1785957740,1,35900,-1,4,58,3,13932,181882,0,0,0,0,01,0,255,258,0,0,0,0,0,2,330,1785970117,662268,2,0,226,206,-118,-2315,189359,6478,46416518,107510,4,0,158323,143,173,257,255,2315780096,12416,4143972884,2049825422,6912,8984,-9216,-32768,65,0,3840,234947840,45,49,3,45,18,657,-20,1378,-6,6,7,6,9,0,0,0,0,32143,32055,259,32062,274,0,0,0,0,1,1,0,1,1,1,0,1,0,0,0,1,1,385,383,256,4,662279,512,4,0,1,0,0,0,0,0,0,0,0,0,0,0,0,0,32092,-122,-1932,32135,0,0,7,2,2,1,4,6,0,0,1,1,1,1,1,1,0,0,1,0,0,0,0,0,592428,0,5992,5,5,151,2083,3,3,398,58,241,112,89,-2,1298,-10,-2,3377,12044,3375,5020,3390,5023,11955,920,0,3275,32083,405,1,1,1,1,1,1,1,1,1,1,0,0,1,3,662272,768,4,6,0,0,0,0,0,0,0,0,7,2,2,4,0,0,0,0,1,1,1,1,0,0,0,0,0,0,0,0,0,738855168,0,1359085568,5,5,4,1185,-1,0,-2,2,1182,2,-4,0,17909,0,0,0,0,17910,0,0,3280,32071,382,1,0,0,0,1,0,0,0,0,1,0,0,1,3,662275,768,4,0,0,0,1,0,0,0,0,0,7,2,2,4,0,0,0,0,1,1,1,1,0,0,0,0,0,0,0,0,0,755632384,0,1359085568,5,5,54,150,31,14,13,71,22365,19895,14885,14902,19961,22455,32131,3275,415,408,409,2,22392,19919,14919,14919,19919,22392,1207,2984,461,208,259,1594,1,1,1,833,741,555,555,741,833,1,4,662274,0,22,49,7,1,1,3,3,3,4,0,1,1,1,1,1,1,1,0,0,592429,1,1,0,32188,13,12,12,11,3,5,1,1,0,32195,12,12,13,13,3,5,600,2605,3297,3298,4992,11937,498,0,80,205,235,315,45,85,680,1825,0,0,0,0,0,0,0,-1000,1100,3276,-1171,-850,0,1,0,0,0,0,0,0,0,200,1600,3274,500,500,0,3,0,0,0,0,0,0,0,0,0,3200,800,3260,600,0,0,0,0,0,0,0,0,0,0,0,0,0,0,0,0,0,0,0,0,1500,2800,11968,1000,1300,2800,11921,800,1400,2800,11993,1200,1100,2800,11955,1000,0.000000,0.000000,27.472801,1.259701,70.110588,3.836939,0.000000,0.000000,0.000000,0.000000,49.451042,2.539066,38,1,1,1,1,1,0,1,0,1,0,0,0,0,0,1,0,0,0,0,0,0,0,0,0.000000,0.000000,0.000000,0.000000,0,1,19,65535,1,0,1,13,6,0,1785970114,600000000,3,3,44,9,3,8,6,6,4,103,1,1785970114,781524658,0,0.000000,0.000000,0.000000,0.000000,0.000000,0.000000,0,0,0,0,0,4,1785970114,600000000,0.097500,-0.172500,0.082500,0.000000,0.000000,0.000000,1,1785970114,600000000,-1529,-869,-1688,0,0,0,1,1785970114,600000000,1003.469666,-955.706299,970.050537,-1071.179199,15,1785970114,600000000,35,1,0,0,0,0,0,0,0,0,0,0,0,0,1785970114,600000000,-1394,276,5,7,0,0,0,0,0,0,0,0,0,0,0,0,1,1785970114,600000000,-2395,-3683,-6248,-47,-3680,-5418,7682,524,-1183,106,-2,-3,-8,3,-5,-11,0.000000,0.000000,-0.000000,-16,26,-3,0,0,1,0,0,0,6,1785970114,600000000,0.082500,-0.172500,-0.097500,0.000000,0.000000,0.000000,0.000000,0.000000,0.000000,0.000000,0.000000,0.000000,1
1,0,3,237,237,0,240,6,132,0,1785970100,0,1,0,0,1785970098,1785957740,1,35900,0,4,58,3,13932,181882,0,0,0,0,01,0,255,259,0,0,0,0,0,2,330,1785970127,662278,2,0,227,206,-122,379,189359,6478,46416518,107510,4,0,158323,143,173,257,255,2315780096,12416,4143972884,2049825422,6912,8984,-9216,32000,63,0,4352,251725056,42,49,3,45,18,863,-20,1390,-12,6,4,6,6,0,0,0,0,32082,32009,275,32000,259,0,0,0,0,1,1,0,1,1,1,0,1,0,0,0,1,1,385,383,256,4,662287,512,4,0,1,0,0,0,0,0,0,0,0,0,0,0,0,0,32031,-121,-2154,32080,0,0,7,2,2,1,4,6,0,0,1,1,1,1,1,1,0,0,1,0,0,0,0,0,592420,0,5993,5,5,139,2293,3,3,401,58,238,109,71,-2,1797,-13,-2,3377,12044,3375,5020,3390,5023,11924,920,0,3275,32006,405,1,1,1,1,1,1,1,1,1,1,0,0,1,3,662280,768,4,6,0,0,0,0,0,0,0,0,7,2,2,4,0,0,0,0,1,1,1,1,0,0,0,0,0,0,0,0,0,604637440,0,1359085568,5,5,4,1191,2,3,-2,-1,1191,2,-4,0,17909,0,0,0,0,17910,0,0,3276,32011,387,1,0,0,0,1,0,0,0,0,1,0,0,1,3,662284,768,4,0,0,0,1,0,0,0,0,0,7,2,2,4,0,0,0,0,1,1,1,1,0,0,0,0,0,0,0,0,0,604637440,0,1359085568,5,5,44,146,28,13,12,69,22378,19923,14871,14874,19947,22469,32100,3279,415,406,407,2,22392,19919,14919,14919,19919,22392,984,2908,416,193,239,1550,1,1,1,833,741,555,555,741,833,1,4,662283,0,22,49,7,1,1,3,3,3,4,0,1,1,1,1,1,1,1,0,0,592420,1,1,0,32161,12,12,12,11,3,5,1,1,0,32141,12,12,13,13,3,5,600,2605,3291,3289,4992,11975,498,0,80,205,235,315,45,85,680,1825,0,0,0,0,0,0,0,-1000,1100,3274,-1159,-850,0,1,0,0,0,0,0,0,0,300,1600,3267,500,500,0,3,0,0,0,0,0,0,0,0,0,3200,800,3250,2300,0,0,0,0,0,0,0,0,0,0,0,0,0,0,0,0,0,0,0,0,1500,2800,11969,800,1300,2800,11941,1000,1400,2800,11989,1300,1200,2800,11931,1000,0.000000,0.000000,0.000000,0.000000,70.550156,3.853133,0.000000,0.000000,0.000000,0.000000,49.560932,2.552947,36,1,1,1,1,1,0,1,0,1,0,0,0,0,0,1,0,0,0,0,0,0,0,0,0.000000,0.000000,0.000000,0.000000,0,1,19,65535,1,0,1,13,6,0,1785970122,800000000,3,3,42,9,3,8,6,6,4,103,1,1785970123,100982666,0,0.000000,0.000000,0.000000,0.000000,0.000000,0.000000,0,0,0,0,0,4,1785970123,0,0.087500,-0.175000,0.082500,0.000000,0.000000,0.000000,1,1785970123,0,-1545,-867,-1667,0,0,0,1,1785970123,0,1000.558960,-955.969543,976.928467,-1065.781128,15,1785970123,0,35,1,0,0,0,0,0,0,0,0,0,0,0,0,1785970123,0,-1334,271,5,7,0,0,0,0,0,0,0,0,0,0,0,0,1,1785970123,0,-2422,-3680,-6318,-44,-3688,-5469,7642,523,-1185,107,-2,-3,-7,3,-6,-10,0.000000,0.000000,-0.000000,-18,3,-4,0,0,1,0,0,0,6,1785970123,0,0.082500,-0.175000,-0.087500,0.000000,0.000000,0.000000,0.000000,0.000000,0.000000,0.000000,0.000000,0.000000,1
1,0,3,237,237,0,240,6,132,0,1785970100,0,1,0,0,1785970098,1785957740,1,35900,0,4,58,3,13932,181882,0,0,0,0,01,0,256,259,0,0,0,0,0,2,330,1785970136,662287,2,0,227,206,-122,379,189359,6478,46416518,107510,4,0,158323,143,173,257,255,2315780096,12416,4143972884,2049825422,6912,8984,-9216,32512,64,0,4352,251725056,42,46,6,45,18,845,-20,1387,-12,6,4,6,6,0,0,0,0,32066,31994,259,31985,274,0,0,0,0,1,1,0,1,1,1,0,1,0,0,0,1,1,387,384,256,4,662296,512,4,0,1,0,0,0,0,0,0,0,0,0,0,0,0,0,32015,-121,-2145,32064,0,0,7,2,2,1,4,6,0,0,1,1,1,1,1,1,0,0,1,0,0,0,0,0,592411,0,5992,5,5,128,2273,3,3,383,55,268,106,71,1,1755,-13,-2,3361,12044,3375,5020,3390,5023,11924,920,0,3275,32006,407,1,1,1,1,1,1,1,1,1,1,0,0,1,3,662288,768,3,6,0,0,0,0,0,0,0,0,7,2,2,4,0,0,0,0,1,1,1,1,0,0,0,0,0,0,0,0,0,470419712,0,1359085568,5,5,4,1188,2,0,-2,2,1188,2,-4,0,17909,0,0,0,0,17895,0,0,3274,31995,387,1,0,0,0,1,0,0,0,0,1,0,0,1,3,662292,768,3,0,0,0,1,0,0,0,0,0,7,2,2,4,0,0,0,0,1,1,1,1,0,0,0,0,0,0,0,0,0,470419712,0,1359085568,5,5,35,143,25,14,12,66,22365,19895,14885,14902,19934,22455,32069,3271,412,405,405,2,22392,19919,14919,14919,19919,22392,782,2844,372,208,239,1482,1,1,1,833,741,555,555,741,833,1,4,662291,0,22,49,7,1,1,3,3,3,4,0,1,1,1,1,1,1,1,0,0,592412,1,1,0,32134,13,12,12,11,3,5,1,1,0,32141,13,12,13,13,3,5,600,2605,3297,3298,4992,11950,498,0,80,205,235,310,45,85,680,1825,0,0,0,0,0,0,0,-900,1100,3276,-1151,-850,0,1,0,0,0,0,0,0,0,200,1600,3274,500,500,0,3,0,0,0,0,0,0,0,0,0,3300,800,3265,600,0,0,0,0,0,0,0,0,0,0,0,0,0,0,0,0,0,0,0,0,1500,2800,11993,800,1300,2800,11916,1000,1400,2800,11975,1100,1100,2800,11950,1000,0.000000,0.000000,27.472801,1.258544,49.670826,2.570298,0.000000,0.000000,0.000000,0.000000,49.451042,2.535596,38,1,1,1,1,1,0,1,0,1,0,0,0,0,0,1,0,0,0,0,0,0,0,0,0.000000,0.000000,0.000000,0.000000,0,1,19,65535,1,0,1,13,6,0,1785970131,200000000,3,3,41,8,3,8,6,6,4,103,1,1785970131,392761230,0,0.000000,0.000000,0.000000,0.000000,0.000000,0.000000,0,0,0,0,0,4,1785970131,200000000,0.087500,-0.172500,0.085000,0.000000,0.000000,0.000000,1,1785970131,200000000,-1546,-859,-1643,0,0,0,1,1785970131,200000000,999.823364,-959.261169,976.555786,-1063.404541,15,1785970131,200000000,35,1,0,0,0,0,0,0,0,0,0,0,0,0,1785970131,200000000,-1288,260,5,7,0,0,0,0,0,0,0,0,0,0,0,0,1,1785970131,200000000,-2450,-3678,-6381,-45,-3698,-5515,7604,523,-1186,108,-2,-3,-7,3,-5,-10,0.000000,0.000000,-0.000000,-14,8,-3,0,0,1,0,0,0,6,1785970131,200000000,0.085000,-0.172500,-0.087500,0.000000,0.000000,0.000000,0.000000,0.000000,0.000000,0.000000,0.000000,0.000000,1
1,0,3,237,237,0,240,6,132,0,1785970100,0,1,0,0,1785970098,1785957740,1,35900,0,4,58,3,13932,181882,0,0,0,0,01,0,256,260,0,0,0,0,0,2,330,1785970146,662297,2,0,227,207,-120,-1289,189359,6478,46416518,107510,4,0,158323,143,173,257,255,2265448448,12416,4143972884,2049825422,6912,8984,-9216,-32768,65,0,4608,268502272,42,49,6,45,18,830,-20,1387,-6,6,4,6,9,0,0,0,0,32036,31978,275,31970,274,0,0,0,0,1,1,0,1,1,1,0,1,0,0,0,1,1,387,385,256,4,662304,512,4,0,1,0,0,0,0,0,0,0,0,0,0,0,0,0,31985,-121,-2137,32049,0,0,7,2,2,1,4,6,0,0,1,1,1,1,1,1,0,0,1,0,0,0,0,0,592403,0,5992,5,5,119,2256,3,3,389,55,241,109,83,-2,1722,-13,-2,3377,12044,3375,5020,3390,5023,11924,920,0,3275,31976,410,1,1,1,1,1,1,1,1,1,1,0,0,1,3,662297,768,3,6,0,0,0,0,0,0,0,0,7,2,2,4,0,0,0,0,1,1,1,1,0,0,0,0,0,0,0,0,0,319424768,0,1426194432,5,5,4,1185,-1,0,1,-1,1188,2,-4,0,17909,0,0,0,0,17910,0,0,3282,31965,390,1,0,0,0,1,0,0,0,0,1,0,0,1,3,662300,768,3,0,0,0,1,0,0,0,0,0,7,2,2,4,0,0,0,0,1,1,1,1,0,0,0,0,0,0,0,0,0,336201984,0,1359085568,5,5,27,140,22,14,12,64,22378,19923,14885,14874,19878,22483,32069,3279,412,403,404,2,22392,19919,14919,14919,19919,22392,604,2789,327,208,238,1438,1,1,1,833,741,555,555,741,833,1,4,662299,0,22,49,7,1,1,3,3,3,4,0,1,1,1,1,1,1,1,0,0,592404,1,1,0,32134,13,12,12,11,3,5,1,1,0,32100,13,12,13,13,3,5,700,2600,3297,3298,4992,11950,498,0,80,205,235,310,45,85,680,1825,0,0,0,0,0,0,0,-800,1000,3276,-1141,-850,0,1,0,0,0,0,0,0,0,300,1600,3276,500,500,0,3,0,0,0,0,0,0,0,0,0,3200,800,3263,600,0,0,0,0,0,0,0,0,0,0,0,0,0,0,0,0,0,0,0,0,1300,2800,11951,800,1300,2800,11933,600,1400,2800,11961,1500,1100,2800,11959,1100,0.000000,0.000000,0.000000,0.000000,49.670826,2.547163,0.000000,0.000000,0.000000,0.000000,48.901585,2.533282,36,1,1,1,1,1,0,1,0,1,0,0,0,0,0,1,0,0,0,0,0,0,0,0,0.000000,0.000000,0.000000,0.000000,0,1,19,65535,1,0,1,13,6,0,1785970139,600000000,3,3,39,8,3,8,6,6,4,103,1,1785970139,719879150,0,0.000000,0.000000,0.000000,0.000000,0.000000,0.000000,0,0,0,0,0,4,1785970139,600000000,0.090000,-0.175000,0.090000,0.000000,0.000000,0.000000,1,1785970139,600000000,-1574,-857,-1634,0,0,0,1,1785970139,600000000,1002.874817,-960.726685,975.298584,-1060.464233,15,1785970139,600000000,67,23,10,0,0,0,0,0,0,0,0,0,0,0,1785970139,600000000,-1232,250,5,7,0,0,0,0,0,0,0,0,0,0,0,0,1,1785970139,600000000,-2480,-3679,-6442,-46,-3710,-5559,7566,522,-1186,109,-1,-3,-7,4,-6,-10,0.000000,0.000000,-0.000000,-19,-1,-4,0,0,1,0,0,0,6,1785970139,600000000,0.090000,-0.175000,-0.090000,0.000000,0.000000,0.000000,0.000000,0.000000,0.000000,0.000000,0.000000,0.000000,1
1,0,3,237,237,0,240,6,132,0,1785970100,0,1,0,0,1785970098,1785957740,1,35900,1,4,58,3,13932,181882,0,0,0,0,01,0,257,260,0,0,0,0,0,2,330,1785970156,662307,2,0,228,207,-121,-5124,189359,6478,46416518,107510,4,0,158323,143,173,257,255,2315780096,12416,4143972884,2049825422,6912,8984,-9216,32512,64,0,4352,251725056,42,49,6,45,18,809,-17,1384,-6,6,4,9,9,0,0,0,0,32020,31948,259,31939,274,0,0,0,0,1,1,0,1,1,1,0,1,0,0,0,1,1,387,386,256,4,662321,512,4,0,1,0,0,0,0,0,0,0,0,0,0,0,0,0,31985,-121,-2133,32023,0,0,7,2,2,1,4,6,0,0,1,1,1,1,1,1,0,0,1,0,0,0,0,0,592386,0,5992,5,5,104,2237,3,3,386,58,271,106,71,-2,1671,-10,-2,3361,12044,3375,5020,3390,5023,11924,920,0,3279,31960,412,1,1,1,1,1,1,1,1,1,1,0,0,1,3,662313,768,3,6,0,0,0,0,0,0,0,0,7,2,2,4,0,0,0,0,1,1,1,1,0,0,0,0,0,0,0,0,0,50989312,0,1359085568,5,5,7,1182,-1,3,-2,2,1188,2,-1,0,17909,0,0,0,0,17910,0,0,3276,31965,395,1,0,0,0,1,0,0,0,0,1,0,0,1,3,662317,768,3,0,0,0,1,0,0,0,0,0,7,2,2,4,0,0,0,0,1,1,1,1,0,0,0,0,0,0,0,0,0,50989312,0,1359085568,5,5,17,134,19,13,12,61,22365,19895,14857,14874,19878,22455,32039,3279,407,401,402,2,22392,19919,14919,14919,19919,22392,380,2665,282,193,238,1369,1,1,1,833,741,555,555,741,833,1,4,662316,0,22,49,7,1,1,3,3,3,4,0,1,1,1,1,1,1,1,0,0,592387,1,1,0,32093,13,12,12,11,3,5,1,1,0,32100,13,12,13,13,3,5,600,2760,3297,3298,4992,11937,498,0,80,205,235,310,45,85,675,1825,0,0,0,0,0,0,0,-900,1100,3276,-1118,-850,0,1,0,0,0,0,0,0,0,200,1500,3272,500,500,0,3,0,0,0,0,0,0,0,0,0,3200,700,3258,600,0,0,0,0,0,0,0,0,0,0,0,0,0,0,0,0,0,0,0,0,1400,2800,11972,800,1200,2800,11909,1100,1400,2800,11971,1200,1100,2800,11934,1000,0.000000,0.000000,27.582693,1.266641,49.890610,2.571455,0.000000,0.000000,0.000000,0.000000,49.451042,2.547163,38,1,1,1,1,1,0,1,0,1,0,0,0,0,0,1,0,0,0,0,0,0,0,0,0.000000,0.000000,0.000000,0.000000,0,1,19,65535,1,0,1,13,6,0,1785970156,200000000,3,3,37,8,3,7,5,5,4,103,1,1785970156,348144531,0,0.000000,0.000000,0.000000,0.000000,0.000000,0.000000,0,0,0,0,0,4,1785970156,200000000,0.082500,-0.172500,0.087500,0.000000,0.000000,0.000000,1,1785970156,200000000,-1595,-861,-1559,0,0,0,1,1785970156,200000000,1001.581177,-966.484375,976.564331,-1055.364136,15,1785970156,200000000,35,1,0,0,0,0,0,0,0,0,0,0,0,0,1785970156,200000000,-1127,221,5,7,0,0,0,0,0,0,0,0,0,0,0,0,1,1785970156,200000000,-2540,-3682,-6562,-48,-3735,-5646,7489,522,-1187,110,-2,-3,-7,4,-5,-9,0.000000,0.000000,-0.000000,-16,-8,-4,0,0,1,0,0,0,6,1785970156,200000000,0.087500,-0.172500,-0.082500,0.000000,0.000000,0.000000,0.000000,0.000000,0.000000,0.000000,0.000000,0.000000,1
1,0,3,237,237,0,240,6,132,0,1785970100,0,1,0,0,1785970159,1785957740,1,35900,1,4,58,3,13932,181882,0,0,0,0,01,0,257,261,0,0,0,0,0,2,330,1785970165,662316,2,0,228,208,-119,-1501,189359,6478,46416518,107510,4,0,158323,143,173,257,255,2299002880,12416,4143972884,2049825422,6912,8984,-9216,32256,64,0,4352,251725056,45,49,3,48,18,803,-20,1384,-6,6,4,6,9,0,0,0,0,31897,31933,91,31939,259,0,0,0,0,1,1,0,1,1,1,0,1,0,0,0,1,1,390,387,256,4,662329,512,4,0,1,0,0,0,0,0,0,0,0,0,0,0,0,0,31954,-121,-2130,32011,0,0,7,2,2,1,4,6,0,0,1,1,1,1,1,1,0,0,1,0,0,0,0,0,592378,0,5993,5,5,99,2229,3,3,383,55,271,109,71,1,1650,-10,-2,3377,12044,3375,5020,3390,5023,11940,920,0,3277,31945,412,1,1,1,1,1,1,1,1,1,1,0,0,1,3,662321,768,3,6,0,0,0,0,0,0,0,0,7,2,2,4,0,0,0,0,1,1,1,1,0,0,0,0,0,0,0,0,0,4211673344,0,1359085568,5,5,7,1182,-1,3,-2,-1,1188,2,-4,0,17909,0,0,0,0,17910,0,0,3280,31950,395,1,0,0,0,1,0,0,0,0,1,0,0,1,3,662325,768,3,0,0,0,1,0,0,0,0,0,7,2,2,4,0,0,0,0,1,1,1,1,0,0,0,0,0,0,0,0,0,4211673344,0,1359085568,5,5,13,132,18,14,12,59,22365,19909,14857,14846,19851,22455,32039,3279,407,400,401,2,22392,19919,14919,14919,19919,22392,290,2627,267,207,238,1324,1,1,1,833,741,555,555,741,833,1,4,662324,0,22,49,7,1,1,3,3,3,4,0,1,1,1,1,1,1,1,0,0,592379,1,1,0,32093,13,12,12,11,3,5,1,1,0,32073,13,12,13,13,3,5,700,2605,3297,3298,4992,11950,498,0,80,205,235,310,45,85,680,1825,0,0,0,0,0,0,0,-900,1100,3274,-1107,-850,0,1,0,0,0,0,0,0,0,300,1500,3274,500,500,0,3,0,0,0,0,0,0,0,0,0,3300,800,3265,600,0,0,0,0,0,0,0,0,0,0,0,0,0,0,0,0,0,0,0,0,1500,2800,11972,800,1300,2800,11909,1100,1500,2800,11974,1400,1100,2800,11950,1000,0.000000,0.000000,27.472801,1.263171,49.890610,2.563358,0.000000,0.000000,0.000000,0.000000,49.231262,2.535596,38,1,1,1,1,1,0,1,0,1,0,0,0,0,0,1,0,0,0,0,0,0,0,0,0.000000,0.000000,0.000000,0.000000,0,1,19,65535,1,0,1,13,6,0,1785970164,200000000,3,3,36,8,3,7,6,6,4,103,1,1785970164,464416503,0,0.000000,0.000000,0.000000,0.000000,0.000000,0.000000,0,0,0,0,0,4,1785970164,200000000,0.085000,-0.180000,0.100000,0.000000,0.000000,0.000000,1,1785970164,200000000,-1606,-857,-1541,0,0,0,1,1785970164,200000000,1003.885254,-968.085144,974.382690,-1053.505615,15,1785970164,200000000,35,1,0,0,0,0,0,0,0,0,0,0,0,0,1785970164,200000000,-1075,204,5,7,0,0,0,0,0,0,0,0,0,0,0,0,1,1785970164,200000000,-2570,-3686,-6617,-49,-3749,-5685,7452,522,-1187,110,0,-4,-7,5,-6,-10,0.000000,0.000000,-0.000000,-17,-13,-4,0,0,1,0,0,0,6,1785970164,200000000,0.100000,-0.180000,-0.085000,0.000000,0.000000,0.000000,0.000000,0.000000,0.000000,0.000000,0.000000,0.000000,1
1,0,3,237,237,0,240,6,132,0,1785970100,0,1,0,0,1785970159,1785957740,1,35900,2,4,58,3,13932,181882,0,0,0,0,01,0,258,261,0,0,0,0,0,2,330,1785970174,662325,2,0,228,208,-120,-4365,189359,6478,46416518,107510,4,0,158323,143,173,257,255,2299002880,12416,4143972884,2049825422,6912,8984,-9216,32512,64,0,4608,268502272,42,49,6,45,18,800,-20,1387,-12,6,4,9,9,0,0,0,0,32005,31933,275,31924,274,0,0,0,0,1,1,0,1,1,1,0,1,0,0,0,1,1,390,388,256,4,662337,512,4,0,1,0,0,0,0,0,0,0,0,0,0,0,0,0,31939,-121,-2128,32001,0,0,7,2,2,1,4,6,0,0,1,1,1,1,1,1,0,0,1,0,0,0,0,0,592370,0,5992,5,5,95,2223,3,3,389,58,238,106,71,-2,1629,-10,-2,3377,12044,3375,5020,3390,5023,11940,920,0,3275,31930,415,1,1,1,1,1,1,1,1,1,1,0,0,1,3,662330,768,3,6,0,0,0,0,0,0,0,0,7,2,2,4,0,0,0,0,1,1,1,1,0,0,0,0,0,0,0,0,0,4060678400,0,1359085568,5,5,4,1185,-1,3,-2,-1,1185,2,-1,0,17909,0,0,0,0,17910,0,0,3280,31950,400,1,0,0,0,1,0,0,0,0,1,0,0,1,3,662333,768,3,0,0,0,1,0,0,0,0,0,7,2,2,4,0,0,0,0,1,1,1,1,0,0,0,0,0,0,0,0,0,4077455616,0,1359085568,5,5,10,129,18,14,12,57,22378,19937,14857,14833,19810,22483,32039,3279,407,400,401,2,22392,19919,14919,14919,19919,22392,223,2571,267,207,237,1281,1,1,1,833,741,555,555,741,833,1,4,662332,0,22,49,7,1,1,3,3,3,4,0,1,1,1,1,1,1,1,0,0,592371,1,1,0,32066,12,12,12,11,3,5,1,1,0,32073,13,12,13,14,3,5,700,2650,3299,3298,4992,11950,498,0,80,205,230,315,45,85,680,1825,0,0,0,0,0,0,0,-900,1000,3279,-1098,-850,0,1,0,0,0,0,0,0,0,300,1600,3272,500,500,0,3,0,0,0,0,0,0,0,0,0,3300,700,3258,600,0,0,0,0,0,0,0,0,0,0,0,0,0,0,0,0,0,0,0,0,1500,2800,11970,800,1200,2800,11904,700,1500,2800,12004,1100,1200,2800,11941,1000,0.000000,0.000000,27.692583,1.267798,29.121168,1.312911,0.000000,0.000000,0.000000,0.000000,49.670826,2.555261,38,1,1,1,1,1,0,1,0,1,0,0,0,0,0,1,0,0,0,0,0,0,0,0,0.000000,0.000000,0.000000,0.000000,0,1,19,65535,1,0,1,13,6,0,1785970172,601000000,3,3,35,8,3,7,6,5,4,103,1,1785970172,761383056,0,0.000000,0.000000,0.000000,0.000000,0.000000,0.000000,0,0,0,0,0,4,1785970172,601000000,0.092500,-0.180000,0.095000,0.000000,0.000000,0.000000,1,1785970172,601000000,-1631,-856,-1536,0,0,0,1,1785970172,601000000,1006.442383,-969.125122,972.210449,-1051.397583,15,1785970172,601000000,35,1,0,0,0,0,0,0,0,0,0,0,0,0,1785970172,601000000,-1026,185,5,7,0,0,0,0,0,0,0,0,0,0,0,0,1,1785970172,601000000,-2602,-3690,-6673,-51,-3765,-5726,7413,522,-1187,110,-1,-4,-8,4,-6,-10,0.000000,0.000000,-0.000000,-17,-9,-3,0,0,1,0,0,0,6,1785970172,601000000,0.095000,-0.180000,-0.092500,0.000000,0.000000,0.000000,0.000000,0.000000,0.000000,0.000000,0.000000,0.000000,1
1,0,3,237,237,0,240,6,132,0,1785970100,0,1,0,0,1785970159,1785957740,1,35900,2,4,58,3,13932,181882,0,0,0,0,01,0,258,262,0,0,0,0,0,2,330,1785970184,662335,2,0,229,208,-119,-3438,189359,6478,46416518,107510,4,0,158323,143,173,257,255,2299002880,12416,4143972884,2049825422,6912,8984,-9216,32256,64,0,4352,251725056,42,49,6,45,18,791,-20,1387,-9,9,4,9,9,0,0,0,0,31990,31917,259,31909,259,0,0,0,0,1,1,0,1,1,1,0,1,0,0,0,1,1,390,388,256,4,662345,512,3,0,1,0,0,0,0,0,0,0,0,0,0,0,0,0,31939,-121,-2126,31991,0,0,7,2,2,1,4,6,0,0,1,1,1,1,1,1,0,0,1,0,0,0,0,0,592362,0,5993,5,5,91,2217,3,3,392,52,238,106,71,-2,1612,-13,-2,3361,12044,3375,5020,3390,5023,11940,920,0,3277,31930,417,1,1,1,1,1,1,1,1,1,1,0,0,1,3,662338,768,3,6,0,0,0,0,0,0,0,0,7,2,2,4,0,0,0,0,1,1,1,1,0,0,0,0,0,0,0,0,0,3926460672,0,1359085568,5,5,7,1182,-1,0,-2,-1,1191,2,-4,0,17909,0,0,0,0,17910,0,0,3282,31919,400,1,0,0,0,1,0,0,0,0,1,0,0,1,3,662341,768,3,0,0,0,1,0,0,0,0,0,7,2,2,4,0,0,0,0,1,1,1,1,0,0,0,0,0,0,0,0,0,3943237888,0,1359085568,5,5,8,126,17,14,12,56,22365,19895,14857,14833,19823,22455,32008,3279,407,399,400,2,22392,19919,14919,14919,19919,22392,178,2506,252,207,237,1257,1,1,1,833,741,555,555,741,833,1,4,662341,0,22,49,7,1,1,3,3,3,4,0,1,1,1,1,1,1,1,0,0,592362,1,1,0,32066,13,12,12,11,3,5,1,1,0,32073,13,12,13,13,3,5,600,2610,3291,3293,4992,11975,498,0,80,205,235,310,45,85,680,1825,0,0,0,0,0,0,0,-800,1100,3279,-1086,-850,0,1,0,0,0,0,0,0,0,200,1600,3265,500,500,0,3,0,0,0,0,0,0,0,0,0,3300,700,3243,2300,0,0,0,0,0,0,0,0,0,0,0,0,0,0,0,0,0,0,0,0,1500,2800,11969,1000,1300,2800,11912,900,1500,2800,11972,1100,1200,2800,11927,800,0.000000,0.000000,27.692583,1.267798,29.121168,1.300187,0.000000,0.000000,0.000000,0.000000,49.780716,2.567985,38,1,1,1,1,1,0,1,0,1,0,0,0,0,0,1,0,0,0,0,0,0,0,0,0.000000,0.000000,0.000000,0.000000,0,1,19,65535,1,0,1,13,6,0,1785970180,800000000,3,3,34,8,3,7,6,5,4,103,1,1785970181,69641113,0,0.000000,0.000000,0.000000,0.000000,0.000000,0.000000,0,0,0,0,0,4,1785970180,800000000,0.090000,-0.180000,0.095000,0.000000,0.000000,0.000000,1,1785970180,800000000,-1643,-854,-1504,0,0,0,1,1785970180,800000000,1009.865356,-971.238403,968.399963,-1049.581543,15,1785970180,800000000,35,1,0,0,0,0,0,0,0,0,0,0,0,0,1785970180,800000000,-966,163,5,7,0,0,0,0,0,0,0,0,0,0,0,0,1,1785970180,800000000,-2634,-3696,-6727,-52,-3781,-5765,7375,521,-1187,110,-1,-4,-7,4,-6,-10,0.000000,0.000000,-0.000000,-15,-25,-3,0,0,1,0,0,0,6,1785970180,800000000,0.095000,-0.180000,-0.090000,0.000000,0.000000,0.000000,0.000000,0.000000,0.000000,0.000000,0.000000,0.000000,1
1,0,3,237,237,0,240,6,132,0,1785970100,0,1,0,0,1785970159,1785957740,1,35900,2,4,58,3,13932,181882,0,0,0,0,01,0,259,262,0,0,0,0,0,2,330,1785970193,662344,2,0,229,208,-117,-2459,189359,6478,46416518,107510,4,0,158323,143,173,257,255,2299002880,12416,4143972884,2049825422,6912,8984,-9216,32256,64,0,4352,251725056,42,49,3,45,18,785,-20,1387,-15,6,4,6,9,0,0,0,0,31974,31902,275,31909,259,0,0,0,0,1,1,0,1,1,1,0,1,0,0,0,1,1,390,389,256,4,662354,512,3,0,1,0,0,0,0,0,0,0,0,0,0,0,0,0,31923,-121,-2129,31982,0,0,7,2,2,1,4,6,0,0,1,1,1,1,1,1,0,0,1,0,0,0,0,0,592353,0,5992,5,5,88,2217,3,3,386,58,277,106,71,1,1597,-13,-2,3361,12044,3375,5020,3390,5023,11924,920,0,3275,31899,417,1,1,1,1,1,1,1,1,1,1,0,0,1,3,662346,768,3,6,0,0,0,0,0,0,0,0,7,2,2,4,0,0,0,0,1,1,1,1,0,0,0,0,0,0,0,0,0,3792242944,0,1359085568,5,5,4,1182,-1,3,-2,-1,1191,2,-4,0,17909,0,0,0,0,17895,0,0,3282,31919,402,1,0,0,0,1,0,0,0,0,1,0,0,1,3,662350,768,3,0,0,0,1,0,0,0,0,0,7,2,2,4,0,0,0,0,1,1,1,1,0,0,0,0,0,0,0,0,0,3792242944,0,1359085568,5,5,6,123,17,13,12,55,22365,19909,14843,14819,19810,22469,31977,3271,405,398,399,2,22392,19919,14919,14919,19919,22392,134,2448,252,192,237,1235,1,1,1,833,741,555,555,741,833,1,4,662349,0,22,49,7,1,1,3,3,3,4,0,1,1,1,1,1,1,1,0,0,592354,1,1,0,32066,13,12,12,11,3,5,1,1,0,32033,13,12,13,13,3,5,600,2615,3282,3285,4992,11987,498,0,80,205,235,310,45,85,680,1830,0,0,0,0,0,0,0,-900,1000,3272,-1074,-850,0,1,0,0,0,0,0,0,0,300,1800,3252,4200,4200,0,3,0,0,0,0,0,0,0,0,0,3300,800,3241,600,0,0,0,0,0,0,0,0,0,0,0,0,0,0,0,0,0,0,0,0,1500,2800,11985,800,1300,2800,11926,800,1400,2800,11994,1300,1100,2800,11945,1100,0.000000,0.000000,27.692583,1.267798,29.231060,1.299030,0.000000,0.000000,0.000000,0.000000,49.560932,2.549477,38,1,1,1,1,1,0,1,0,1,0,0,0,0,0,1,0,0,0,0,0,0,0,0,0.000000,0.000000,0.000000,0.000000,0,1,19,65535,1,0,1,13,6,0,1785970189,200000000,3,3,33,8,3,8,6,5,4,103,1,1785970189,368591308,0,0.000000,0.000000,0.000000,0.000000,0.000000,0.000000,0,0,0,0,0,4,1785970189,200000000,0.087500,-0.180000,0.100000,0.000000,0.000000,0.000000,1,1785970189,200000000,-1658,-862,-1462,0,0,0,1,1785970189,200000000,1010.973022,-972.909668,968.967896,-1046.772949,15,1785970189,200000000,18,1,0,0,0,0,0,0,0,0,0,0,0,0,1785970189,200000000,-914,143,5,7,0,0,0,0,0,0,0,0,0,0,0,0,1,1785970189,200000000,-2667,-3702,-6783,-54,-3798,-5805,7334,521,-1187,109,0,-4,-7,5,-6,-10,0.000000,0.000000,-0.000000,-20,-25,-4,0,0,1,0,0,0,6,1785970189,200000000,0.100000,-0.180000,-0.087500,0.000000,0.000000,0.000000,0.000000,0.000000,0.000000,0.000000,0.000000,0.000000,1
1,0,3,237,237,0,240,6,132,0,1785970100,0,1,0,0,1785970159,1785957740,1,35900,2,4,58,3,13932,181882,0,0,0,0,01,0,259,263,0,0,0,0,0,2,330,1785970202,662353,2,0,229,209,-119,212,189359,6478,46416518,107510,4,0,158323,143,173,257,255,2299002880,12416,4143972884,2049825422,6912,8984,-9216,32000,63,0,4352,251725056,45,49,3,48,18,776,-20,1390,-15,6,4,6,9,0,0,0,0,31974,31902,259,31893,259,0,0,0,0,1,1,0,1,1,1,0,1,0,0,0,1,1,390,389,256,4,662362,512,3,0,1,0,0,0,0,0,0,0,0,0,0,0,0,0,31923,-121,-2125,31972,0,0,7,2,2,1,4,6,0,0,1,1,1,1,1,1,0,0,1,0,0,0,0,0,592345,0,5992,5,5,85,2210,3,3,383,58,268,106,71,1,1585,-10,-2,3361,12044,3375,5020,3390,5023,11940,920,0,3275,31915,420,1,1,1,1,1,1,1,1,1,1,0,0,1,3,662354,768,3,6,0,0,0,0,0,0,0,0,7,2,2,4,0,0,0,0,1,1,1,1,0,0,0,0,0,0,0,0,0,3658025216,0,1476526080,5,5,7,1179,-1,0,-2,-1,1191,2,-4,0,17909,0,0,0,0,17895,0,0,3280,31919,402,1,0,0,0,1,0,0,0,0,1,0,0,1,3,662358,768,3,0,0,0,1,0,0,0,0,0,7,2,2,4,0,0,0,0,1,1,1,1,0,0,0,0,0,0,0,0,0,3658025216,0,1359085568,5,5,6,121,17,14,12,53,22365,19923,14857,14791,19796,22455,31977,3279,405,397,399,2,22392,19919,14919,14919,19919,22392,134,2410,252,207,237,1190,1,1,1,833,741,555,555,741,833,1,4,662357,0,22,49,7,1,1,3,3,3,4,0,1,1,1,1,1,1,1,0,0,592346,1,1,0,32066,13,12,12,11,3,5,1,1,0,32033,13,12,13,14,3,5,700,2605,3297,3298,4992,11950,498,0,80,205,235,315,45,85,680,1820,0,0,0,0,0,0,0,-800,1100,3279,-1063,-850,0,1,0,0,0,0,0,0,0,300,1600,3272,500,500,0,3,0,0,0,0,0,0,0,0,0,3400,800,3263,600,0,0,0,0,0,0,0,0,0,0,0,0,0,0,0,0,0,0,0,0,1500,2800,11941,1000,1200,2800,11895,700,1500,2800,11990,1200,1200,2800,11954,1000,0.000000,0.000000,27.802475,1.270112,29.231060,1.305971,0.000000,0.000000,0.000000,0.000000,28.681604,1.294403,38,1,1,1,1,1,0,1,0,1,0,0,0,0,0,1,0,0,0,0,0,0,0,0,0.000000,0.000000,0.000000,0.000000,0,1,19,65535,1,0,1,13,6,0,1785970197,400000000,3,3,32,8,3,7,6,5,4,103,1,1785970197,678802490,0,0.000000,0.000000,0.000000,0.000000,0.000000,0.000000,0,0,0,0,0,4,1785970197,400000000,0.090000,-0.182500,0.100000,0.000000,0.000000,0.000000,1,1785970197,400000000,-1661,-850,-1438,0,0,0,1,1785970197,400000000,1015.394592,-974.842285,963.996704,-1044.027832,15,1785970197,400000000,35,1,0,0,0,0,0,0,0,0,0,0,0,0,1785970197,400000000,-863,120,5,7,0,0,0,0,0,0,0,0,0,0,0,0,1,1785970197,400000000,-2700,-3710,-6835,-55,-3817,-5842,7295,521,-1187,108,0,-4,-7,5,-6,-10,0.000000,0.000000,-0.000000,-22,-24,-4,0,0,1,0,0,0,6,1785970197,601000000,0.097500,-0.172500,-0.092500,0.000000,0.000000,0.000000,0.000000,0.000000,0.000000,0.000000,0.000000,0.000000,1
1,0,3,237,237,0,240,6,132,0,1785970100,0,1,0,0,1785970159,1785957740,1,35900,3,4,58,3,13932,181882,0,0,0,0,01,0,260,263,0,0,0,0,0,2,330,1785970211,662362,2,0,230,210,-118,-5935,189359,6478,46416518,107510,4,0,158323,143,173,257,255,2315780096,12416,4143972884,2049825422,6912,8984,-9216,32512,64,0,4096,251725056,42,49,6,45,18,779,13,1390,-12,6,4,6,9,0,0,0,0,31959,31887,259,31878,259,0,0,0,0,1,1,0,1,1,1,0,1,0,0,0,1,1,392,390,256,4,662370,512,3,0,1,0,0,0,0,0,0,0,0,0,0,0,0,0,31908,-121,-2125,31962,0,0,7,2,2,1,4,6,0,0,1,1,1,1,1,1,0,0,1,0,0,0,0,0,592337,0,5993,5,5,82,2207,3,3,395,52,238,106,71,1,1573,-10,-2,3377,12044,3375,5020,3390,5023,11940,920,0,3277,31884,420,1,1,1,1,1,1,1,1,1,1,0,0,1,3,662363,768,3,6,0,0,0,0,0,0,0,0,7,2,2,4,0,0,0,0,1,1,1,1,0,0,0,0,0,0,0,0,0,3507030272,0,1359085568,5,5,7,1182,-1,0,-2,-1,1191,2,-1,0,17909,0,0,0,0,17895,0,0,3278,31889,405,1,0,0,0,1,0,0,0,0,1,0,0,1,3,662366,768,3,0,0,0,1,0,0,0,0,0,7,2,2,4,0,0,0,0,1,1,1,1,0,0,0,0,0,0,0,0,0,3523807488,0,1359085568,5,5,6,118,17,14,12,51,22351,19909,14816,14805,19796,22483,31977,3279,405,397,398,2,22392,19919,14919,14919,19919,22392,134,2349,251,207,237,1146,1,1,1,833,741,555,555,741,833,1,4,662366,0,22,49,7,1,1,3,3,3,4,0,1,1,1,1,1,1,1,0,0,592337,1,1,0,32026,13,12,12,11,3,5,1,1,0,32033,13,12,13,14,3,5,600,2610,3291,3293,4992,11962,498,0,80,205,235,310,45,85,680,1825,0,0,0,64,0,0,0,-800,1000,3276,-1052,-850,0,1,0,0,0,0,0,0,0,300,1600,3267,500,500,0,3,0,0,0,0,0,0,0,0,0,3400,800,3250,2300,0,0,0,0,0,0,0,0,0,0,0,0,0,0,0,0,0,0,0,0,1500,2800,11969,800,1300,2800,11915,1200,1500,2800,11972,1300,1000,2800,11921,900,0.000000,0.000000,48.132347,2.504363,0.000000,0.000000,0.000000,0.000000,0.000000,0.000000,28.791496,1.289776,34,1,1,1,1,1,0,1,0,1,0,0,0,0,0,1,0,0,0,0,0,0,0,0,0.000000,0.000000,0.000000,0.000000,0,1,19,65535,1,0,1,13,6,0,1785970205,800000000,3,3,31,8,3,8,6,5,4,103,1,1785970205,980773925,0,0.000000,0.000000,0.000000,0.000000,0.000000,0.000000,0,0,0,0,0,4,1785970205,800000000,0.090000,-0.182500,0.107500,0.000000,0.000000,0.000000,1,1785970205,800000000,-1674,-855,-1415,0,0,0,1,1785970205,800000000,1015.850220,-976.252747,964.909058,-1042.188477,15,1785970205,800000000,35,1,0,0,0,0,0,0,0,0,0,0,0,0,1785970205,800000000,-810,90,5,7,0,0,0,0,0,0,0,0,0,0,0,0,1,1785970205,800000000,-2734,-3719,-6890,-56,-3836,-5880,7254,521,-1187,108,0,-4,-7,6,-6,-10,0.000000,0.000000,-0.000000,-16,-25,-3,0,0,1,0,0,0,6,1785970205,800000000,0.107500,-0.182500,-0.090000,0.000000,0.000000,0.000000,0.000000,0.000000,0.000000,0.000000,0.000000,0.000000,1
1,0,3,237,237,0,240,6,132,0,1785970100,0,1,0,0,1785970220,1785957740,1,35900,3,4,58,3,13932,181882,0,0,0,0,01,0,260,264,0,0,0,0,0,2,330,1785970220,662371,2,0,230,210,-120,-4039,189359,6478,46416518,107510,4,0,158323,143,173,257,255,2265448448,12416,4143972884,2049825422,6912,8984,-9216,32256,64,0,4096,251725056,45,49,6,45,18,772,-20,1390,-9,6,4,6,6,0,0,0,0,31959,31872,259,31863,274,0,0,0,0,1,1,0,1,1,1,0,1,0,0,0,1,1,392,390,256,4,662379,512,3,0,1,0,0,0,0,0,0,0,0,0,0,0,0,0,31893,-121,-2126,31955,0,0,7,2,2,1,4,6,0,0,1,1,1,1,1,1,0,0,1,0,0,0,0,0,592328,0,5992,5,5,79,2205,3,3,383,58,268,106,71,1,1561,-13,-2,3361,12044,3375,5020,3390,5023,11940,920,0,3275,31899,422,1,1,1,1,1,1,1,1,1,1,0,0,1,3,662371,768,3,6,0,0,0,0,0,0,0,0,7,2,2,4,0,0,0,0,1,1,1,1,0,0,0,0,0,0,0,0,0,3372812544,0,1359085568,5,5,7,1182,-1,3,-2,-1,1194,2,-1,0,17909,0,0,0,0,17910,0,0,3276,31904,407,1,0,0,0,1,0,0,0,0,1,0,0,1,3,662375,768,3,0,0,0,1,0,0,0,0,0,7,2,2,4,0,0,0,0,1,1,1,1,0,0,0,0,0,0,0,0,0,3372812544,0,1359085568,5,5,6,115,17,13,12,50,22337,19923,14816,14791,19782,22469,31977,3279,405,396,398,2,22392,19919,14919,14919,19919,22392,134,2291,251,192,237,1123,1,1,1,833,741,555,555,741,833,1,4,662374,0,22,49,7,1,1,3,3,3,4,0,1,1,1,1,1,1,1,0,0,592329,1,1,0,32026,13,12,12,11,3,5,1,1,0,32033,13,12,13,14,3,5,700,2615,3288,3285,4992,11975,498,0,80,205,235,310,60,85,680,1825,0,0,0,0,0,0,0,-700,1100,3279,-1041,-850,0,1,0,0,0,0,0,0,0,300,1500,3257,500,500,0,3,0,0,0,0,0,0,0,0,0,3400,800,3248,2400,1300,0,0,0,0,0,0,0,0,0,0,0,0,0,0,0,0,0,0,0,1400,2800,11944,800,1300,2800,11908,800,1500,2800,11950,1300,1200,2800,11952,800,0.000000,0.000000,48.132347,2.504363,0.000000,0.000000,0.000000,0.000000,0.000000,0.000000,28.791496,1.289776,34,1,1,1,1,1,0,1,0,1,0,0,0,0,0,1,0,0,0,0,0,0,0,0,0.000000,0.000000,0.000000,0.000000,0,1,19,65535,1,0,1,13,6,0,1785970214,0,3,3,30,8,3,8,6,5,4,103,1,1785970214,299133300,0,0.000000,0.000000,0.000000,0.000000,0.000000,0.000000,0,0,0,0,0,4,1785970214,201000000,0.090000,-0.180000,0.102500,0.000000,0.000000,0.000000,1,1785970214,201000000,-1692,-860,-1401,0,0,0,1,1785970214,201000000,1016.438843,-978.135376,963.307556,-1042.159912,15,1785970214,201000000,35,1,0,0,0,0,0,0,0,0,0,0,0,0,1785970214,201000000,-756,64,5,7,0,0,0,0,0,0,0,0,0,0,0,0,1,1785970214,201000000,-2769,-3731,-6943,-56,-3858,-5918,7212,521,-1186,107,0,-4,-7,5,-6,-10,0.000000,0.000000,-0.000000,-22,-28,-3,0,0,1,0,0,0,6,1785970214,201000000,0.102500,-0.180000,-0.090000,0.000000,0.000000,0.000000,0.000000,0.000000,0.000000,0.000000,0.000000,0.000000,1
1,0,3,237,237,0,240,6,132,0,1785970100,0,1,0,0,1785970220,1785957740,1,35900,3,4,58,3,13932,181882,0,0,0,0,01,0,261,264,0,0,0,0,0,2,330,1785970229,662380,2,0,231,210,-122,2186,189359,6478,46416518,107510,4,0,158323,143,173,257,255,2265448448,12416,4143972884,2049825422,6912,8984,-9216,32512,64,0,4352,251725056,45,49,3,48,18,769,-20,1393,-12,6,4,6,6,0,0,0,0,31943,31887,259,31863,259,0,0,0,0,1,1,0,1,1,1,0,1,0,0,0,1,1,392,391,256,4,662387,512,3,0,1,0,0,0,0,0,0,0,0,0,0,0,0,0,31893,-122,-2123,31946,0,0,7,2,2,1,4,6,0,0,1,1,1,1,1,1,0,0,1,0,0,0,0,0,592320,0,5993,5,5,77,2200,3,3,389,55,271,106,71,-2,1549,-10,1,3361,12044,3375,5020,3390,5023,11940,920,0,3279,31869,422,1,1,1,1,1,1,1,1,1,1,0,0,1,3,662379,768,3,6,0,0,0,0,0,0,0,0,7,2,2,4,0,0,0,0,1,1,1,1,0,0,0,0,0,0,0,0,0,3238594816,0,1359085568,5,5,7,1179,-1,0,-2,-1,1194,2,-1,0,17909,0,0,0,0,17895,0,0,3282,31859,410,1,0,0,0,1,0,0,0,0,1,0,0,1,3,662383,768,3,0,0,0,1,0,0,0,0,0,7,2,2,4,0,0,0,0,1,1,1,1,0,0,0,0,0,0,0,0,0,3238594816,0,1359085568,5,5,6,112,17,14,12,48,22351,19923,14802,14763,19782,22469,31977,3279,405,396,397,2,22392,19919,14919,14919,19919,22392,134,2231,251,206,237,1078,1,1,1,833,741,555,555,741,833,1,4,662382,0,22,49,7,1,1,3,3,3,4,0,1,1,1,1,1,1,1,0,0,592321,1,1,0,32026,13,12,12,11,3,5,1,1,0,32006,13,12,13,14,3,5,700,2605,3297,3298,4992,11950,498,0,80,205,235,315,45,85,680,1825,0,0,0,0,0,0,0,-700,1000,3279,-1030,-850,0,1,0,0,0,0,0,0,0,300,1600,3274,500,500,0,3,0,0,0,0,0,0,0,0,0,3400,800,3267,600,0,0,0,0,0,0,0,0,0,0,0,0,0,0,0,0,0,0,0,0,1500,2800,11956,800,1300,2800,11930,800,1600,2800,11987,1200,1100,2800,11938,1000,0.000000,0.000000,48.022457,2.502050,0.000000,0.000000,0.000000,0.000000,0.000000,0.000000,28.791496,1.296717,34,1,1,1,1,1,0,1,0,1,0,0,0,0,0,1,0,0,0,0,0,0,0,0,0.000000,0.000000,0.000000,0.000000,0,1,19,65535,1,0,1,13,6,0,1785970222,200000000,3,3,30,8,3,8,5,6,4,103,1,1785970222,380981445,0,0.000000,0.000000,0.000000,0.000000,0.000000,0.000000,0,0,0,0,0,4,1785970222,200000000,0.092500,-0.182500,0.107500,0.000000,0.000000,0.000000,1,1785970222,200000000,-1705,-861,-1360,0,0,0,1,1785970222,200000000,1017.901550,-978.864075,963.910034,-1037.836060,15,1785970222,200000000,35,1,0,0,0,0,0,0,0,0,0,0,0,0,1785970222,200000000,-709,34,5,7,0,0,0,0,0,0,0,0,0,0,0,0,1,1785970222,200000000,-2802,-3741,-6993,-56,-3878,-5953,7172,521,-1186,106,0,-4,-7,6,-6,-10,0.000000,0.000000,-0.000000,-20,-24,-3,0,0,1,0,0,0,6,1785970222,200000000,0.107500,-0.182500,-0.092500,0.000000,0.000000,0.000000,0.000000,0.000000,0.000000,0.000000,0.000000,0.000000,1
1,0,3,237,237,0,240,6,132,0,1785970100,0,1,0,0,1785970220,1785957740,1,35900,4,4,58,3,13932,181882,0,0,0,0,01,0,262,265,0,0,0,0,0,2,330,1785970238,662389,2,0,232,212,-122,-5867,189359,6478,46416518,107510,4,0,158323,143,173,257,255,2282225664,12416,4143972884,2049825422,6912,8984,-9216,32512,64,0,4352,251725056,45,49,6,45,18,760,-20,1396,-12,6,4,6,6,0,0,0,0,31913,31856,259,31847,259,0,0,0,0,1,1,0,1,1,1,0,1,0,0,0,1,1,392,392,256,4,662403,512,3,0,1,0,0,0,0,0,0,0,0,0,0,0,0,0,31878,-121,-2128,31926,0,0,7,2,2,1,4,6,0,0,1,1,1,1,1,1,0,0,1,0,0,0,0,0,592304,0,5993,5,5,70,2198,3,3,392,52,238,106,71,1,1534,-13,1,3361,12044,3375,5020,3390,5023,11940,920,0,3281,31854,425,1,1,1,1,1,1,1,1,1,1,0,0,1,3,662396,768,3,6,0,0,0,0,0,0,0,0,7,2,2,4,0,0,0,0,1,1,1,1,0,0,0,0,0,0,0,0,0,2953382144,0,1359085568,5,5,7,1176,-1,3,-2,-1,1200,2,-4,0,17909,0,0,0,0,17895,0,0,3282,31859,412,1,0,0,0,1,0,0,0,0,1,0,0,1,3,662399,768,3,0,0,0,1,0,0,0,0,0,7,2,2,4,0,0,0,0,1,1,1,1,0,0,0,0,0,0,0,0,0,2970159360,0,1359085568,5,5,6,106,17,14,12,44,22337,19909,14802,14736,19768,22469,31946,3279,405,395,397,2,22392,19919,14919,14919,19919,22392,134,2110,251,206,237,988,1,1,1,833,741,555,555,741,833,1,4,662399,0,22,49,7,1,1,3,3,3,4,0,1,1,1,1,1,1,1,0,0,592304,1,1,0,31999,13,12,12,11,3,5,1,1,0,32006,13,12,13,14,3,5,700,2610,3293,3289,4992,11975,498,0,80,205,235,310,45,85,680,1825,0,0,0,0,0,0,0,-800,1100,3274,-1007,-850,0,1,0,0,0,0,0,0,0,300,1500,3265,500,500,0,3,0,0,0,0,0,0,0,0,0,3500,800,3250,2300,0,0,0,0,0,0,0,0,0,0,0,0,0,0,0,0,0,0,0,0,1500,2800,11974,800,1300,2800,11924,900,1400,2800,11971,1200,1100,2800,11939,800,0.000000,0.000000,48.022457,2.504363,0.000000,0.000000,0.000000,0.000000,0.000000,0.000000,28.791496,1.283992,34,1,1,1,1,1,0,1,0,1,0,0,0,0,0,1,0,0,0,0,0,0,0,0,0.000000,0.000000,0.000000,0.000000,0,1,19,65535,1,0,1,13,6,0,1785970238,800000000,3,3,28,8,3,7,5,6,4,103,1,1785970238,988250732,0,0.000000,0.000000,0.000000,0.000000,0.000000,0.000000,0,0,0,0,0,4,1785970238,800000000,0.092500,-0.177500,0.100000,0.000000,0.000000,0.000000,1,1785970238,800000000,-1733,-868,-1306,0,0,0,1,1785970238,800000000,1019.456177,-981.293274,963.041016,-1035.649292,15,1785970238,800000000,35,1,0,0,0,0,0,0,0,0,0,0,0,0,1785970238,800000000,-600,-35,5,7,0,0,0,0,0,0,0,0,0,0,0,0,1,1785970238,800000000,-2875,-3769,-7093,-58,-3925,-6023,7088,521,-1185,105,0,-4,-7,5,-6,-10,0.000000,0.000000,-0.000000,-19,-30,-2,0,0,1,0,0,0,6,1785970238,800000000,0.100000,-0.177500,-0.092500,0.000000,0.000000,0.000000,0.000000,0.000000,0.000000,0.000000,0.000000,0.000000,1
1,0,3,237,237,0,240,6,132,0,1785970100,0,1,0,0,1785970220,1785957740,1,35900,4,4,58,3,13932,181882,0,0,0,0,01,0,262,266,0,0,0,0,0,2,330,1785970247,662398,2,0,232,212,-119,-678,189359,6478,46416518,107510,4,0,158323,143,173,257,255,2299002880,12416,4143972884,2049825422,6912,8984,-9216,31744,63,0,3840,234947840,42,49,3,45,18,760,-20,1396,-6,6,4,6,9,0,0,0,0,31913,31841,259,31832,259,0,0,0,0,1,1,0,1,1,1,0,1,0,0,0,1,1,395,392,256,4,662412,512,3,0,1,0,0,0,0,0,0,0,0,0,0,0,0,0,31862,-121,-2129,31919,0,0,7,2,2,1,4,6,0,0,1,1,1,1,1,1,0,0,1,0,0,0,0,0,592295,0,5992,5,5,68,2197,3,3,386,58,268,106,71,-2,1528,-13,-2,3377,12044,3375,5020,3390,5023,11940,920,0,3281,31854,427,1,1,1,1,1,1,1,1,1,1,0,0,1,3,662404,768,3,6,0,0,0,0,0,0,0,0,7,2,2,4,0,0,0,0,1,1,1,1,0,0,0,0,0,0,0,0,0,2819164416,0,1359085568,5,5,7,1182,-1,0,-2,2,1197,2,-4,0,17909,0,0,0,0,17895,0,0,3284,31843,412,1,0,0,0,1,0,0,0,0,1,0,0,1,3,662408,768,3,0,0,0,1,0,0,0,0,0,7,2,2,4,0,0,0,0,1,1,1,1,0,0,0,0,0,0,0,0,0,2819164416,0,1359085568,5,5,6,103,17,14,12,42,22323,19923,14774,14736,19768,22469,31946,3279,402,395,397,2,22392,19919,14919,14919,19919,22392,133,2052,251,206,237,943,1,1,1,833,741,555,555,741,833,1,4,662407,0,22,49,7,1,1,3,3,3,4,0,1,1,1,1,1,1,1,0,0,592296,1,1,0,31999,13,12,12,11,3,5,1,1,0,32006,13,12,13,14,3,5,700,2610,3286,3285,4992,11975,498,0,80,205,235,310,50,85,680,1825,0,0,0,64,0,0,0,-700,1000,3279,-996,-850,0,1,0,0,0,0,0,0,0,300,1500,3261,500,500,0,3,0,0,0,0,0,0,0,0,0,3500,800,3250,2400,1300,0,0,0,0,0,0,0,0,0,0,0,0,0,0,0,0,0,0,0,1500,2800,11965,1000,1400,2800,11923,700,1500,2800,11991,1200,1200,2800,11961,1000,0.000000,0.000000,47.912563,2.493953,0.000000,0.000000,0.000000,0.000000,0.000000,0.000000,28.791496,1.295560,34,1,1,1,1,1,0,1,0,1,0,0,0,0,0,1,0,0,0,0,0,0,0,0,0.000000,0.000000,0.000000,0.000000,0,1,19,65535,1,0,1,13,6,0,1785970247,200000000,3,3,27,8,3,8,5,6,4,103,1,1785970247,316375732,0,0.000000,0.000000,0.000000,0.000000,0.000000,0.000000,0,0,0,0,0,4,1785970247,200000000,0.095000,-0.185000,0.110000,0.000000,0.000000,0.000000,1,1785970247,200000000,-1741,-858,-1293,0,0,0,1,1785970247,200000000,1019.118835,-983.030762,963.378357,-1034.478760,15,1785970247,200000000,35,1,0,0,0,0,0,0,0,0,0,0,0,0,1785970247,200000000,-552,-69,5,7,0,0,0,0,0,0,0,0,0,0,0,0,1,1785970247,200000000,-2912,-3785,-7141,-58,-3950,-6057,7045,521,-1185,104,1,-5,-8,6,-7,-11,0.000000,0.000000,-0.000000,-23,-21,-2,0,0,1,0,0,0,6,1785970247,200000000,0.110000,-0.185000,-0.095000,0.000000,0.000000,0.000000,0.000000,0.000000,0.000000,0.000000,0.000000,0.000000,1
1,0,3,237,237,0,240,6,132,0,1785970100,0,1,0,0,1785970220,1785957740,1,35900,4,4,58,3,13932,181882,0,0,0,0,01,0,263,266,0,0,0,0,0,2,330,1785970256,662407,2,0,233,213,-121,4123,189359,6478,46416518,107510,4,0,158323,143,173,257,255,2282225664,12416,4143972884,2049825422,6912,8984,-9216,32512,64,0,4352,251725056,42,49,6,45,18,754,-20,1399,-15,6,4,6,9,0,0,0,0,31913,31826,259,31832,198,0,0,0,0,1,1,0,1,1,1,0,1,0,0,0,1,1,395,393,256,4,662420,512,3,0,1,0,0,0,0,0,0,0,0,0,0,0,0,0,31862,-121,-2131,31910,0,0,7,2,2,1,4,6,0,0,1,1,1,1,1,1,0,0,1,0,0,0,0,0,592287,0,5992,5,5,64,2195,3,3,386,61,268,106,71,-2,1522,-13,-2,3361,12044,3375,5020,3390,5023,11940,920,0,3275,31854,427,1,1,1,1,1,1,1,1,1,1,0,0,1,3,662412,768,3,6,0,0,0,0,0,0,0,0,7,2,2,4,0,0,0,0,1,1,1,1,0,0,0,0,0,0,0,0,0,2684946688,0,1359085568,5,5,4,1179,2,0,1,-1,1200,2,-4,0,17909,0,0,0,0,17910,0,0,3274,31843,415,1,0,0,0,1,0,0,0,0,1,0,0,1,3,662416,768,3,0,0,0,1,0,0,0,0,0,7,2,2,4,0,0,0,0,1,1,1,1,0,0,0,0,0,0,0,0,0,2684946688,0,1359085568,5,5,6,100,17,14,12,40,22309,19909,14760,14722,19754,22483,31946,3279,402,395,396,2,22392,19919,14919,14919,19919,22392,133,1990,250,206,237,899,1,1,1,833,741,555,555,741,833,1,4,662415,0,22,49,7,1,1,3,3,3,4,0,1,1,1,1,1,1,1,0,0,592288,1,1,0,31999,13,12,12,11,3,5,1,1,0,31965,13,12,13,14,3,5,700,2605,3297,3298,4992,11937,498,0,80,205,235,310,45,85,680,1825,0,0,0,0,0,0,0,-800,1000,3276,-985,-850,0,1,0,0,0,0,0,0,0,300,1500,3272,500,500,0,3,0,0,0,0,0,0,0,0,0,3500,800,3265,600,0,0,0,0,0,0,0,0,0,0,0,0,0,0,0,0,0,0,0,0,1500,2800,11963,800,1300,2800,11923,1200,1500,2800,11993,1200,1100,2800,11944,1000,0.000000,0.000000,48.022457,2.508990,0.000000,0.000000,0.000000,0.000000,0.000000,0.000000,28.791496,1.297873,34,1,1,1,1,1,0,1,0,1,0,0,0,0,0,1,0,0,0,0,0,0,0,0,0.000000,0.000000,0.000000,0.000000,0,1,19,65535,1,0,1,13,6,0,1785970255,400000000,3,3,26,8,3,8,5,5,4,103,1,1785970255,612182617,0,0.000000,0.000000,0.000000,0.000000,0.000000,0.000000,0,0,0,0,0,4,1785970255,400000000,0.095000,-0.177500,0.112500,0.000000,0.000000,0.000000,1,1785970255,400000000,-1755,-864,-1277,0,0,0,1,1785970255,400000000,1020.122375,-983.447327,965.282227,-1031.455933,15,1785970255,400000000,35,1,0,0,0,0,0,0,0,0,0,0,0,0,1785970255,400000000,-505,-107,5,7,0,0,0,0,0,0,0,0,0,0,0,0,1,1785970255,400000000,-2949,-3803,-7186,-58,-3976,-6088,7003,521,-1185,103,1,-4,-7,6,-6,-11,0.000000,0.000000,-0.000000,-23,-13,-2,0,0,1,0,0,0,6,1785970255,400000000,0.112500,-0.177500,-0.095000,0.000000,0.000000,0.000000,0.000000,0.000000,0.000000,0.000000,0.000000,0.000000,1
1,0,3,237,237,0,240,6,132,0,1785970100,0,1,0,0,1785970220,1785957740,1,35900,4,4,59,3,13932,181882,0,0,0,0,01,0,264,267,0,0,0,0,0,2,330,1785970265,662416,2,0,233,213,-120,-2374,189359,6478,46416518,107510,4,0,158323,143,173,257,255,2282225664,12416,4143972884,2049825422,6912,8984,-9216,32512,64,0,4608,268502272,45,52,3,45,18,754,-20,1399,-12,6,4,6,9,0,0,0,0,31882,31826,259,31817,274,0,0,0,0,1,1,0,1,1,1,0,1,0,0,0,1,1,395,394,256,4,662428,512,3,0,1,0,0,0,0,0,0,0,0,0,0,0,0,0,31832,-121,-2131,31901,0,0,7,2,2,1,4,6,0,0,1,1,1,1,1,1,0,0,1,0,0,0,0,0,592279,0,5993,5,5,62,2193,3,3,392,58,238,106,71,-2,1519,-10,-2,3377,12028,3375,5020,3390,5023,11940,920,0,3277,31838,430,1,1,1,1,1,1,1,1,1,1,0,0,1,3,662421,768,3,6,0,0,0,0,0,0,0,0,7,2,2,4,0,0,0,0,1,1,1,1,0,0,0,0,0,0,0,0,0,2533951744,0,1375862784,5,5,7,1179,-1,0,-2,-1,1200,-1,-1,0,17909,0,0,0,0,17910,0,0,3282,31828,417,1,0,0,0,1,0,0,0,0,1,0,0,1,3,662424,768,3,0,0,0,1,0,0,0,0,0,7,2,2,4,0,0,0,0,1,1,1,1,0,0,0,0,0,0,0,0,0,2550728960,0,1359085568,5,5,6,97,17,14,12,39,22295,19909,14747,14736,19754,22455,31915,3279,402,395,396,2,22392,19919,14919,14919,19919,22392,133,1931,250,206,237,875,1,1,1,833,741,555,555,741,833,1,4,662424,0,22,49,7,1,1,3,3,3,4,0,1,1,1,1,1,1,1,0,0,592279,1,1,0,31959,13,12,12,11,3,5,1,1,0,31965,13,12,13,14,3,5,700,2605,3297,3298,4992,11950,498,0,80,205,235,315,45,85,680,1825,0,0,0,0,0,0,0,-700,1000,3276,-975,-850,0,1,0,0,0,0,0,0,0,300,1600,3274,500,500,0,3,0,0,0,0,0,0,0,0,0,3500,800,3263,600,0,0,0,0,0,0,0,0,0,0,0,0,0,0,0,0,0,0,0,0,1500,2800,11965,900,1300,2800,11905,1000,1600,2800,11989,1100,1200,2800,11927,900,0.000000,0.000000,47.912563,2.497423,0.000000,0.000000,0.000000,0.000000,0.000000,0.000000,28.791496,1.296717,34,1,1,1,1,1,0,1,0,1,0,0,0,0,0,1,0,0,0,0,0,0,0,0,0.000000,0.000000,0.000000,0.000000,0,1,19,65535,1,0,1,13,6,0,1785970263,801000000,3,3,25,7,3,7,5,5,4,103,1,1785970263,943603515,0,0.000000,0.000000,0.000000,0.000000,0.000000,0.000000,0,0,0,0,0,4,1785970263,801000000,0.090000,-0.180000,0.105000,0.000000,0.000000,0.000000,1,1785970263,801000000,-1772,-868,-1244,0,0,0,1,1785970263,801000000,1020.919678,-984.160034,966.086426,-1029.055542,15,1785970263,801000000,35,1,0,0,0,0,0,0,0,0,0,0,0,0,1785970263,801000000,-441,-151,5,7,0,0,0,0,0,0,0,0,0,0,0,0,1,1785970263,801000000,-2988,-3822,-7230,-59,-4004,-6119,6960,521,-1184,102,0,-4,-7,5,-6,-10,0.000000,0.000000,-0.000000,-18,-31,-1,0,0,1,0,0,0,6,1785970263,801000000,0.105000,-0.180000,-0.090000,0.000000,0.000000,0.000000,0.000000,0.000000,0.000000,0.000000,0.000000,0.000000,1
1,0,3,237,237,0,240,6,132,0,1785970100,0,1,0,0,1785970220,1785957740,1,35900,4,4,59,3,13932,181882,0,0,0,0,01,0,264,268,0,0,0,0,0,2,330,1785970274,662425,2,0,234,214,-120,-6003,189359,6478,46416518,107510,4,0,158323,143,173,257,255,2265448448,12416,4143972884,2049825422,6912,8984,-9216,-32768,65,0,4352,251725056,42,52,6,45,15,757,-20,1399,-12,6,4,9,6,0,0,0,0,31882,31826,152,31801,274,0,0,0,0,1,1,0,1,1,1,0,1,0,0,0,1,1,395,394,256,4,662437,512,3,0,1,0,0,0,0,0,0,0,0,0,0,0,0,0,31832,-121,-2136,31892,0,0,7,2,2,1,4,6,0,0,1,1,1,1,1,1,0,0,1,0,0,0,0,0,592270,0,5992,5,5,59,2195,3,3,389,55,268,118,74,-2,1516,-10,1,3361,12044,3375,5020,3390,5023,11940,920,0,3279,31838,430,1,1,1,1,1,1,1,1,1,1,0,0,1,3,662429,768,3,6,0,0,0,0,0,0,0,0,7,2,2,4,0,0,0,0,1,1,1,1,0,0,0,0,0,0,0,0,0,2399734016,0,1359085568,5,5,4,1179,-1,3,-2,-1,1203,2,-4,0,17909,0,0,0,0,17910,0,0,3278,31828,417,1,0,0,0,1,0,0,0,0,1,0,0,1,3,662433,768,3,0,0,0,1,0,0,0,0,0,7,2,2,4,0,0,0,0,1,1,1,1,0,0,0,0,0,0,0,0,0,2399734016,0,1359085568,5,5,6,94,17,14,12,37,22281,19909,14747,14736,19741,22455,31915,3279,402,394,396,2,22392,19919,14919,14919,19919,22392,133,1871,250,206,236,830,1,1,1,833,741,555,555,741,833,1,4,662432,0,22,49,7,1,1,3,3,3,4,0,1,1,1,1,1,1,1,0,0,592271,1,1,0,31959,13,12,12,11,3,5,1,1,0,31965,13,12,13,14,3,5,700,2610,3291,3285,4992,11975,498,0,80,205,235,310,50,85,680,1825,0,0,0,0,0,0,0,-700,1100,3276,-962,-850,0,1,0,0,0,0,0,0,0,400,1600,3261,500,500,0,3,0,0,0,0,0,0,0,0,0,3500,800,3250,2400,1300,0,0,0,0,0,0,0,0,0,0,0,0,0,0,0,0,0,0,0,1500,2800,11956,1100,1300,2800,11917,700,1500,2800,11935,1100,1100,2800,11913,1000,0.000000,0.000000,47.912563,2.485855,0.000000,0.000000,29.560734,1.311754,0.000000,0.000000,28.681604,1.290933,42,1,1,1,1,1,0,1,0,1,0,0,0,0,0,1,0,0,0,0,0,0,0,0,0.000000,0.000000,0.000000,0.000000,0,1,19,65535,1,0,1,13,6,0,1785970272,0,3,3,24,7,3,7,5,5,4,103,1,1785970272,245300292,0,0.000000,0.000000,0.000000,0.000000,0.000000,0.000000,0,0,0,0,0,4,1785970272,0,0.090000,-0.180000,0.102500,0.000000,0.000000,0.000000,1,1785970272,0,-1769,-867,-1198,0,0,0,1,1785970272,0,1020.878723,-985.120911,965.411011,-1028.497803,15,1785970272,0,35,1,0,0,0,0,0,0,0,0,0,0,0,0,1785970272,0,-385,-191,5,7,0,0,0,0,0,0,0,0,0,0,0,0,1,1785970272,0,-3027,-3843,-7272,-59,-4033,-6148,6918,521,-1183,101,0,-5,-7,5,-6,-10,0.000000,0.000000,-0.000000,-23,-37,0,0,0,1,0,0,0,6,1785970272,0,0.102500,-0.180000,-0.090000,0.000000,0.000000,0.000000,0.000000,0.000000,0.000000,0.000000,0.000000,0.000000,1
1,0,3,237,237,0,240,6,132,0,1785970100,0,1,0,0,1785970281,1785957740,1,35900,5,4,59,3,13932,181882,0,0,0,0,01,0,265,268,0,0,0,0,0,2,330,1785970283,662434,2,0,235,214,-121,-4619,189359,6478,46416518,107510,4,0,158323,143,173,257,255,2282225664,12416,4143972884,2049825422,6912,8984,-9216,32000,63,0,4352,251725056,42,49,3,45,15,754,-20,1399,-9,6,4,6,6,0,0,0,0,31882,31811,275,31771,259,0,0,0,0,1,1,0,1,1,1,0,1,0,0,0,1,1,397,395,256,4,662445,512,3,0,1,0,0,0,0,0,0,0,0,0,0,0,0,0,31832,-121,-2140,31882,0,0,7,2,2,1,4,6,0,0,1,1,1,1,1,1,0,0,1,0,0,0,0,0,592262,0,5993,5,5,56,2196,3,3,386,55,277,109,71,-2,1513,-10,-2,3361,12044,3375,5020,3390,5023,11940,920,0,3275,31823,432,1,1,1,1,1,1,1,1,1,1,0,0,1,3,662437,768,3,6,0,0,0,0,0,0,0,0,7,2,2,4,0,0,0,0,1,1,1,1,0,0,0,0,0,0,0,0,0,2265516288,0,1359085568,5,5,4,1179,-1,3,-2,-1,1203,2,-4,0,17909,0,0,0,0,17895,0,0,3280,31828,420,1,0,0,0,1,0,0,0,0,1,0,0,1,3,662441,768,3,0,0,0,1,0,0,0,0,0,7,2,2,4,0,0,0,0,1,1,1,1,0,0,0,0,0,0,0,0,0,2265516288,0,1359085568,5,5,6,91,17,14,12,35,22281,19909,14733,14722,19727,22469,31915,3279,402,395,396,2,22392,19919,14919,14919,19919,22392,133,1811,250,206,236,786,1,1,1,833,741,555,555,741,833,1,4,662440,0,22,49,7,1,1,3,3,3,4,0,1,1,1,1,1,1,1,0,0,592263,1,1,0,31959,13,12,12,11,3,5,1,1,0,31938,13,12,13,14,3,5,700,2610,3297,3298,4992,11937,498,0,80,205,235,315,45,85,680,1825,0,0,0,0,0,0,0,-700,1100,3276,-952,-850,0,1,0,0,0,0,0,0,0,300,1600,3272,500,500,0,3,0,0,0,0,0,0,0,0,0,3500,800,3265,600,0,0,0,0,0,0,0,0,0,0,0,0,0,0,0,0,0,0,0,0,1500,2800,11975,1000,1300,2800,11912,1000,1500,2800,11975,1300,1200,2800,11945,1000,0.000000,0.000000,47.802673,2.564527,0.000000,0.000000,29.560734,1.347362,0.000000,0.000000,28.571714,1.331834,42,1,1,1,1,1,0,1,0,1,0,0,0,0,0,1,0,0,0,0,0,0,0,0,0.000000,0.000000,0.000000,0.000000,0,1,19,65535,1,0,1,13,6,0,1785970281,600000000,3,3,23,7,3,6,5,5,4,103,1,1785970281,781799316,0,0.000000,0.000000,0.000000,0.000000,0.000000,0.000000,0,0,0,0,0,4,1785970281,600000000,0.087500,-0.185000,0.115000,0.000000,0.000000,0.000000,1,1785970281,600000000,-1784,-875,-1171,0,0,0,1,1785970281,600000000,1021.512756,-987.496582,965.494019,-1026.461182,15,1785970281,600000000,35,1,0,0,0,0,0,0,0,0,0,0,0,0,1785970281,600000000,-330,-239,5,7,0,0,0,0,0,0,0,0,0,0,0,0,1,1785970281,600000000,-3073,-3869,-7320,-60,-4067,-6182,6868,521,-1182,100,1,-5,-7,6,-7,-10,0.000000,0.000000,0.000000,-29,-26,-1,0,0,1,0,0,0,6,1785970281,600000000,0.115000,-0.185000,-0.087500,0.000000,0.000000,0.000000,0.000000,0.000000,0.000000,0.000000,0.000000,0.000000,1
1,0,3,237,237,0,240,6,132,0,1785970100,0,1,0,0,1785970281,1785957740,1,35900,5,4,59,3,13932,181882,0,0,0,0,01,0,266,269,0,0,0,0,0,2,330,1785970292,662443,2,0,235,215,-123,-1306,189359,6478,46416518,107510,4,0,158323,143,173,257,255,2299002880,12416,4143972884,2049825422,6912,8984,-9216,32256,64,0,4864,285279488,42,49,6,45,18,751,-20,1402,-12,6,4,6,9,0,0,0,0,31867,31795,275,31786,259,0,0,0,0,1,1,0,1,1,1,0,1,0,0,0,1,1,397,395,256,4,662453,512,3,0,1,0,0,0,0,0,0,0,0,0,0,0,0,0,31816,-121,-2143,31874,0,0,7,2,2,1,4,6,0,0,1,1,1,1,1,1,0,0,1,0,0,0,0,0,592254,0,5992,5,5,53,2196,3,3,383,58,268,106,71,-2,1513,-13,-2,3377,12044,3390,5020,3375,5023,11940,920,0,3275,31808,432,1,1,1,1,1,1,1,1,1,1,0,0,1,3,662445,768,3,6,0,0,0,0,0,0,0,0,7,2,2,4,0,0,0,0,1,1,1,1,0,0,0,0,0,0,0,0,0,2131298560,0,1359085568,5,5,4,1179,-1,0,-2,-1,1206,2,-1,0,17909,0,0,0,0,17910,0,0,3280,31813,420,1,0,0,0,1,0,0,0,0,1,0,0,1,3,662449,768,3,0,0,0,1,0,0,0,0,0,7,2,2,4,0,0,0,0,1,1,1,1,0,0,0,0,0,0,0,0,0,2131298560,0,1359085568,5,5,6,89,17,14,12,33,22281,19923,14719,14694,19727,22455,31885,3279,402,394,396,2,22392,19919,14919,14919,19919,22392,133,1773,250,205,236,741,1,1,1,833,741,555,555,741,833,1,4,662448,0,22,49,7,1,1,3,3,3,4,0,1,1,1,1,1,1,1,0,0,592255,1,1,0,31959,13,12,12,11,3,5,1,1,0,31938,13,12,13,14,3,5,700,2605,3297,3298,4992,11937,498,0,80,205,235,310,45,85,680,1825,0,0,0,64,0,0,0,-700,1000,3274,-943,-850,0,1,0,0,0,0,0,0,0,400,1600,3272,500,500,0,3,0,0,0,0,0,0,0,0,0,3500,800,3263,600,0,0,0,0,0,0,0,0,0,0,0,0,0,0,0,0,0,0,0,0,1500,2800,11961,1100,1300,2800,11903,1200,1500,2800,11995,1300,1200,2800,11949,1000,0.000000,0.000000,47.912563,2.500893,0.000000,0.000000,29.560734,1.314068,0.000000,0.000000,28.681604,1.286306,42,1,1,1,1,1,0,1,0,1,0,0,0,0,0,1,0,0,0,0,0,0,0,0,0.000000,0.000000,0.000000,0.000000,0,1,19,65535,1,0,1,13,6,0,1785970288,400000000,3,3,22,7,4,7,5,5,4,103,1,1785970288,678985595,0,0.000000,0.000000,0.000000,0.000000,0.000000,0.000000,0,0,0,0,0,4,1785970288,400000000,0.085000,-0.180000,0.120000,0.000000,0.000000,0.000000,1,1785970288,400000000,-1804,-873,-1170,0,0,0,1,1785970288,400000000,1023.403320,-986.551086,962.412231,-1025.452759,15,1785970288,400000000,35,1,0,0,0,0,0,0,0,0,0,0,0,0,1785970288,400000000,-282,-278,5,7,0,0,0,0,0,0,0,0,0,0,0,0,1,1785970288,601000000,-3108,-3889,-7351,-61,-4093,-6204,6832,521,-1182,99,1,-5,-7,6,-6,-10,0.000000,0.000000,-0.000000,-29,-32,0,0,0,1,0,0,0,6,1785970288,601000000,0.110000,-0.180000,-0.090000,0.000000,0.000000,0.000000,0.000000,0.000000,0.000000,0.000000,0.000000,0.000000,1
1,0,3,237,237,0,240,6,132,0,1785970100,0,1,0,0,1785970281,1785957740,1,35900,5,4,59,3,13932,181882,0,0,0,0,01,0,266,270,0,0,0,0,0,2,330,1785970301,662452,2,0,235,216,-118,-54,189359,6478,46416518,107510,4,0,158323,143,173,257,255,2282225664,12416,4143972884,2049825422,6912,8984,-9216,-32768,65,0,4608,268502272,42,49,3,45,18,748,-20,1402,-6,6,4,6,6,0,0,0,0,31851,31780,259,31786,259,0,0,0,0,1,1,0,1,1,1,0,1,0,0,0,1,1,397,396,256,4,662461,512,3,0,1,0,0,0,0,0,0,0,0,0,0,0,0,0,31816,-121,-2147,31864,0,0,7,2,2,1,4,6,0,0,1,1,1,1,1,1,0,0,1,0,0,0,0,0,592246,0,5993,5,5,50,2197,3,3,403,58,238,106,71,1,1513,-13,-2,3361,12044,3375,5020,3390,5023,11940,920,0,3277,31793,435,1,1,1,1,1,1,1,1,1,1,0,0,1,3,662454,768,3,6,0,0,0,0,0,0,0,0,7,2,2,4,0,0,0,0,1,1,1,1,0,0,0,0,0,0,0,0,0,1980303616,0,1359085568,5,5,4,1182,-1,0,-2,2,1206,2,-1,0,17909,0,0,0,0,17910,0,0,3278,31783,422,1,0,0,0,1,0,0,0,0,1,0,0,1,3,662457,768,3,0,0,0,1,0,0,0,0,0,7,2,2,4,0,0,0,0,1,1,1,1,0,0,0,0,0,0,0,0,0,1997080832,0,1359085568,5,5,6,85,17,14,12,32,22268,19923,14705,14694,19713,22455,31885,3279,402,394,396,2,22392,19919,14919,14919,19919,22392,133,1693,249,205,236,718,1,1,1,833,741,555,555,741,833,1,4,662457,0,22,49,7,1,1,3,3,3,4,0,1,1,1,1,1,1,1,0,0,592246,1,1,0,31932,13,12,12,11,3,5,1,1,0,31938,13,12,13,14,3,5,700,2610,3291,3289,4992,11962,498,0,85,205,235,315,45,85,680,1825,0,0,0,0,0,0,0,-700,1100,3274,-930,-850,0,1,0,0,0,0,0,0,0,300,1600,3263,500,500,0,3,0,0,0,0,0,0,0,0,0,3500,800,3254,2300,0,0,0,0,0,0,0,0,0,0,0,0,0,0,0,0,0,0,0,0,1500,2800,11974,900,1300,2800,11910,1000,1400,2800,11969,1600,1200,2800,11943,800,0.000000,0.000000,48.132347,2.506677,0.000000,0.000000,29.670626,1.315225,0.000000,0.000000,0.000000,0.000000,10,1,1,1,1,1,0,1,0,1,0,0,0,0,0,1,0,0,0,0,0,0,0,0,0.000000,0.000000,0.000000,0.000000,0,1,19,65535,1,0,1,13,6,0,1785970296,800000000,3,3,20,7,7,7,5,5,4,103,1,1785970296,978271484,0,0.000000,0.000000,0.000000,0.000000,0.000000,0.000000,0,0,0,0,0,4,1785970296,800000000,0.087500,-0.182500,0.117500,0.000000,0.000000,0.000000,1,1785970296,800000000,-1809,-872,-1140,0,0,0,1,1785970296,800000000,1023.669800,-990.315613,961.187073,-1024.860840,15,1785970296,800000000,35,1,0,0,0,0,0,0,0,0,0,0,0,0,1785970296,800000000,-228,-330,5,7,0,0,0,0,0,0,0,0,0,0,0,0,1,1785970296,800000000,-3150,-3914,-7387,-62,-4126,-6229,6789,522,-1181,98,1,-5,-6,7,-6,-10,0.000000,0.000000,0.000000,-22,-33,1,0,0,1,0,0,0,6,1785970296,800000000,0.117500,-0.182500,-0.087500,0.000000,0.000000,0.000000,0.000000,0.000000,0.000000,0.000000,0.000000,0.000000,1
1,0,3,237,237,0,240,6,132,0,1785970100,0,1,0,0,1785970281,1785957740,1,35900,5,4,59,3,13932,181882,0,0,0,0,01,0,267,270,0,0,0,0,0,2,330,1785970310,662461,2,0,235,216,-121,-2031,189359,6478,46416518,107510,4,0,158323,143,173,257,255,2265448448,12416,4143972884,2049825422,6912,8984,-9216,-32768,65,0,4608,268502272,42,49,6,45,18,751,-17,1402,-12,6,7,6,6,0,0,0,0,31851,31780,259,31771,259,0,0,0,0,1,1,0,1,1,1,0,1,0,0,0,1,1,397,396,256,4,662470,512,3,0,1,0,0,0,0,0,0,0,0,0,0,0,0,0,31801,-122,-2152,31855,0,0,7,2,2,1,4,6,0,0,1,1,1,1,1,1,0,0,1,0,0,0,0,0,592237,0,5992,5,5,47,2199,3,3,380,52,268,106,68,-2,1516,-13,-2,3377,12044,3375,5020,3390,5023,11940,920,0,3277,31793,435,1,1,1,1,1,1,1,1,1,1,0,0,1,3,662462,768,3,6,0,0,0,0,0,0,0,0,7,2,2,4,0,0,0,0,1,1,1,1,0,0,0,0,0,0,0,0,0,1846085888,0,1359085568,5,5,4,1179,-1,3,-2,2,1206,2,-4,0,17909,0,0,0,0,17895,0,0,3280,31798,422,1,0,0,0,1,0,0,0,0,1,0,0,1,3,662466,768,3,0,0,0,1,0,0,0,0,0,7,2,2,4,0,0,0,0,1,1,1,1,0,0,0,0,0,0,0,0,0,1846085888,0,1359085568,5,5,6,83,17,14,12,30,22254,19909,14705,14694,19727,22442,31885,3279,402,394,396,2,22392,19919,14919,14919,19919,22392,133,1652,249,205,236,673,1,1,1,833,741,555,555,741,833,1,4,662465,0,22,49,7,1,1,3,3,3,4,0,1,1,1,1,1,1,1,0,0,592238,1,1,0,31932,13,12,12,11,3,5,1,1,0,31938,13,12,13,14,3,5,700,2615,3286,3285,4992,11975,498,0,80,205,235,310,50,85,680,1825,0,0,0,64,0,0,0,-700,1100,3274,-920,-850,0,1,0,0,0,0,0,0,0,400,1500,3259,500,500,0,3,0,0,0,0,0,0,0,0,0,3400,700,3243,2400,1300,0,0,0,0,0,0,0,0,0,0,0,0,0,0,0,0,0,0,0,1500,2800,11970,1000,1400,2800,11938,1100,1400,2800,11953,1100,1100,2800,11940,800,0.000000,0.000000,66.923744,3.732832,0.000000,0.000000,29.121168,1.302501,0.000000,0.000000,0.000000,0.000000,10,1,1,1,1,1,0,1,0,1,0,0,0,0,0,1,0,0,0,0,0,0,0,0,0.000000,0.000000,0.000000,0.000000,0,1,19,65535,1,0,1,13,6,0,1785970305,0,3,3,19,6,8,6,5,5,4,103,1,1785970305,294464111,0,0.000000,0.000000,0.000000,0.000000,0.000000,0.000000,0,0,0,0,0,4,1785970305,0,0.087500,-0.185000,0.122500,0.000000,0.000000,0.000000,1,1785970305,200000000,-1820,-876,-1100,0,0,0,1,1785970305,200000000,1025.111450,-990.754761,959.732361,-1023.582031,15,1785970305,200000000,35,1,0,0,0,0,0,0,0,0,0,0,0,0,1785970305,200000000,-172,-376,5,7,0,0,0,0,0,0,0,0,0,0,0,0,1,1785970305,200000000,-3191,-3941,-7422,-63,-4159,-6254,6746,522,-1180,96,2,-5,-6,7,-7,-10,0.000000,0.000000,0.000000,-32,-39,2,0,0,1,0,0,0,6,1785970305,200000000,0.120000,-0.185000,-0.087500,0.000000,0.000000,0.000000,0.000000,0.000000,0.000000,0.000000,0.000000,0.000000,1
1,0,3,237,237,0,240,6,132,0,1785970100,0,1,0,0,1785970281,1785957740,1,35900,6,4,59,3,13932,181882,0,0,0,0,01,0,268,271,0,0,0,0,0,2,330,1785970319,662470,2,0,236,217,-120,-948,189359,6478,46416518,107510,4,0,158323,143,173,257,255,2265448448,12416,4143972884,2049825422,6912,8984,-9216,32512,64,0,4608,268502272,45,49,3,45,18,757,-20,1406,-12,6,4,6,9,0,0,0,0,31851,31765,275,31756,274,0,0,0,0,1,1,0,1,1,1,0,1,0,0,0,1,1,400,397,256,4,662478,512,3,0,1,0,0,0,0,0,0,0,0,0,0,0,0,0,31786,-121,-2158,31845,0,0,7,2,2,1,4,6,0,0,1,1,1,1,1,1,0,0,1,0,0,0,0,0,592229,0,5993,5,5,45,2203,3,3,383,55,268,106,71,-2,1522,-10,-2,3361,12044,3375,5020,3390,5023,11940,920,0,3279,31777,435,1,1,1,1,1,1,1,1,1,1,0,0,1,3,662470,768,3,6,0,0,0,0,0,0,0,0,7,2,2,4,0,0,0,0,1,1,1,1,0,0,0,0,0,0,0,0,0,1711868160,0,1359085568,5,5,4,1179,-1,3,-2,-1,1209,-1,-4,0,17909,0,0,0,0,17895,0,0,3280,31783,425,1,0,0,0,1,0,0,0,0,1,0,0,1,3,662474,768,3,0,0,0,1,0,0,0,0,0,7,2,2,4,0,0,0,0,1,1,1,1,0,0,0,0,0,0,0,0,0,1711868160,0,1359085568,5,5,6,80,17,13,12,28,22254,19895,14719,14694,19699,22442,31885,3275,402,394,396,2,22392,19919,14919,14919,19919,22392,133,1591,250,191,236,628,1,1,1,833,741,555,555,741,833,1,4,662473,0,22,49,7,1,1,3,3,3,4,0,1,1,1,1,1,1,1,0,0,592230,1,1,0,31932,13,12,12,11,3,5,1,1,0,31897,13,12,13,14,3,5,700,2605,3295,3298,4992,11937,498,0,80,205,235,315,45,85,680,1825,0,0,0,0,0,0,0,-700,1100,3274,-910,-850,0,1,0,0,0,0,0,0,0,400,1600,3272,500,500,0,3,0,0,0,0,0,0,0,0,0,3500,800,3263,600,0,0,0,0,0,0,0,0,0,0,0,0,0,0,0,0,0,0,0,0,1500,2800,11968,1100,1300,2800,11927,1100,1500,2800,11950,1200,1100,2800,11922,1000,0.000000,0.000000,66.923744,3.723577,0.000000,0.000000,29.560734,1.305971,0.000000,0.000000,0.000000,0.000000,10,1,1,1,1,1,0,1,0,1,0,0,0,0,0,1,0,0,0,0,0,0,0,0,0.000000,0.000000,0.000000,0.000000,0,1,19,65535,1,0,1,13,6,0,1785970313,400000000,3,3,15,6,8,6,5,5,4,103,1,1785970313,593231201,0,0.000000,0.000000,0.000000,0.000000,0.000000,0.000000,0,0,0,0,0,4,1785970313,400000000,0.087500,-0.190000,0.122500,0.000000,0.000000,0.000000,1,1785970313,400000000,-1823,-874,-1079,0,0,0,1,1785970313,400000000,1029.495483,-992.377319,957.498901,-1021.762451,15,1785970313,400000000,35,1,0,0,0,0,0,0,0,0,0,0,0,0,1785970313,400000000,-123,-427,5,7,0,0,0,0,0,0,0,0,0,0,0,0,1,1785970313,400000000,-3234,-3970,-7454,-63,-4193,-6277,6704,522,-1179,95,2,-6,-6,7,-7,-10,0.000000,0.000000,0.000000,-34,-33,2,0,0,1,0,0,0,6,1785970313,400000000,0.122500,-0.190000,-0.087500,0.000000,0.000000,0.000000,0.000000,0.000000,0.000000,0.000000,0.000000,0.000000,1
1,0,3,237,237,0,240,6,132,0,1785970100,0,1,0,0,1785970281,1785957740,1,35900,6,4,59,3,13932,181882,0,0,0,0,01,0,268,272,0,0,0,0,0,2,330,1785970329,662480,2,0,237,218,-119,-1001,189359,6478,46416518,107510,4,0,158323,143,173,257,255,2299002880,12416,4143972884,2049825422,6912,8984,-9216,32512,64,0,4352,251725056,42,49,6,45,18,760,-20,1406,-12,6,4,6,6,0,0,0,0,31821,31750,259,31740,274,0,0,0,0,1,1,0,1,1,1,0,1,0,0,0,1,1,400,398,256,4,662495,512,3,0,1,0,0,0,0,0,0,0,0,0,0,0,0,0,31786,-121,-2171,31826,0,0,7,2,2,1,4,6,0,0,1,1,1,1,1,1,0,0,1,0,0,0,0,0,592212,0,5992,5,5,40,2211,3,3,386,61,268,109,77,1,1537,-13,-2,3377,12044,3375,5020,3390,5023,11940,920,0,3277,31747,437,1,1,1,1,1,1,1,1,1,1,0,0,1,3,662487,768,3,6,0,0,0,0,0,0,0,0,7,2,2,4,0,0,0,0,1,1,1,1,0,0,0,0,0,0,0,0,0,1426655488,0,1359085568,5,5,4,1179,-1,0,-2,2,1209,2,-1,0,17909,0,0,0,0,17910,0,0,3284,31752,427,1,0,0,0,1,0,0,0,0,1,0,0,1,3,662491,768,3,0,0,0,1,0,0,0,0,0,7,2,2,4,0,0,0,0,1,1,1,1,0,0,0,0,0,0,0,0,0,1426655488,0,1359085568,5,5,6,75,17,14,12,25,22254,19923,14678,14639,19713,22469,31854,3279,402,394,396,2,22392,19919,14919,14919,19919,22392,133,1494,249,204,236,561,1,1,1,833,741,555,555,741,833,1,4,662490,0,22,49,7,1,1,3,3,3,4,0,1,1,1,1,1,1,1,0,0,592213,1,1,0,31891,13,12,12,11,3,5,1,1,0,31897,13,12,13,14,3,5,700,2615,3286,3285,4992,11975,498,0,80,205,235,315,50,85,680,1825,0,0,0,0,0,0,0,-600,1100,3272,-888,-850,0,1,0,0,0,0,0,0,0,400,1600,3261,500,500,0,3,0,0,0,0,0,0,0,0,0,3500,800,3245,2400,1300,0,0,0,0,0,0,0,0,0,0,0,0,0,0,0,0,0,0,0,1500,2800,11962,800,1300,2800,11913,1100,1500,2800,11931,1100,1100,2800,11912,900,0.000000,0.000000,66.484177,3.699286,0.000000,0.000000,29.670626,1.321009,0.000000,0.000000,0.000000,0.000000,10,1,1,1,1,1,0,1,0,1,0,0,0,0,0,1,0,0,0,0,0,0,0,0,0.000000,0.000000,0.000000,0.000000,0,1,19,65535,1,0,1,13,6,0,1785970330,0,3,3,13,6,8,6,5,5,4,103,1,1785970330,131408691,0,0.000000,0.000000,0.000000,0.000000,0.000000,0.000000,0,0,0,0,0,4,1785970330,0,0.082500,-0.190000,0.125000,0.000000,0.000000,0.000000,1,1785970330,0,-1861,-875,-1049,0,0,0,1,1785970330,0,1025.285889,-996.920837,957.194946,-1020.233887,15,1785970330,0,35,1,0,0,0,0,0,0,0,0,0,0,0,0,1785970330,0,-15,-539,5,7,0,0,0,0,0,0,0,0,0,0,0,0,1,1785970330,0,-3321,-4033,-7514,-65,-4265,-6319,6618,523,-1176,93,2,-6,-6,7,-7,-9,0.000000,0.000000,0.000000,-32,-38,3,0,0,1,0,0,0,6,1785970330,0,0.125000,-0.190000,-0.082500,0.000000,0.000000,0.000000,0.000000,0.000000,0.000000,0.000000,0.000000,0.000000,1
1,0,3,237,237,0,240,6,132,0,1785970100,0,1,0,0,1785970281,1785957740,1,35900,6,4,59,3,13932,181882,0,0,0,0,01,0,269,273,0,0,0,0,0,2,330,1785970338,662489,2,0,238,219,-118,-3144,189359,6478,46416518,107510,4,0,158323,143,173,257,255,2282225664,12416,4143972884,2049825422,6912,8984,-9216,32256,64,0,4352,251725056,42,49,6,45,18,769,-20,1406,-9,6,4,6,6,0,0,0,0,31805,31734,275,31725,259,0,0,0,0,1,1,0,1,1,1,0,1,0,0,0,1,1,400,399,256,4,662503,512,3,0,1,0,0,0,0,0,0,0,0,0,0,0,0,0,31755,-121,-2179,31816,0,0,7,2,2,1,4,6,0,0,1,1,1,1,1,1,0,0,1,0,0,0,0,0,592204,0,5993,5,5,37,2216,3,3,389,55,268,104,71,1,1546,-13,-2,3361,12044,3375,5020,3390,5023,11940,920,0,3279,31732,440,1,1,1,1,1,1,1,1,1,1,0,0,1,3,662495,768,3,6,0,0,0,0,0,0,0,0,7,2,2,4,0,0,0,0,1,1,1,1,0,0,0,0,0,0,0,0,0,1292437760,0,1359085568,5,5,7,1179,-1,0,-2,-1,1209,2,-4,0,17909,0,0,0,0,17910,0,0,3282,31752,427,1,0,0,0,1,0,0,0,0,1,0,0,1,3,662499,768,3,0,0,0,1,0,0,0,0,0,7,2,2,4,0,0,0,0,1,1,1,1,0,0,0,0,0,0,0,0,0,1292437760,0,1359085568,5,5,6,72,17,14,12,24,22240,19909,14678,14666,19699,22455,31854,3279,402,394,396,2,22392,19919,14919,14919,19919,22392,133,1433,249,205,236,538,1,1,1,833,741,555,555,741,833,1,4,662498,0,22,49,7,1,1,3,3,3,4,0,1,1,1,1,1,1,1,0,0,592205,1,1,0,31891,13,12,12,11,3,5,1,1,0,31870,13,12,14,14,3,5,700,2770,3297,3298,4992,11937,498,0,80,205,235,315,45,85,675,1825,0,0,0,0,0,0,0,-600,1100,3274,-877,-850,0,1,0,0,0,0,0,0,0,300,1500,3265,500,500,0,3,0,0,0,0,0,0,0,0,0,3500,800,3258,600,0,0,0,0,0,0,0,0,0,0,0,0,0,0,0,0,0,0,0,0,1500,2800,11980,1200,1400,2800,11928,700,1400,2800,11971,1200,1200,2800,11939,800,0.000000,0.000000,66.594070,3.701599,0.000000,0.000000,29.670626,1.305971,0.000000,0.000000,0.000000,0.000000,10,1,1,1,1,1,0,1,0,1,0,0,0,0,0,1,0,0,0,0,0,0,0,0,0.000000,0.000000,0.000000,0.000000,0,1,19,65535,1,0,1,13,6,0,1785970338,400000000,3,3,13,6,8,6,5,5,4,102,1,1785970338,544525146,0,0.000000,0.000000,0.000000,0.000000,0.000000,0.000000,0,0,0,0,0,4,1785970338,400000000,0.090000,-0.185000,0.122500,0.000000,0.000000,0.000000,1,1785970338,400000000,-1866,-880,-1005,0,0,0,1,1785970338,400000000,1025.391968,-997.135559,956.823120,-1020.247437,15,1785970338,400000000,35,1,0,0,0,0,0,0,0,0,0,0,0,0,1785970338,400000000,34,-596,5,7,0,0,0,0,0,0,0,0,0,0,0,0,1,1785970338,400000000,-3364,-4068,-7541,-64,-4303,-6339,6574,523,-1175,92,2,-5,-6,7,-7,-10,0.000000,0.000000,0.000000,-39,-29,3,0,0,1,0,0,0,6,1785970338,400000000,0.122500,-0.185000,-0.090000,0.000000,0.000000,0.000000,0.000000,0.000000,0.000000,0.000000,0.000000,0.000000,1
1,0,3,237,237,0,240,6,132,0,1785970100,0,1,0,0,1785970342,1785957740,1,35900,6,4,59,3,13932,181882,0,0,0,0,01,0,270,273,0,0,1,0,0,2,330,1785970348,662499,2,0,239,220,-118,-3144,189359,6478,46416518,107510,4,0,158323,143,173,257,255,2332557312,12416,4143972884,2049825422,6912,8984,-9216,-31744,67,0,4608,268502272,42,49,3,45,18,769,-20,1409,-9,6,7,6,6,0,0,0,0,31790,31734,259,31710,259,0,0,0,0,1,1,0,1,1,1,0,1,0,0,0,1,1,400,400,256,4,662511,512,3,0,1,0,0,0,0,0,0,0,0,0,0,0,0,0,31755,-121,-2187,31806,0,0,7,2,2,1,4,6,0,0,1,1,1,1,1,1,0,0,1,0,0,0,0,0,592196,0,5992,5,5,35,2222,3,3,386,58,268,106,89,1,1552,-13,-2,3361,12028,3375,5020,3390,5023,11924,920,0,3275,31732,440,1,1,1,1,1,1,1,1,1,1,0,0,1,3,662503,768,3,6,0,0,0,0,0,0,0,0,7,2,2,4,0,0,0,0,1,1,1,1,0,0,0,0,0,0,0,0,0,1158220032,0,1359085568,5,5,7,1179,-1,0,-2,-1,1209,2,-1,0,17909,0,0,0,0,17895,0,0,3278,31737,430,1,0,0,0,1,0,0,0,0,1,0,0,1,3,662507,768,3,0,0,0,1,0,0,0,0,0,7,2,2,4,0,0,0,0,1,1,1,1,0,0,0,0,0,0,0,0,0,1158220032,0,1359085568,5,5,6,70,17,14,12,23,22240,19909,14678,14653,19699,22455,31823,3279,405,395,396,2,22392,19919,14919,14919,19919,22392,133,1393,249,205,236,516,1,1,1,833,741,555,555,741,833,1,4,662506,0,22,49,7,1,1,3,3,3,4,0,1,1,1,1,1,1,1,0,0,592197,1,1,0,31891,13,12,12,11,3,5,1,1,0,31870,13,12,13,14,3,5,700,2610,3297,3298,4996,11937,498,0,80,205,230,315,45,85,680,1825,0,0,0,64,0,0,0,-600,1100,3272,-867,-850,0,1,0,0,0,0,0,0,0,400,1600,3272,500,500,0,3,0,0,0,0,0,0,0,0,0,3600,800,3263,600,0,0,0,0,0,0,0,0,0,0,0,0,0,0,0,0,0,0,0,0,1500,2800,11972,800,1300,2800,11928,1100,1600,2800,11987,1100,1200,2800,11926,800,0.000000,0.000000,66.813850,3.707383,0.000000,0.000000,29.670626,1.310598,0.000000,0.000000,0.000000,0.000000,10,1,1,1,1,1,0,1,0,1,0,0,0,0,0,1,0,0,0,0,0,0,0,0,0.000000,0.000000,0.000000,0.000000,0,1,19,65535,1,0,1,13,6,0,1785970346,400000000,3,3,12,6,9,6,5,5,4,102,1,1785970346,704742431,0,0.000000,0.000000,0.000000,0.000000,0.000000,0.000000,0,0,0,0,0,4,1785970346,400000000,0.077500,-0.185000,0.127500,0.000000,0.000000,0.000000,1,1785970346,601000000,-1871,-869,-987,0,0,0,1,1785970346,601000000,1026.106079,-998.790222,959.248169,-1017.995972,15,1785970346,601000000,35,1,0,0,0,0,0,0,0,0,0,0,0,0,1785970346,601000000,84,-654,5,7,0,0,0,0,0,0,0,0,0,0,0,0,1,1785970346,601000000,-3406,-4104,-7564,-63,-4341,-6356,6533,524,-1175,91,2,-5,-5,8,-7,-9,0.000000,0.000000,0.000000,-43,-31,4,0,0,1,0,0,0,6,1785970346,601000000,0.127500,-0.185000,-0.080000,0.000000,0.000000,0.000000,0.000000,0.000000,0.000000,0.000000,0.000000,0.000000,1
1,0,3,237,237,0,240,6,132,0,1785970100,0,1,0,0,1785970342,1785957740,1,37336,7,4,60,3,13932,181882,0,0,0,0,01,0,271,274,0,0,0,0,0,2,330,1785970356,662507,2,0,240,221,-119,-5788,189359,6478,46416518,107510,4,0,158323,143,173,257,255,2282225664,12416,4143972884,2049825422,6912,8984,-9216,32512,64,0,4608,268502272,42,49,3,45,21,766,-20,1406,-9,3,7,6,9,0,0,0,0,31790,31719,275,31710,259,0,0,0,0,1,1,0,1,1,1,0,1,0,0,0,1,1,402,400,256,4,662519,512,3,0,1,0,0,0,0,0,0,0,0,0,0,0,0,0,31740,-122,-2188,31796,0,0,7,2,2,1,4,6,0,0,1,1,1,1,1,1,0,0,1,0,0,0,0,0,592188,0,5993,5,5,33,2221,3,3,392,61,238,106,71,-2,1555,-10,1,3377,12044,3375,5020,3390,5023,11940,920,0,3279,31732,440,1,1,1,1,1,1,1,1,1,1,0,0,1,3,662512,768,3,6,0,0,0,0,0,0,0,0,7,2,2,4,0,0,0,0,1,1,1,1,0,0,0,0,0,0,0,0,0,1007225088,0,1359085568,5,5,7,1182,-1,0,-2,-1,1209,2,-4,0,17909,0,0,0,0,17895,0,0,3278,31737,430,1,0,0,0,1,0,0,0,0,1,0,0,1,3,662515,768,3,0,0,0,1,0,0,0,0,0,7,2,2,4,0,0,0,0,1,1,1,1,0,0,0,0,0,0,0,0,0,1024002304,0,1359085568,5,5,6,67,17,14,12,22,22240,19923,14664,14639,19685,22442,31823,3279,405,395,397,2,22392,19919,14919,14919,19919,22392,133,1334,249,204,236,493,1,1,1,833,741,555,555,741,833,1,4,662515,0,22,49,7,1,1,3,3,3,4,0,1,1,1,1,1,1,1,0,0,592188,1,1,0,31864,13,12,12,11,3,5,1,1,0,31870,13,12,14,14,3,5,700,2615,3291,3289,4992,11962,498,0,85,205,235,315,45,85,680,1825,0,0,0,0,0,0,0,-600,1000,3276,-856,-850,0,1,0,0,0,0,0,0,0,400,1600,3265,500,500,0,3,0,0,0,0,0,0,0,0,0,3600,800,3252,2300,0,0,0,0,0,0,0,0,0,0,0,0,0,0,0,0,0,0,0,0,1500,2800,11950,1100,1300,2800,11924,1000,1500,2800,11974,1300,1200,2800,11936,1000,0.000000,0.000000,66.923744,3.721264,0.000000,0.000000,29.670626,1.325636,0.000000,0.000000,0.000000,0.000000,10,1,1,1,1,1,0,1,0,1,0,0,0,0,0,1,0,0,0,0,0,0,0,0,0.000000,0.000000,0.000000,0.000000,0,1,19,65535,1,0,1,13,6,0,1785970354,800000000,3,3,7,6,13,6,5,5,4,102,1,1785970354,999725341,0,0.000000,0.000000,0.000000,0.000000,0.000000,0.000000,0,0,0,0,0,4,1785970354,800000000,0.082500,-0.182500,0.122500,0.000000,0.000000,0.000000,1,1785970354,800000000,-1884,-867,-965,0,0,0,1,1785970354,800000000,1024.613770,-1001.280029,957.016174,-1017.409607,15,1785970354,800000000,35,1,0,0,0,0,0,0,0,0,0,0,0,0,1785970354,800000000,135,-722,5,7,0,0,0,0,0,0,0,0,0,0,0,0,1,1785970354,800000000,-3450,-4142,-7584,-63,-4380,-6371,6492,524,-1174,90,2,-5,-6,7,-7,-9,0.000000,0.000000,0.000000,-33,-31,5,0,0,1,0,0,0,6,1785970354,800000000,0.122500,-0.182500,-0.082500,0.000000,0.000000,0.000000,0.000000,0.000000,0.000000,0.000000,0.000000,0.000000,1
1,0,3,237,237,0,240,6,132,0,1785970100,0,1,0,0,1785970342,1785957740,1,37336,7,4,60,3,13932,181882,0,0,0,0,01,0,272,275,0,0,0,0,0,2,330,1785970365,662516,2,0,240,222,-120,-5187,189359,6478,46416518,107510,4,0,158323,143,173,257,255,2399666176,12416,4143972884,2049825422,6912,8984,-9216,-32768,65,0,4352,251725056,42,52,6,45,18,769,-20,1409,-6,6,7,9,6,0,0,0,0,31775,31704,259,31710,274,0,0,0,0,1,1,0,1,1,1,0,1,0,0,0,1,1,402,401,256,4,662528,512,3,0,1,0,0,0,0,0,0,0,0,0,0,0,0,0,31725,-121,-2200,31785,0,0,7,2,2,1,4,6,0,0,1,1,1,1,1,1,0,0,1,0,0,0,0,0,592179,0,5992,5,5,31,2231,3,3,386,58,268,106,71,-2,1573,-13,-2,3361,12044,3390,5020,3390,5023,11940,920,0,3277,31716,442,1,1,1,1,1,1,1,1,1,1,0,0,1,3,662520,768,3,6,0,0,0,0,0,0,0,0,7,2,2,4,0,0,0,0,1,1,1,1,0,0,0,0,0,0,0,0,0,873007360,0,1359085568,5,5,7,1179,-1,3,-2,-1,1215,2,-1,0,17909,0,0,0,0,17895,0,0,3280,31722,432,1,0,0,0,1,0,0,0,0,1,0,0,1,3,662524,768,3,0,0,0,1,0,0,0,0,0,7,2,2,4,0,0,0,0,1,1,1,1,0,0,0,0,0,0,0,0,0,873007360,0,1359085568,5,5,6,65,17,13,12,21,22240,19909,14664,14639,19699,22455,31823,3275,405,395,397,2,22392,19919,14919,14919,19919,22392,133,1294,249,190,236,471,1,1,1,833,741,555,555,741,833,1,4,662523,0,22,49,7,1,1,3,3,3,4,0,1,1,1,1,1,1,1,0,0,592180,1,1,0,31864,13,12,12,11,3,5,1,1,0,31870,13,12,14,14,3,5,700,2610,3286,3285,4992,11975,498,0,80,205,235,310,50,85,680,1830,0,0,0,0,0,0,0,-600,1100,3274,-845,-850,0,1,0,0,0,0,0,0,0,400,1600,3254,500,500,0,3,0,0,0,0,0,0,0,0,0,3600,800,3245,2400,1300,0,0,0,0,0,0,0,0,0,0,0,0,0,0,0,0,0,0,0,1500,2800,11978,1100,1400,2800,11948,900,1500,2800,11986,1000,1200,2800,11926,1000,0.000000,0.000000,66.923744,3.722421,0.000000,0.000000,29.670626,1.311755,0.000000,0.000000,0.000000,0.000000,10,1,1,1,1,1,0,1,0,1,0,0,0,0,0,1,0,0,0,0,0,0,0,0,0.000000,0.000000,0.000000,0.000000,0,1,19,65535,1,0,1,13,6,0,1785970363,201000000,3,3,5,6,13,6,6,5,4,102,1,1785970363,321838378,0,0.000000,0.000000,0.000000,0.000000,0.000000,0.000000,0,0,0,0,0,4,1785970363,201000000,0.082500,-0.192500,0.127500,0.000000,0.000000,0.000000,1,1785970363,201000000,-1909,-869,-957,0,0,0,1,1785970363,201000000,1023.072327,-998.240234,960.880493,-1016.012451,15,1785970363,201000000,35,1,0,0,0,0,0,0,0,0,0,0,0,0,1785970363,201000000,185,-785,5,7,0,0,0,0,0,0,0,0,0,0,0,0,1,1785970363,201000000,-3494,-4183,-7603,-63,-4421,-6386,6449,524,-1174,89,2,-6,-6,8,-8,-9,0.000000,0.000000,0.000000,-40,-29,5,0,0,1,0,0,0,6,1785970363,201000000,0.127500,-0.192500,-0.082500,0.000000,0.000000,0.000000,0.000000,0.000000,0.000000,0.000000,0.000000,0.000000,1
1,0,3,237,237,0,240,6,132,0,1785970100,0,1,0,0,1785970342,1785957740,1,37336,7,4,60,3,13932,181882,0,0,0,0,01,0,273,276,0,0,0,0,0,2,330,1785970374,662525,2,0,241,222,-121,-3148,189359,6478,46416518,107510,4,0,158323,143,173,257,255,2282225664,12416,4143972884,2049825422,6912,8984,-9216,32256,64,0,3840,234947840,42,49,3,45,18,785,-20,1409,-6,6,4,6,9,0,0,0,0,31759,31688,275,31679,274,0,0,0,0,1,1,0,1,1,1,0,1,0,0,0,1,1,402,401,256,4,662536,512,3,0,1,0,0,0,0,0,0,0,0,0,0,0,0,0,31725,-121,-2206,31775,0,0,7,2,2,1,4,6,0,0,1,1,1,1,1,1,0,0,1,0,0,0,0,0,592171,0,5992,5,5,29,2235,3,3,389,55,277,106,71,-2,1582,-10,-2,3377,12044,3375,5020,3390,5023,11940,920,0,3279,31701,442,1,1,1,1,1,1,1,1,1,1,0,0,1,3,662528,768,3,6,0,0,0,0,0,0,0,0,7,2,2,4,0,0,0,0,1,1,1,1,0,0,0,0,0,0,0,0,0,738789632,0,1359085568,5,5,4,1182,-1,0,-2,-1,1212,2,-1,0,17909,0,0,0,0,17910,0,0,3280,31691,432,1,0,0,0,1,0,0,0,0,1,0,0,1,3,662532,768,3,0,0,0,1,0,0,0,0,0,7,2,2,4,0,0,0,0,1,1,1,1,0,0,0,0,0,0,0,0,0,738789632,0,1359085568,5,5,6,63,17,14,12,20,22240,19923,14664,14625,19685,22483,31792,3279,405,395,397,2,22392,19919,14919,14919,19919,22392,133,1255,249,204,236,449,1,1,1,833,741,555,555,741,833,1,4,662531,0,22,49,7,1,1,3,3,3,4,0,1,1,1,1,1,1,1,0,0,592172,1,1,0,31864,13,12,12,11,3,5,1,1,0,31843,13,12,14,14,3,5,700,2610,3295,3298,4992,11937,498,0,85,205,235,310,45,85,680,1825,0,0,0,0,0,0,0,-600,1100,3272,-835,-850,0,1,0,0,0,0,0,0,0,400,1500,3272,500,4200,0,3,0,0,0,0,0,0,0,0,0,3600,800,3265,600,0,0,0,0,0,0,0,0,0,0,0,0,0,0,0,0,0,0,0,0,1500,2800,11951,800,1400,2800,11937,700,1500,2800,11959,1200,1200,2800,11954,1000,0.000000,0.000000,66.923744,3.718951,0.000000,0.000000,29.670626,1.314068,0.000000,0.000000,0.000000,0.000000,10,1,1,1,1,1,0,1,0,1,0,0,0,0,0,1,0,0,0,0,0,0,0,0,0.000000,0.000000,0.000000,0.000000,0,1,19,65535,1,0,1,13,6,0,1785970371,400000000,3,3,5,6,13,6,6,5,4,102,1,1785970371,618041992,0,0.000000,0.000000,0.000000,0.000000,0.000000,0.000000,0,0,0,0,0,4,1785970371,400000000,0.075000,-0.187500,0.130000,0.000000,0.000000,0.000000,1,1785970371,400000000,-1915,-870,-919,0,0,0,1,1785970371,400000000,1023.142700,-1000.810425,958.683533,-1015.479126,15,1785970371,400000000,35,1,0,0,0,0,0,0,0,0,0,0,0,0,1785970371,400000000,232,-850,5,7,0,0,0,0,0,0,0,0,0,0,0,0,1,1785970371,400000000,-3539,-4226,-7617,-63,-4463,-6398,6408,525,-1173,88,3,-6,-5,8,-7,-8,0.000000,0.000000,0.000000,-43,-22,5,0,0,1,0,0,0,6,1785970371,400000000,0.130000,-0.187500,-0.075000,0.000000,0.000000,0.000000,0.000000,0.000000,0.000000,0.000000,0.000000,0.000000,1
1,0,3,237,237,0,240,6,132,0,1785970100,0,1,0,0,1785970342,1785957740,1,37336,7,4,60,3,13932,181882,0,0,0,0,01,0,273,277,0,0,0,0,0,2,330,1785970384,662535,2,0,242,223,-119,-5808,189359,6478,46416518,107510,4,0,158323,143,173,257,255,2282225664,12416,4143972884,2049825422,6912,8984,-9216,-32768,65,0,4608,268502272,42,49,6,45,18,785,-20,1412,-9,6,4,6,9,0,0,0,0,31744,31688,275,31679,274,0,0,0,0,1,1,0,1,1,1,0,1,0,0,0,1,1,402,402,256,4,662544,512,3,0,1,0,0,0,0,0,0,0,0,0,0,0,0,0,31709,-121,-2211,31765,0,0,7,2,2,1,4,6,0,0,1,1,1,1,1,1,0,0,1,0,0,0,0,0,592163,0,5993,5,5,27,2238,3,3,392,55,238,106,71,-2,1585,-13,-2,3377,12044,3375,5020,3390,5023,11924,920,0,3277,31701,445,1,1,1,1,1,1,1,1,1,1,0,0,1,3,662537,768,3,6,0,0,0,0,0,0,0,0,7,2,2,4,0,0,0,0,1,1,1,1,0,0,0,0,0,0,0,0,0,587794688,0,1459748864,5,5,4,1179,-1,0,-2,-1,1215,2,-4,0,17909,0,0,0,0,17910,0,0,3282,31722,435,1,0,0,0,1,0,0,0,0,1,0,0,1,3,662540,768,3,0,0,0,1,0,0,0,0,0,7,2,2,4,0,0,0,0,1,1,1,1,0,0,0,0,0,0,0,0,0,604571904,0,1359085568,5,5,6,60,17,14,12,19,22240,19909,14664,14611,19685,22455,31792,3279,405,395,397,2,22392,19919,14919,14919,19919,22392,133,1194,249,204,236,426,1,1,1,833,741,555,555,741,833,1,4,662540,0,22,49,7,1,1,3,3,3,4,0,1,1,1,1,1,1,1,0,0,592163,1,1,0,31837,13,12,12,11,3,5,1,1,0,31843,13,12,14,14,3,5,700,2775,3293,3289,4992,11962,498,0,80,205,235,315,45,85,675,1825,0,0,0,0,0,0,0,-600,1100,3276,-825,-850,0,1,0,0,0,0,0,0,0,400,1600,3272,500,500,0,3,0,0,0,0,0,0,0,0,0,3600,800,3254,2300,0,0,0,0,0,0,0,0,0,0,0,0,0,0,0,0,0,0,0,0,1500,2800,11933,900,1400,2800,11935,900,1600,2800,11965,1400,1200,2800,11938,1100,0.000000,0.000000,66.703964,3.705070,0.000000,0.000000,50.659847,2.570298,0.000000,0.000000,0.000000,0.000000,10,1,1,1,1,1,0,1,0,1,0,0,0,0,0,1,0,0,0,0,0,0,0,0,0.000000,0.000000,0.000000,0.000000,0,1,19,65535,1,0,1,13,6,0,1785970379,800000000,3,3,6,6,13,5,6,5,4,102,1,1785970379,952026367,0,0.000000,0.000000,0.000000,0.000000,0.000000,0.000000,0,0,0,0,0,4,1785970379,800000000,0.072500,-0.190000,0.130000,0.000000,0.000000,0.000000,1,1785970379,800000000,-1930,-870,-899,0,0,0,1,1785970379,800000000,1020.709229,-1003.882874,958.501038,-1016.325989,15,1785970379,800000000,35,1,0,0,0,0,0,0,0,0,0,0,0,0,1785970379,800000000,287,-925,5,7,0,0,0,0,0,0,0,0,0,0,0,0,1,1785970379,800000000,-3586,-4271,-7629,-63,-4507,-6409,6366,525,-1172,87,3,-6,-4,8,-7,-8,0.000000,0.000000,0.000000,-34,-27,6,0,0,1,0,0,0,6,1785970379,800000000,0.130000,-0.190000,-0.072500,0.000000,0.000000,0.000000,0.000000,0.000000,0.000000,0.000000,0.000000,0.000000,1
1,0,3,237,237,0,240,6,132,0,1785970100,0,1,0,0,1785970342,1785957740,1,37336,7,5,60,3,13932,181882,0,0,0,0,01,0,274,278,0,0,0,0,0,2,330,1785970393,662544,2,0,243,224,-119,175,189359,6478,46416518,107510,4,0,158323,143,173,257,255,2315780096,12416,4143972884,2049825422,6912,8984,-9216,32512,64,0,4096,251725056,42,46,6,48,18,779,-23,1412,-9,6,1,6,6,0,0,0,0,31759,31673,275,31679,274,0,0,0,0,1,1,0,1,1,1,0,1,0,0,0,1,1,405,403,256,4,662553,512,3,0,1,0,0,0,0,0,0,0,0,0,0,0,0,0,31694,-121,-2213,31756,0,0,7,2,2,1,4,6,0,0,1,1,1,1,1,1,0,0,1,0,0,0,0,0,592154,0,5992,5,5,26,2239,3,3,386,52,268,109,71,-2,1585,-10,-2,3361,12044,3375,5020,3390,5023,11924,920,0,3283,31686,445,1,1,1,1,1,1,1,1,1,1,0,0,1,3,662545,768,3,6,0,0,0,0,0,0,0,0,7,2,2,4,0,0,0,0,1,1,1,1,0,0,0,0,0,0,0,0,0,453576960,0,1359085568,5,5,7,1179,-1,3,-2,-1,1215,2,-4,0,17909,0,0,0,0,17895,0,0,3278,31691,435,1,0,0,0,1,0,0,0,0,1,0,0,1,3,662549,768,3,0,0,0,1,0,0,0,0,0,7,2,2,4,0,0,0,0,1,1,1,1,0,0,0,0,0,0,0,0,0,453576960,0,1359085568,5,5,6,59,17,14,12,19,22226,19909,14636,14625,19685,22455,31792,3279,405,395,397,2,22392,19919,14919,14919,19919,22392,133,1174,248,204,236,426,1,1,1,833,741,555,555,741,833,1,4,662548,0,22,49,7,1,1,3,3,3,4,0,1,1,1,1,1,1,1,0,0,592155,1,1,0,31837,13,12,12,11,3,5,1,1,0,31843,13,12,14,14,3,5,800,2615,3291,3285,4992,11975,498,0,80,205,235,310,50,85,680,1825,0,0,0,0,0,0,0,-600,1000,3276,-815,-850,0,1,0,0,0,0,0,0,0,500,1600,3261,500,500,0,3,0,0,0,0,0,0,0,0,0,3500,700,3237,2400,1300,0,0,0,0,0,0,0,0,0,0,0,0,0,0,0,0,0,0,0,1600,2800,11977,900,1400,2800,11925,1100,1500,2800,11962,1300,1200,2800,11935,1000,0.000000,0.000000,66.703964,3.693502,0.000000,0.000000,50.549953,2.571455,0.000000,0.000000,0.000000,0.000000,10,1,1,1,1,1,0,1,0,1,0,0,0,0,0,1,0,0,0,0,0,0,0,0,0.000000,0.000000,0.000000,0.000000,0,1,19,65535,1,0,1,13,6,0,1785970388,0,3,3,5,6,12,6,6,5,3,102,1,1785970388,260314941,0,0.000000,0.000000,0.000000,0.000000,0.000000,0.000000,0,0,0,0,0,4,1785970388,0,0.080000,-0.182500,0.137500,0.000000,0.000000,0.000000,1,1785970388,0,-1936,-859,-881,0,0,0,1,1785970388,0,1020.384705,-1004.146484,958.695618,-1014.203308,15,1785970388,0,35,1,0,0,0,0,0,0,0,0,0,0,0,0,1785970388,0,337,-991,5,7,0,0,0,0,0,0,0,0,0,0,0,0,1,1785970388,0,-3630,-4317,-7639,-63,-4550,-6418,6326,525,-1172,86,3,-5,-5,8,-7,-9,0.000000,-0.000000,0.000000,-41,-30,8,0,0,1,0,0,0,6,1785970388,0,0.137500,-0.182500,-0.080000,0.000000,0.000000,0.000000,0.000000,0.000000,0.000000,0.000000,0.000000,0.000000,1
1,0,3,237,237,0,240,6,132,0,1785970100,0,1,0,0,1785970342,1785957740,1,37336,7,5,60,3,14022,181892,0,0,0,0,01,0,275,278,0,0,0,0,0,2,330,1785970402,662553,2,0,243,225,-119,-3946,189359,6478,46416518,107510,4,0,158323,143,173,257,255,2299002880,12416,4143972884,2049825422,6912,8984,-9216,32512,64,0,4608,268502272,42,49,6,45,18,785,-20,1412,-9,6,4,6,6,0,0,0,0,31744,31673,259,31664,259,0,0,0,0,1,1,0,1,1,1,0,1,0,0,0,1,1,405,403,256,4,662561,512,3,0,1,0,0,0,0,0,0,0,0,0,0,0,0,0,31679,-122,-2216,31747,0,0,7,2,2,1,4,6,0,0,1,1,1,1,1,1,0,0,1,0,0,0,0,0,592146,0,5993,5,5,24,2240,3,3,389,52,268,104,71,-2,1582,-10,-2,3361,12044,3375,5020,3390,5008,11924,920,0,3277,31671,447,1,1,1,1,1,1,1,1,1,1,0,0,1,3,662553,768,3,6,0,0,0,0,0,0,0,0,7,2,2,4,0,0,0,0,1,1,1,1,0,0,0,0,0,0,0,0,0,319359232,0,1359085568,5,5,7,1182,-1,0,-2,-1,1215,2,-1,0,17909,0,0,0,0,17895,0,0,3276,31676,437,1,0,0,0,1,0,0,0,0,1,0,0,1,3,662557,768,3,0,0,0,1,0,0,0,0,0,7,2,2,4,0,0,0,0,1,1,1,1,0,0,0,0,0,0,0,0,0,319359232,0,1359085568,5,5,6,57,17,14,12,18,22212,19909,14636,14625,19699,22455,31792,3279,405,395,398,2,22392,19919,14919,14919,19919,22392,133,1134,248,204,236,404,1,1,1,833,741,555,555,741,833,1,4,662556,0,22,49,7,1,1,3,3,3,4,0,1,1,1,1,1,1,1,0,0,592147,1,1,0,31837,13,12,12,11,3,5,1,1,0,31803,13,12,14,14,3,5,800,2605,3302,3298,4996,11937,498,0,80,205,235,315,45,85,680,1825,0,0,0,0,0,0,0,-500,1000,3279,-796,-850,0,1,0,0,0,0,0,0,0,400,1500,3272,500,500,0,3,0,0,0,0,0,0,0,0,0,3600,800,3260,600,0,0,0,0,0,0,0,0,0,0,0,0,0,0,0,0,0,0,0,0,1500,2800,11963,1000,1300,2800,11901,1200,1500,2800,11971,1200,1200,2800,11927,1000,0.000000,0.000000,66.484177,3.699286,0.000000,0.000000,50.440063,2.564514,28.351931,1.270112,0.000000,0.000000,26,1,1,1,1,1,0,1,0,1,0,0,0,0,0,1,0,0,0,0,0,0,0,0,0.000000,0.000000,0.000000,0.000000,0,1,19,65535,1,0,1,13,6,0,1785970402,200000000,3,3,5,6,12,6,6,5,3,101,1,1785970402,296295166,0,0.000000,0.000000,0.000000,0.000000,0.000000,0.000000,0,0,0,0,0,4,1785970402,200000000,0.075000,-0.195000,0.140000,0.000000,0.000000,0.000000,1,1785970402,200000000,-1976,-857,-856,0,0,0,1,1785970402,200000000,1023.690002,-1006.414185,959.485352,-1012.879883,15,1785970402,200000000,35,1,0,0,0,0,0,0,0,0,0,0,0,0,1785970402,200000000,420,-1117,5,7,0,0,0,0,0,0,0,0,0,0,0,0,1,1785970402,200000000,-3707,-4403,-7645,-62,-4627,-6429,6259,526,-1171,85,4,-7,-5,9,-8,-8,0.000000,-0.000000,0.000000,-42,-26,8,0,0,1,0,0,0,6,1785970402,200000000,0.140000,-0.195000,-0.075000,0.000000,0.000000,0.000000,0.000000,0.000000,0.000000,0.000000,0.000000,0.000000,1
1,0,3,237,237,15,240,4,4,29420,1785999891,0,2,0,0,1785970403,1785957740,1,37336,8,5,60,3,14141,181912,0,0,0,0,01,0,276,279,0,0,0,0,0,2,330,1785970411,662562,2,0,244,226,-120,-5785,189359,6478,46416518,107510,4,0,158323,143,173,257,255,2282225664,12416,4143972884,2049825422,6912,8984,-9216,-32768,65,0,4608,268502272,42,49,6,45,18,691,-32,42,-9,6,4,6,6,0,0,0,0,31959,31933,259,31955,274,0,0,0,0,1,1,0,1,1,1,0,1,0,0,0,1,1,405,404,256,4,662569,512,3,0,1,0,0,0,0,0,0,0,0,0,0,0,0,0,31939,-121,-751,31975,0,0,7,2,2,1,4,6,0,0,1,1,1,1,1,1,0,0,1,0,0,0,0,0,592138,0,5992,5,5,23,774,3,3,383,55,268,106,71,-2,1355,-13,-2,3361,12028,3375,5020,3390,5023,11940,920,0,3277,31945,447,1,1,1,1,1,1,1,1,1,1,0,0,1,3,662561,768,3,6,0,0,0,0,0,0,0,0,7,2,2,4,0,0,0,0,1,1,1,1,0,0,0,0,0,0,0,0,0,185141504,0,1359085568,5,5,7,39,-1,0,-2,-1,6,2,-1,0,17970,0,0,0,0,17970,0,0,3280,31980,437,1,0,0,0,1,0,0,0,0,1,0,0,1,3,662565,768,3,0,0,0,1,0,0,0,0,0,7,2,2,4,0,0,0,0,1,1,1,1,0,0,0,0,0,0,0,0,0,185141504,0,1359085568,5,5,6,55,17,14,12,18,22226,19909,14636,14611,19685,22455,32008,3275,405,396,398,2,22392,19919,14919,14919,19919,22392,133,1095,248,204,236,404,1,1,1,833,741,555,555,741,833,1,4,662564,0,22,49,7,1,1,3,3,3,4,0,1,1,1,1,1,1,1,0,0,592139,1,1,0,32026,13,12,12,11,3,5,1,1,0,32006,13,12,14,14,3,5,700,2605,3297,3298,4996,11925,498,0,80,205,235,315,45,85,680,1825,0,0,0,64,0,0,0,-600,1100,3279,-794,-850,0,1,0,0,0,0,0,0,0,400,1600,3274,500,500,0,3,0,0,0,0,0,0,0,0,0,3600,800,3265,600,0,0,0,0,0,0,0,0,0,0,0,0,0,0,0,0,0,0,0,0,1600,2800,11957,800,1300,2800,11919,1200,1500,2800,11987,1300,1200,2800,11952,1100,0.000000,0.000000,66.484177,3.692345,0.000000,0.000000,50.440063,2.569142,28.351931,1.275895,0.000000,0.000000,26,1,1,1,1,1,0,1,0,1,0,0,0,0,0,1,0,0,0,0,0,0,0,0,0.000000,0.000000,0.000000,0.000000,0,1,19,65535,1,0,1,13,6,0,1785970404,400000000,3,3,6,6,12,6,6,5,4,101,1,1785970404,711547851,0,0.000000,0.000000,0.000000,0.000000,0.000000,0.000000,0,0,0,0,0,4,1785970404,601000000,0.065000,-0.190000,0.140000,0.000000,0.000000,0.000000,1,1785970404,601000000,-1980,-863,-829,0,0,0,1,1785970404,601000000,1023.541748,-1006.165771,959.515747,-1011.592529,15,1785970404,601000000,35,1,0,0,0,0,0,0,0,0,0,0,0,0,1785970404,601000000,433,-1135,5,7,0,0,0,0,0,0,0,0,0,0,0,0,1,1785970404,601000000,-3720,-4417,-7647,-63,-4640,-6431,6247,526,-1171,84,4,-6,-4,9,-7,-7,0.000000,0.000000,0.000000,-48,-24,8,0,0,1,0,0,0,6,1785970404,601000000,0.140000,-0.190000,-0.065000,0.000000,0.000000,0.000000,0.000000,0.000000,0.000000,0.000000,0.000000,0.000000,1
1,0,3,237,237,15,240,4,4,29410,1785999891,0,2,0,0,1785970403,1785957740,1,37336,8,5,60,3,14141,181912,0,0,0,0,01,0,277,280,0,0,0,0,0,2,330,1785970421,662572,2,0,246,229,-121,-2165,189363,6478,46417506,107510,4,0,158323,143,173,257,255,2282225664,12416,4211081748,2049825425,-2304,8984,-9216,32512,64,0,4352,251725056,42,49,6,45,18,194,-20,0,-9,6,4,6,9,0,0,0,0,32112,32101,259,32108,259,0,0,0,0,1,1,0,1,1,1,0,1,0,0,0,1,1,405,404,256,4,662586,512,4,0,1,0,0,0,0,0,0,0,0,0,0,0,0,0,32122,-121,-208,32128,0,0,7,2,2,1,4,6,0,0,1,1,1,1,1,1,0,0,1,0,0,0,0,0,592121,0,5992,5,5,23,231,3,3,395,81,268,106,71,113,0,-10,-2,3377,12028,3375,5020,3390,5023,521,920,0,3277,32113,447,1,1,1,1,1,1,1,1,1,0,0,0,1,3,662578,768,4,6,0,0,0,0,0,0,0,0,7,2,2,4,0,0,0,0,1,1,1,1,0,0,0,0,0,0,0,0,0,4194830592,0,1359085568,5,5,7,-9,-1,0,1,-1,0,2,-4,0,1018,0,0,0,0,1000,0,0,3280,32132,435,0,0,0,0,0,0,0,0,0,0,0,0,1,3,662582,768,4,0,0,0,1,0,0,0,0,0,7,2,2,4,0,0,0,0,1,1,1,1,0,0,0,0,0,0,0,0,0,4194830592,0,1359085568,5,5,6,55,17,14,12,18,22226,19909,14636,14611,19713,22455,32131,3279,405,396,398,2,22392,19919,14919,14919,19919,22392,133,1094,248,204,236,404,1,1,1,833,741,555,555,741,833,1,4,662581,0,22,49,7,1,1,3,3,3,4,0,1,1,1,1,1,1,1,0,0,592122,1,1,0,32161,13,12,12,11,3,5,1,1,0,32141,13,12,14,14,3,5,700,2775,3291,3289,4893,11962,498,0,80,205,235,315,45,85,675,1830,0,0,0,0,0,0,0,-500,1000,3270,-771,-850,0,1,0,0,0,0,0,0,0,500,1500,3254,500,500,0,3,0,0,0,0,0,0,0,0,0,3600,800,3250,600,0,0,0,0,0,0,0,0,0,0,0,0,0,0,0,0,0,0,0,0,1600,2800,11953,1400,1400,2800,11915,1000,1600,2800,11971,2700,1200,2800,11899,1000,115.605553,96.958725,0.000000,0.000000,117.803368,20.373817,0.000000,0.000000,0.000000,0.000000,68.352325,3.707383,37,1,1,1,1,1,0,1,0,1,0,0,0,0,0,1,0,0,0,0,0,0,0,0,0.000000,0.000000,0.000000,0.000000,0,1,13,65535,1,0,1,13,6,0,1785970421,201000000,3,3,7,6,13,6,5,5,4,102,1,1785970421,341552734,0,0.000000,0.000000,0.000000,0.000000,0.000000,0.000000,0,0,0,0,0,4,1785970421,201000000,-4.240000,0.485000,-0.222500,0.000000,0.000000,0.000000,1,1785970421,201000000,-2229,304,-748,0,0,0,1,1785970421,201000000,-2646.951172,-1323.022339,3903.132568,-1415.839111,15,1785970421,201000000,35,1,0,0,0,0,0,0,0,0,0,0,0,0,1785970421,201000000,604,-778,5,7,0,0,0,0,0,0,0,0,0,0,0,0,1,1785970421,201000000,-3477,-3972,-4848,-1187,-4131,-4643,7867,522,-1170,88,-31,64,427,-27,60,423,-0.000002,0.000032,-0.000005,51,-39,0,0,0,1,0,0,0,6,1785970421,201000000,-0.222500,0.485000,4.240000,0.000000,0.000000,0.000000,0.000000,0.000000,0.000000,0.000000,0.000000,0.000000,1
1,0,3,237,237,15,240,4,4,29401,1785999891,0,2,0,0,1785970403,1785957740,1,37336,8,5,60,3,14141,181912,0,0,0,0,01,0,278,281,0,0,0,0,0,2,330,1785970430,662581,2,0,247,237,-117,-5111,189367,6478,46418494,107510,4,0,158323,143,173,257,255,2282225664,12416,4278190612,2049825429,-11520,8984,-9216,32256,64,0,3840,234947840,45,49,6,45,18,197,-20,0,-9,6,4,6,9,0,0,0,0,32143,32131,259,32138,259,0,0,0,0,1,1,0,1,1,1,0,1,0,0,0,1,1,405,404,256,4,662594,512,4,0,1,0,0,0,0,0,0,0,0,0,0,0,0,0,32138,-122,-217,32145,0,0,7,2,2,1,4,6,0,0,1,1,1,1,1,1,0,0,1,0,0,0,0,0,592113,0,5992,5,5,22,239,3,3,386,67,268,106,71,229,0,-10,1,3377,12028,3375,5020,3390,5008,383,920,0,3277,32128,447,1,1,1,1,1,1,1,1,1,0,0,0,1,3,662586,768,4,6,0,0,0,0,0,0,0,0,7,2,2,4,0,0,0,0,1,1,1,1,0,0,0,0,0,0,0,0,0,4060612864,0,1359085568,5,5,4,-9,-1,3,-2,-1,0,-1,-1,0,942,0,0,0,0,925,0,0,3280,32162,435,0,0,0,0,0,0,0,0,0,0,0,0,1,3,662590,768,4,0,0,0,1,0,0,0,0,0,7,2,2,4,0,0,0,0,1,1,1,1,0,0,0,0,0,0,0,0,0,4060612864,0,1359085568,5,5,6,55,17,14,12,18,22226,19909,14636,14611,19713,22455,32162,3279,407,397,399,2,22392,19919,14919,14919,19919,22392,133,1094,248,204,236,404,1,1,1,833,741,555,555,741,833,1,4,662589,0,22,49,7,1,1,3,3,3,4,0,1,1,1,1,1,1,1,0,0,592114,1,1,0,32161,13,12,12,11,3,5,1,1,0,32168,13,12,14,14,3,5,700,2610,3291,3285,4919,11950,498,0,80,205,235,315,45,90,680,1825,0,0,0,0,0,0,0,-500,1000,3274,-763,-850,0,1,0,0,0,0,0,0,0,400,1500,3265,500,500,0,3,0,0,0,0,0,0,0,0,0,3700,800,3252,600,0,0,0,0,0,0,0,0,0,0,0,0,0,0,0,0,0,0,0,0,1500,2800,11960,1400,1300,2800,11906,1200,1500,2800,11968,1600,1200,2800,11925,1000,114.176964,95.865570,0.000000,0.000000,0.000000,0.000000,119.231956,100.097054,0.000000,0.000000,115.495659,17.864830,41,1,1,1,1,1,0,1,0,1,0,0,0,0,0,1,0,0,0,0,0,0,0,0,0.000000,0.000000,0.000000,0.000000,0,1,13,65535,1,0,1,13,6,0,1785970429,400000000,3,3,8,7,12,6,4,5,5,102,1,1785970429,653350830,0,0.000000,0.000000,0.000000,0.000000,0.000000,0.000000,0,0,0,0,0,4,1785970429,400000000,-2.747500,0.262500,-0.085000,0.000000,0.000000,0.000000,1,1785970429,400000000,-1841,1384,-594,0,0,0,1,1785970429,400000000,-1308.649170,-1255.775757,2847.749023,-1245.240723,15,1785970429,400000000,35,1,0,0,0,0,0,0,0,0,0,0,0,0,1785970429,400000000,482,-278,5,7,0,0,0,0,0,0,0,0,0,0,0,0,1,1785970429,400000000,-3387,-3426,-2261,-2140,-3334,-2644,8901,520,-1167,91,-16,43,277,-14,38,274,-0.000003,0.000018,-0.000003,-59,-50,7,0,0,1,0,0,0,6,1785970429,400000000,-0.085000,0.262500,2.747500,0.000000,0.000000,0.000000,0.000000,0.000000,0.000000,0.000000,0.000000,0.000000,1
1,0,3,237,237,15,240,4,4,29391,1785999891,0,2,0,0,1785970403,1785957740,1,37336,8,6,60,3,14141,181912,0,0,0,0,01,0,279,282,0,0,0,0,0,2,330,1785970440,662591,2,0,248,231,-119,-3843,189367,6478,46418494,107510,4,0,158323,143,173,257,255,2299002880,12416,4278190612,2049825429,-11520,8984,-9216,32512,64,0,4608,268502272,42,49,6,48,18,194,-20,0,-9,6,4,6,9,0,0,0,0,32158,32146,259,32153,274,0,0,0,0,1,1,0,1,1,1,0,1,0,0,0,1,1,405,404,256,4,662602,512,4,0,1,0,0,0,0,0,0,0,0,0,0,0,0,0,32153,-121,-214,32160,0,0,7,2,2,1,4,6,0,0,1,1,1,1,1,1,0,0,1,0,0,0,0,0,592105,0,5993,5,5,22,236,3,3,392,49,238,106,71,229,0,-10,-2,3377,12044,3375,5020,3390,5008,275,920,0,3277,32159,447,1,1,1,1,1,1,1,1,1,0,0,0,1,3,662595,768,4,6,0,0,0,0,0,0,0,0,7,2,2,4,0,0,0,0,1,1,1,1,0,0,0,0,0,0,0,0,0,3909617920,0,1359085568,5,5,7,-6,2,3,-2,-1,-3,5,-1,0,851,0,0,0,0,849,0,0,3278,32178,435,0,0,0,0,0,0,0,0,0,0,0,0,1,3,662598,768,4,0,0,0,1,0,0,0,0,0,7,2,2,4,0,0,0,0,1,1,1,1,0,0,0,0,0,0,0,0,0,3926395136,0,1359085568,5,5,6,53,17,14,12,18,22226,19923,14622,14597,19699,22469,32193,3279,405,397,399,2,22392,19919,14919,14919,19919,22392,133,1055,248,204,236,404,1,1,1,833,741,555,555,741,833,1,4,662598,0,22,49,7,1,1,3,3,3,4,0,1,1,1,1,1,1,1,0,0,592105,1,1,0,32188,13,12,12,11,3,5,1,1,0,32195,13,12,14,14,3,5,800,2735,3295,3293,4957,11962,498,0,80,205,235,315,45,85,680,1825,0,0,0,0,0,0,0,-500,1000,3270,-751,-850,0,1,0,0,0,0,0,0,0,500,1600,3267,500,500,0,3,0,0,0,0,0,0,0,0,0,3700,700,3252,2300,0,0,0,0,0,0,0,0,0,0,0,0,0,0,0,0,0,0,0,0,1500,2800,11969,300,1400,2800,11927,1100,1600,2800,11972,1200,1200,2800,11947,1000,114.067070,84.687912,0.000000,0.000000,0.000000,0.000000,119.891304,100.165245,0.000000,0.000000,114.067070,14.919745,41,1,1,1,1,1,0,1,0,1,0,0,0,0,0,1,0,0,0,0,0,0,0,0,0.000000,0.000000,0.000000,0.000000,0,1,13,65535,1,0,1,13,6,0,1785970437,800000000,3,3,7,7,13,6,4,6,10,103,1,1785970437,963806152,0,0.000000,0.000000,0.000000,0.000000,0.000000,0.000000,0,0,0,0,0,4,1785970437,800000000,-1.505000,0.110000,0.000000,0.000000,0.000000,0.000000,1,1785970437,800000000,-1282,1942,-434,0,0,0,1,1785970437,800000000,-248.667709,-1170.144531,1954.833130,-1110.380371,15,1785970437,800000000,35,1,0,0,0,0,0,0,0,0,0,0,0,0,1785970437,800000000,251,-34,5,7,0,0,0,0,0,0,0,0,0,0,0,0,1,1785970437,800000000,-3414,-3054,-695,-2640,-2712,-1328,9265,520,-1163,89,-6,28,153,-5,23,150,-0.000002,0.000008,-0.000001,-132,22,6,0,0,1,0,0,0,6,1785970437,800000000,0.000000,0.110000,1.505000,0.000000,0.000000,0.000000,0.000000,0.000000,0.000000,0.000000,0.000000,0.000000,1
1,0,3,237,237,15,240,4,4,29381,1785999891,0,2,0,0,1785970403,1785957740,1,37336,7,6,60,3,14141,181912,0,0,0,0,01,0,280,283,0,0,0,0,0,2,330,1785970450,662601,2,0,249,237,-120,-5751,189371,6478,46419482,107510,4,0,158323,143,173,257,255,2315780096,12417,50332180,2049825433,-20736,8984,-9216,32256,64,0,4352,251725056,45,49,3,45,18,163,-20,0,-9,6,4,6,9,0,0,0,0,32174,32162,259,32169,274,0,0,0,0,1,1,0,1,1,1,0,1,0,0,0,1,1,405,404,256,4,662611,512,4,0,1,0,0,0,0,0,0,0,0,0,0,0,0,0,32168,-121,-183,32174,0,0,7,2,2,1,4,6,0,0,1,1,1,1,1,1,0,0,1,0,0,0,0,0,592096,0,5992,5,5,20,203,3,3,383,55,268,106,71,1,0,-10,-2,3361,12044,3390,5020,3390,5023,214,920,0,3277,32174,447,1,1,1,1,1,1,1,1,1,0,0,0,1,3,662603,768,4,6,0,0,0,0,0,0,0,0,7,2,2,4,0,0,0,0,1,1,1,1,0,0,0,0,0,0,0,0,0,3775400192,0,1359085568,5,5,7,-9,-1,3,-2,-1,0,2,-1,0,790,0,0,0,0,773,0,0,3280,32193,432,0,0,0,0,0,0,0,0,0,0,0,0,1,3,662607,768,4,0,0,0,1,0,0,0,0,0,7,2,2,4,0,0,0,0,1,1,1,1,0,0,0,0,0,0,0,0,0,3775400192,0,1359085568,5,5,6,51,17,14,12,18,22212,19895,14622,14611,19685,22442,32193,3279,407,397,399,2,22392,19919,14919,14919,19919,22392,133,1014,248,204,236,403,1,1,1,833,741,555,555,741,833,1,4,662606,0,22,49,7,1,1,3,3,3,4,0,1,1,1,1,1,1,1,0,0,592097,1,1,0,32188,13,12,12,11,3,5,1,1,0,32195,13,12,14,14,3,5,800,2615,3286,3285,4957,11987,498,0,85,205,235,310,50,85,680,1830,0,0,0,64,0,0,0,-500,1000,3272,-741,-850,0,1,0,0,0,0,0,0,0,500,1500,3257,500,500,0,3,0,0,0,0,0,0,0,0,0,3600,700,3239,2400,1300,0,0,0,0,0,0,0,0,0,0,0,0,0,0,0,0,0,0,0,1600,2800,11973,500,1400,2800,11917,1100,1600,2800,11985,1300,1200,2800,11951,1000,113.737396,28.206165,0.000000,0.000000,0.000000,0.000000,120.220978,66.090881,0.000000,0.000000,95.385567,6.844479,41,1,1,1,1,1,0,1,0,1,0,0,0,0,0,1,0,0,0,0,0,0,0,0,0.000000,0.000000,0.000000,0.000000,0,1,13,65535,1,0,1,13,6,0,1785970446,0,3,3,12,7,10,6,4,6,11,102,1,1785970446,273956298,0,0.000000,0.000000,0.000000,0.000000,0.000000,0.000000,0,0,0,0,0,4,1785970446,0,-0.747500,0.007500,0.030000,0.000000,0.000000,0.000000,1,1785970446,0,-952,2125,-308,0,0,0,1,1785970446,0,436.963959,-1109.981567,1407.404419,-1035.251709,15,1785970446,0,35,1,0,0,0,0,0,0,0,0,0,0,0,0,1785970446,0,117,36,5,7,0,0,0,0,0,0,0,0,0,0,0,0,1,1785970446,201000000,-3451,-2832,112,-2867,-2335,-626,9373,523,-1160,86,-2,17,77,-2,12,73,-0.000001,0.000003,-0.000001,-119,31,3,0,0,1,0,0,0,6,1785970446,201000000,0.035000,0.005000,0.742500,0.000000,0.000000,0.000000,0.000000,0.000000,0.000000,0.000000,0.000000,0.000000,1
1,0,3,237,237,15,240,4,4,29371,1785999891,0,2,0,0,1785970403,1785957740,1,37336,7,7,60,3,14141,181912,0,0,0,0,01,0,281,284,0,0,0,0,0,2,330,1785970460,662611,2,0,250,234,-120,1501,189371,6478,46419482,107510,4,0,158323,143,173,257,255,2282225664,12417,50332180,2049825433,-20736,8984,-9216,32512,64,0,4096,251725056,45,49,3,45,18,163,-20,3,-9,6,4,6,6,0,0,0,0,32174,32162,458,32184,259,0,0,0,0,1,1,0,1,1,1,0,1,0,0,0,1,1,405,404,256,4,662619,512,4,0,1,0,0,0,0,0,0,0,0,0,0,0,0,0,32168,-122,-186,32183,0,0,7,2,2,1,4,6,0,0,1,1,1,1,1,1,0,0,1,0,0,0,0,0,592088,0,5993,5,5,19,205,3,3,386,58,271,106,71,-2,0,-13,-2,3361,12044,3375,5020,3390,5023,183,920,0,3277,32174,447,1,1,1,1,1,1,1,1,1,0,0,0,1,3,662611,768,4,6,0,0,0,0,0,0,0,0,7,2,2,4,0,0,0,0,1,1,1,1,0,0,0,0,0,0,0,0,0,3641182464,0,1359085568,5,5,7,-9,-1,3,-2,2,0,2,-1,0,729,0,0,0,0,727,0,0,3280,32193,432,0,0,0,0,0,0,0,0,0,0,0,0,1,3,662615,768,4,0,0,0,1,0,0,0,0,0,7,2,2,4,0,0,0,0,1,1,1,1,0,0,0,0,0,0,0,0,0,3641182464,0,1359085568,5,5,6,48,17,14,12,18,22198,19923,14622,14611,19685,22428,32193,3279,405,397,399,2,22392,19919,14919,14919,19919,22392,133,956,248,204,236,403,1,1,1,833,741,555,555,741,833,1,4,662614,0,22,49,7,1,1,3,3,3,4,0,1,1,1,1,1,1,1,0,0,592089,1,1,0,32228,13,12,12,11,3,5,1,1,0,32195,13,12,14,14,3,5,800,2610,3302,3298,4996,11925,498,0,80,205,235,315,45,85,680,1825,0,0,0,64,0,0,0,-500,1100,3281,-731,-850,0,1,0,0,0,0,0,0,0,500,1600,3276,500,500,0,3,0,0,0,0,0,0,0,0,0,3600,800,3263,600,0,0,0,0,0,0,0,0,0,0,0,0,0,0,0,0,0,0,0,0,1600,2800,11978,1000,1400,2800,11910,1100,1600,2800,11973,1500,1200,2800,11950,900,99.121864,7.668085,0.000000,0.000000,0.000000,0.000000,119.781410,27.461227,0.000000,0.000000,48.791695,2.507834,41,1,1,1,1,1,0,1,0,1,0,0,0,0,0,1,0,0,0,0,0,0,0,0,0.000000,0.000000,0.000000,0.000000,0,1,13,65535,1,0,1,13,6,0,1785970454,400000000,3,3,15,7,9,6,3,6,13,102,1,1785970454,576049804,0,0.000000,0.000000,0.000000,0.000000,0.000000,0.000000,0,0,0,0,0,4,1785970454,400000000,-0.355000,-0.067500,0.047500,0.000000,0.000000,0.000000,1,1785970454,400000000,-753,2214,-242,0,0,0,1,1785970454,400000000,788.892700,-1074.394287,1131.936035,-995.192566,15,1785970454,400000000,35,1,0,0,0,0,0,0,0,0,0,0,0,0,1785970454,400000000,50,60,5,7,0,0,0,0,0,0,0,0,0,0,0,0,1,1785970454,400000000,-3477,-2697,494,-2967,-2125,-284,9409,527,-1158,82,0,10,38,-1,5,35,-0.000001,0.000001,-0.000000,-111,26,1,0,0,1,0,0,0,6,1785970454,400000000,0.047500,-0.067500,0.355000,0.000000,0.000000,0.000000,0.000000,0.000000,0.000000,0.000000,0.000000,0.000000,1
1,0,3,237,237,15,240,4,4,29361,1785999891,0,2,0,0,1785970464,1785957740,1,37336,7,8,61,3,14141,181912,0,0,0,0,01,0,282,285,0,0,0,0,0,2,330,1785970470,662621,2,0,253,236,-122,1838,189375,6478,46420470,107510,4,0,158323,143,173,257,255,2265448448,12417,117441044,2049825437,-29952,8984,-9216,32256,64,0,4608,268502272,42,52,6,45,18,163,-35,0,-9,6,4,9,6,0,0,0,0,32189,32177,259,32184,274,0,0,0,0,1,1,0,1,1,1,0,1,0,0,0,1,1,402,403,256,4,662636,512,4,0,1,0,0,0,0,0,0,0,0,0,0,0,0,0,32183,-121,-188,32194,0,0,7,2,2,1,4,6,0,0,1,1,1,1,1,1,0,0,1,0,0,0,0,0,592071,0,5992,5,5,16,204,3,3,395,58,238,106,74,-2,0,-10,-2,3361,12044,3390,5020,3390,5023,153,920,0,3277,32189,447,1,1,1,1,1,1,1,1,1,0,0,0,1,3,662628,768,4,6,0,0,0,0,0,0,0,0,7,2,2,4,0,0,0,0,1,1,1,1,0,0,0,0,0,0,0,0,0,3355969792,0,1359085568,5,5,4,-9,-1,3,-2,-1,0,2,-1,0,623,0,0,0,0,621,0,0,3280,32208,430,0,0,0,0,0,0,0,0,0,0,0,0,1,3,662632,768,4,0,0,0,1,0,0,0,0,0,7,2,2,4,0,0,0,0,1,1,1,1,0,0,0,0,0,0,0,0,0,3355969792,0,1359085568,5,5,6,42,17,14,12,19,22212,19937,14609,14569,19658,22442,32224,3279,407,397,399,2,22392,19919,14919,14919,19919,22392,133,837,248,203,235,426,1,1,1,833,741,555,555,741,833,1,4,662631,0,22,49,7,1,1,3,3,3,4,0,1,1,1,1,1,1,1,0,0,592072,1,1,0,32228,13,12,12,11,3,5,1,1,0,32235,13,13,14,14,3,5,700,2705,3291,3293,4996,11975,498,0,80,205,235,315,50,90,680,1825,0,0,0,0,0,0,0,-500,1100,3279,-712,-850,0,1,0,0,0,0,0,0,0,500,1500,3261,500,500,0,3,0,0,0,0,0,0,0,0,0,3700,800,3250,2400,1300,0,0,0,0,0,0,0,0,0,0,0,0,0,0,0,0,0,0,0,1600,2800,11943,1000,1400,2800,11917,900,1600,2800,12006,1000,1200,2800,11963,700,0.000000,0.000000,27.802475,1.262015,84.506332,5.122087,0.000000,0.000000,0.000000,0.000000,0.000000,0.000000,6,1,1,1,1,1,0,1,0,1,0,0,0,0,0,1,0,0,0,0,0,0,0,0,0.000000,0.000000,0.000000,0.000000,0,1,13,65535,1,0,1,13,6,0,1785970471,0,3,3,15,8,9,7,3,6,14,102,1,1785970471,160339355,0,0.000000,0.000000,0.000000,0.000000,0.000000,0.000000,0,0,0,0,0,4,1785970471,0,-0.055000,-0.102500,0.062500,0.000000,0.000000,0.000000,1,1785970471,0,-600,2285,-156,0,0,0,1,1785970471,0,1048.088867,-1052.510376,929.629883,-967.921448,15,1785970471,0,35,1,0,0,0,0,0,0,0,0,0,0,0,0,1785970471,0,-11,59,5,7,0,0,0,0,0,0,0,0,0,0,0,0,1,1785970471,0,-3501,-2533,746,-3032,-1922,-38,9436,534,-1155,76,2,6,8,1,1,5,-0.000000,0.000000,-0.000000,-75,38,0,0,0,1,0,0,0,6,1785970471,0,0.062500,-0.102500,0.055000,0.000000,0.000000,0.000000,0.000000,0.000000,0.000000,0.000000,0.000000,0.000000,1
1,0,3,237,237,15,240,4,4,29352,1785999891,0,2,0,0,1785970464,1785957740,1,37336,7,8,61,3,14141,181912,0,0,0,0,01,0,283,286,0,0,0,0,0,2,330,1785970479,662630,2,0,253,239,-121,-5413,189379,6478,46421458,107510,4,0,158323,143,173,257,255,2299002880,12417,184549908,2049825441,26368,8984,-9216,32512,64,0,4352,251725056,42,49,6,48,18,163,-20,0,-12,6,4,6,9,0,0,0,0,32189,32177,259,32184,274,0,0,0,0,1,1,0,1,1,1,0,1,0,0,0,1,1,405,403,256,4,662644,512,4,0,1,0,0,0,0,0,0,0,0,0,0,0,0,0,32199,-122,-191,32198,0,0,7,2,2,1,4,6,0,0,1,1,1,1,1,1,0,0,1,0,0,0,0,0,592063,0,5993,5,5,13,204,3,3,389,61,310,106,71,1,0,-10,-2,3361,12044,3375,5020,3390,5023,137,920,0,3277,32189,445,1,1,1,1,1,1,1,1,1,0,0,0,1,3,662636,768,4,6,0,0,0,0,0,0,0,0,7,2,2,4,0,0,0,0,1,1,1,1,0,0,0,0,0,0,0,0,0,3221752064,0,1359085568,5,5,4,-9,-1,3,-2,-1,0,2,-4,0,592,0,0,0,0,591,0,0,3280,32208,430,0,0,0,0,0,0,0,0,0,0,0,0,1,3,662640,768,4,0,0,0,1,0,0,0,0,0,7,2,2,4,0,0,0,0,1,1,1,1,0,0,0,0,0,0,0,0,0,3221752064,0,1359085568,5,5,6,39,17,14,12,18,22198,19895,14609,14597,19658,22414,32224,3279,407,398,399,2,22392,19919,14919,14919,19919,22392,133,775,248,204,235,403,1,1,1,833,741,555,555,741,833,1,4,662639,0,22,49,7,1,1,3,3,3,4,0,1,1,1,1,1,1,1,0,0,592064,1,1,0,32228,13,12,12,11,3,5,1,1,0,32235,13,12,14,14,3,5,800,2610,3302,3298,4983,11937,498,0,80,205,235,315,45,85,680,1820,0,0,0,0,0,0,0,-500,1000,3266,-702,-850,0,1,0,0,0,0,0,0,0,500,1500,3272,500,4200,0,3,0,0,0,0,0,0,0,0,0,3700,800,3258,600,0,0,0,0,0,0,0,0,0,0,0,0,0,0,0,0,0,0,0,0,1500,2800,11960,1100,1300,2800,11928,800,1600,2800,11994,1100,1200,2800,11961,800,0.000000,0.000000,47.253216,2.447683,103.737297,8.133099,0.000000,0.000000,28.351931,1.268955,0.000000,0.000000,22,1,1,1,1,1,0,1,0,1,0,0,0,0,0,1,0,0,0,0,0,0,0,0,0.000000,0.000000,0.000000,0.000000,0,1,13,65535,1,0,1,13,6,0,1785970479,200000000,3,3,15,8,9,7,3,6,14,102,1,1785970479,471435546,0,0.000000,0.000000,0.000000,0.000000,0.000000,0.000000,0,0,0,0,0,4,1785970479,200000000,-0.012500,-0.115000,0.070000,0.000000,0.000000,0.000000,1,1785970479,200000000,-555,2296,-93,0,0,0,1,1785970479,200000000,1082.283569,-1049.281250,904.341858,-962.987732,15,1785970479,200000000,35,1,0,0,0,0,0,0,0,0,0,0,0,0,1785970479,200000000,-15,55,5,7,0,0,0,0,0,0,0,0,0,0,0,0,1,1785970479,200000000,-3503,-2473,769,-3038,-1866,-4,9445,537,-1155,75,2,5,4,2,0,1,-0.000000,0.000000,0.000000,-66,30,0,0,0,1,0,0,0,6,1785970479,200000000,0.070000,-0.115000,0.012500,0.000000,0.000000,0.000000,0.000000,0.000000,0.000000,0.000000,0.000000,0.000000,1
1,0,3,237,237,15,240,4,4,29342,1785999891,0,2,0,0,1785970464,1785957740,1,37336,7,8,61,3,14141,181912,0,0,0,0,01,0,284,287,0,0,0,0,0,2,330,1785970489,662640,2,0,255,243,-119,505,189383,6478,46422446,107510,4,0,158323,143,173,257,255,2282225664,12417,251658772,2049825445,17152,8984,-9216,-23296,83,2,46850,2348877056,42,49,6,45,18,269,-20,0,-9,6,4,6,6,0,0,0,0,32128,32162,259,32169,274,0,0,0,0,1,1,0,1,1,1,0,1,0,0,0,1,1,405,403,256,4,662652,512,4,0,1,0,0,0,0,0,0,0,0,0,0,0,0,0,32168,-121,-299,32184,0,0,7,2,2,1,4,6,0,0,1,1,1,1,1,1,0,0,1,0,0,0,0,0,592055,0,5992,5,5,12,311,3,3,392,55,241,753,71,-2,0,-13,-2,3361,12044,3375,5005,3390,5023,137,920,0,3277,32174,445,1,1,1,1,1,1,1,1,1,0,0,0,1,3,662645,768,4,6,0,0,0,0,0,0,0,0,7,2,2,4,0,0,0,0,1,1,1,1,0,0,0,0,0,0,0,0,0,3070757120,0,1359085568,5,5,7,-9,-1,3,-2,2,-3,2,-1,0,562,0,0,0,0,561,0,0,3280,32193,430,0,0,0,0,0,0,0,0,0,0,0,0,1,3,662648,768,4,0,0,0,1,0,0,0,0,0,7,2,2,4,0,0,0,0,1,1,1,1,0,0,0,0,0,0,0,0,0,3087534336,0,1359085568,5,5,6,36,17,14,12,18,22226,19909,14595,14569,19644,22428,32193,3279,407,398,400,2,22392,19919,14919,14919,19919,22392,133,716,248,203,235,403,1,1,1,833,741,555,555,741,833,1,4,662647,0,22,49,7,1,1,3,3,3,4,0,1,1,1,1,1,1,1,0,0,592056,1,1,0,32228,13,12,12,11,3,5,1,1,0,32235,13,12,14,14,3,5,700,2610,3299,3302,5000,11925,498,0,85,205,235,315,45,85,680,1825,0,0,0,64,0,0,0,-400,1000,3276,-691,-850,0,1,0,0,0,0,0,0,0,500,1500,3272,500,500,0,3,0,0,0,0,0,0,0,0,0,3700,800,3260,600,0,0,0,0,0,0,0,0,0,0,0,0,0,0,0,0,0,0,0,0,1500,2800,11954,900,1300,2800,11924,1000,1600,2800,11985,1400,1100,2800,11952,900,0.000000,0.000000,47.363110,2.455780,114.176964,13.050440,0.000000,0.000000,28.351931,1.267798,0.000000,0.000000,22,1,1,1,1,1,0,1,0,1,0,0,0,0,0,1,0,0,0,0,0,0,0,0,0.000000,0.000000,0.000000,0.000000,0,1,13,65535,1,0,1,13,6,0,1785970487,600000000,4,4,15,9,9,7,3,6,16,102,1,1785970487,773529052,0,0.000000,0.000000,0.000000,0.000000,0.000000,0.000000,0,0,0,0,0,4,1785970487,600000000,0.012500,-0.120000,0.065000,0.000000,0.000000,0.000000,1,1785970487,600000000,-513,2317,-51,0,0,0,1,1785970487,600000000,1094.781006,-1050.847900,892.196655,-962.523438,15,1785970487,600000000,35,1,0,0,0,0,0,0,0,0,0,0,0,0,1785970487,600000000,-11,49,5,7,0,0,0,0,0,0,0,0,0,0,0,0,1,1785970487,600000000,-3502,-2419,772,-3038,-1821,13,9454,539,-1154,73,2,5,2,1,0,-2,0.000000,0.000000,0.000000,-56,21,0,0,0,1,0,0,0,6,1785970487,600000000,0.065000,-0.120000,-0.012500,0.000000,0.000000,0.000000,0.000000,0.000000,0.000000,0.000000,0.000000,0.000000,1
1,0,3,237,237,15,240,4,4,29332,1785999891,0,2,0,0,1785970464,1785957740,1,37336,6,9,61,3,14141,181912,0,0,0,0,01,0,285,288,0,0,0,0,0,2,330,1785970499,662650,2,0,256,241,-122,-5941,189383,6478,46422446,107510,4,0,158323,143,173,257,255,2282225664,12417,251658772,2049825445,17152,8984,-9216,32000,63,0,3840,234947840,45,49,3,48,18,166,-20,0,-12,6,4,6,6,0,0,0,0,32189,32177,259,32184,274,0,0,0,0,1,1,0,1,1,1,0,1,0,0,0,1,1,405,403,256,4,662660,512,4,0,1,0,0,0,0,0,0,0,0,0,0,0,0,0,32199,-121,-198,32203,0,0,7,2,2,1,4,6,0,0,1,1,1,1,1,1,0,0,1,0,0,0,0,0,592047,0,5993,5,5,10,208,3,3,401,58,280,106,71,1,0,-13,1,3361,12044,3375,5020,3390,5023,137,920,0,3277,32189,447,1,1,1,1,1,1,1,1,1,0,0,0,1,3,662653,768,4,6,0,0,0,0,0,0,0,0,7,2,2,4,0,0,0,0,1,1,1,1,0,0,0,0,0,0,0,0,0,2936539392,0,1359085568,5,5,4,-9,2,3,-2,-1,0,2,-1,0,532,0,0,0,0,530,0,0,3278,32223,427,0,0,0,0,0,0,0,0,0,0,0,0,1,3,662656,768,4,0,0,0,1,0,0,0,0,0,7,2,2,4,0,0,0,0,1,1,1,1,0,0,0,0,0,0,0,0,0,2936539392,0,1359085568,5,5,6,33,17,14,12,18,22184,19895,14609,14597,19644,22414,32224,3279,407,398,400,2,22392,19919,14919,14919,19919,22392,133,656,248,204,235,403,1,1,1,833,741,555,555,741,833,1,4,662656,0,22,49,7,1,1,3,3,3,4,0,1,1,1,1,1,1,1,0,0,592047,1,1,0,32228,13,12,12,11,3,5,1,1,0,32235,13,12,14,14,3,5,800,2615,3295,3293,4996,11962,498,0,80,205,235,315,45,90,680,1825,0,0,0,0,0,0,0,-400,1000,3274,-682,-850,0,1,0,0,0,0,0,0,0,500,1500,3269,500,500,0,3,0,0,0,0,0,0,0,0,0,3700,800,3258,2300,0,0,0,0,0,0,0,0,0,0,0,0,0,0,0,0,0,0,0,0,1600,2800,11956,1000,1400,2800,11904,1100,1600,2800,11972,1400,1200,2800,11918,1000,0.000000,0.000000,47.253216,2.455780,114.286858,13.041186,0.000000,0.000000,28.242039,1.271268,0.000000,0.000000,22,1,1,1,1,1,0,1,0,1,0,0,0,0,0,1,0,0,0,0,0,0,0,0,0.000000,0.000000,0.000000,0.000000,0,1,13,65535,1,0,1,13,6,0,1785970495,800000000,3,3,16,9,9,7,3,6,16,102,1,1785970496,92010498,0,0.000000,0.000000,0.000000,0.000000,0.000000,0.000000,0,0,0,0,0,4,1785970495,800000000,0.012500,-0.117500,0.060000,0.000000,0.000000,0.000000,1,1785970495,800000000,-484,2332,1,0,0,0,1,1785970495,800000000,1097.609375,-1051.129517,889.071045,-963.594604,15,1785970496,1000000,35,1,0,0,0,0,0,0,0,0,0,0,0,0,1785970496,1000000,-22,40,5,7,0,0,0,0,0,0,0,0,0,0,0,0,1,1785970496,1000000,-3501,-2365,763,-3035,-1779,20,9463,541,-1154,72,3,5,2,2,0,-2,0.000000,0.000000,0.000000,-43,38,0,0,0,1,0,0,0,6,1785970496,1000000,0.075000,-0.115000,-0.012500,0.000000,0.000000,0.000000,0.000000,0.000000,0.000000,0.000000,0.000000,0.000000,1
